fg3m,fg3_miss,fg2m,fg2_miss,ftm,ft_miss,orb,drb,ast,tov,stl,blk,pf,season,share,gs_pct,age,pts,fga,fta,fg3a,usage,bigness,reb,stocks,creation,shotmix,efg,ts,p3r,ftr,fg3p,fg2p,ftp,astr,tovr,orbsh,q2,q3,m2,m3,xps,mpts,unast,russ,blkrim,loose,techflg,stolen,offoul,unastsh,russsh,blkrimsh,blk3sh,stolensh,Max_Shadow,Min_Shadow,Mean_Shadow,Median_Shadow
0.0,0.0,0.0,0.0,0.0,0.0,0.0,0.0,0.0,0.0,0.0,0.0,0.0,0.0,0.0,0.0,0.0,0.0,0.0,0.0,0.0,0.0,0.0,0.0,0.0,0.0,0.0,0.0,0.0,0.0,0.0,0.0,0.0,0.0,0.0,0.0,0.0,0.0,0.0,0.0,0.0,0.0,0.0,0.0,0.0,0.0,0.0,0.0,0.0,0.0,0.0,0.0,0.0,0.0,0.0,0.0,0.0,0.0,0.0
-0.2890990679811044,0.08090737133997603,-0.38754536115614174,-0.08522977072490441,-0.19717309474509362,-0.38754536115614174,-0.2130010073550689,1.1657034868738982,-0.14657540730110885,-0.31661601642977494,0.032843308336415404,-0.363935376796325,1.3158853666318777,-0.1725448897337549,1.2851828022892327,5.244886405536958,1.4486556182672843,0.2776618827541099,2.3085226575245397,-0.38754536115614174,-0.38754536115614174,-0.30151778989704936,-0.02724053712028086,-0.27493377902985616,7.988996414254809,0.08024743410226093,-0.28564869755795236,-0.30149629467253597,-0.2781554491490566,-0.21024930393850236,-0.29842215418567153,-0.22798738367995133,-0.08266736440560343,-0.23645359039523894,0.48454607569031155,-0.06040071939989504,-0.14258598129999792,-0.05552311344197381,-0.06754612655379659,-0.2181715130342784,-0.2765513269152545,-0.1271711207565215,-0.33569530710098794,0.12166028981372616,-0.08050890549503958,0.020205801663427257,0.03925383042972661,-0.16648792565857304,-0.1981995095115664,-0.20867835559043751,-0.3306274517864746,-0.03120317886650758,-0.2809340163939071,0.4313881010325319,-0.1278170398209028,-0.09496226287468457,-0.38754536115614174,-0.2501693970034831,-0.24853104757054767
-0.3899198556246521,0.03338228070887562,-0.34216969385976087,0.006576441153070687,-0.29088061799499865,-0.2452542911827222,-0.3714117409867834,0.9534969167413124,0.04615056445397112,-0.3572511158625602,0.019207306283623635,-0.38344117314816895,1.4431330051420896,0.08759340571765391,1.414773184112223,5.242895773994832,1.6393830054481886,0.23783022577057128,2.171413477952932,-0.2927193535072441,-0.24388360853762445,-0.2602713198354435,0.09067248173652209,-0.33305001924200256,7.971154886063144,-0.035905114732303095,-0.3344813014121622,-0.37289838849063656,-0.29661318308575985,-0.34223196661261956,-0.28247323901384325,-0.17382099153784436,-0.19627104707877988,-0.27466382403549017,0.3035633039835492,-0.03119562469573848,-0.24541203883197552,-0.12141861341261243,-0.15345160830622545,-0.3256647658020923,-0.21802579591366084,-0.06632498603743087,-0.3311428633435984,0.09112760714844599,-0.007288070951178633,-0.14913433224517864,-0.14493905653019698,-0.14249112356169077,-0.31427544888489994,-0.2367395517453571,-0.2609727312621626,-0.058529879293809095,-0.3184389851934556,0.46471989819927706,-0.2337427531924131,0.10039613761544239,-0.3614800742229735,-0.237059521629549,-0.2497821805691611
-0.26127968120310635,0.0025625274058630057,-0.27697648331257285,-0.10293453679715492,-0.20159159263994497,-0.3373318250803137,-0.3373318250803137,1.1205769301596449,-0.18711039574048055,-0.3373318250803137,0.06223064917095602,-0.2784668808520947,1.2260118239600726,-0.16404841034304174,0.7237317471158681,5.236582480216566,1.4979629223523858,0.1857033079005324,2.421182678042036,-0.3373318250803137,-0.20967059023163753,-0.1599024201391934,-0.011824045860386143,-0.2028361835804436,8.078726732928198,-0.009334780494286309,-0.23238636742053537,-0.2622213302214797,-0.2312069103252606,-0.23871920402151292,-0.20378457903144886,-0.14856074136654795,-0.14317554495058024,-0.24712615872322627,0.3026331646628828,0.010309981659244488,-0.19844429532175914,-0.14883435485370236,0.037010495186404854,-0.2562461410291521,-0.20081288025016825,-0.1402809212672254,-0.2611163504126845,0.06293695112902671,0.041997115415434924,0.04120496980258892,-0.10295734212422517,-0.24642024136163368,-0.3373318250803137,-0.09135761352110695,-0.24241895343905848,-0.10915785527172223,-0.26891227073432306,0.26852460320791643,-0.025458898577671134,0.06385734100592484,-0.3373318250803137,-0.24668463635444882,-0.2601819078881178
-0.3263894817543657,0.004956367646057808,-0.36468610645452315,-0.12651666545495785,-0.1949965010493439,-0.21944511941945086,-0.2880898032236881,1.067410269461626,0.04800565649050492,-0.35208496240150666,0.12196242985290429,-0.3723824566947561,1.2867334890062,0.20011922663596898,1.3372743925702886,5.366588751246875,1.75941144158683,0.27606236345433277,2.307425238200567,-0.3321710788280132,-0.32506108948689255,-0.3382154321135583,-0.04909953874431797,-0.31234810437677646,7.841582103913183,-0.1331543209573187,-0.2899438791434359,-0.3609768808134955,-0.23475859296831153,-0.22416486365966862,-0.2760043250512922,-0.14058541390788376,-0.2644937203597321,-0.22258290669146713,0.4387879277514631,0.028178107829628627,-0.08475256285694624,-0.1840615610964533,-0.05650963112554092,-0.2562989001167649,-0.31507442778547606,-0.13719616059920745,-0.35394022229021455,0.1207932849648667,-0.05074317535241966,-0.03317045767856111,-0.16181079217731012,-0.2379549663860851,-0.3396856528605558,-0.26714547111320847,-0.30401351827168976,0.011697886480562882,-0.2546670544189646,0.49043420490762857,-0.17156842611303852,-0.07416396851413098,-0.38310859774223277,-0.2500123439673144,-0.24469714571605106
-0.24807874654240678,0.07701979958289851,-0.2772053480468399,0.038930807005654086,-0.22687162930363838,-0.24247377142344434,-0.3107844130754811,0.9237198406996238,0.061333093283968944,-0.30476963544516444,0.1187366731608096,-0.3206977482667798,1.4316417120678688,0.04573889630305287,0.9593950317099182,5.643653849375946,1.6024771362896926,0.16347157880281443,2.050488300539373,-0.3106274776720244,-0.4123994091210238,-0.16612218943937254,0.077001149927194,-0.2646767015572473,7.812000528823643,-0.10696779735748153,-0.28685454063702825,-0.3632996934872082,-0.30375459731319915,-0.4123994091210238,-0.23603816323960986,-0.15730890422094723,-0.2600822487270012,-0.2514419767889288,0.4421239206730852,0.12504738936653645,-0.16539709221661564,-0.15462289793460046,-0.04501764925492007,-0.2615674523357431,-0.30774671174471635,-0.1421817823207751,-0.2786899461055715,0.1595350699109887,-0.06462562519050401,-0.03186127285138521,-0.20021073453224783,-0.2526574233366808,-0.310539775055173,-0.25416401103888836,-0.29546427161753774,0.027712464593614983,-0.30955481670030016,0.35250249832182773,-0.2953059380059008,0.07456821811527035,-0.3857890151037375,-0.2414557807165655,-0.27007209104984214
-0.3692675637389366,-0.14471439063358427,-0.3806475574308068,-0.12610556091633177,-0.2410482801562972,-0.3240373279408979,-0.29396798489814685,0.9472677604206824,0.29614010029429727,-0.2579717094172919,0.06051923608447478,-0.32308342567890824,1.3907487009248445,0.19348158756129527,1.4627383786874428,5.327194871671523,1.7985932843593586,0.17383881556164474,2.2220761610147157,-0.3390966733211364,-0.3026072178449168,-0.3331231865093069,0.07328929340936939,-0.3430792277547433,7.853692191516636,0.143598348612589,-0.3396302931206283,-0.4173573756922822,-0.28914851772575906,-0.26166108019074913,-0.3304608111426822,-0.1721357413251981,-0.16168895138584474,-0.2370184013565317,0.1746025065124066,0.19608104571152374,-0.15078969760597546,-0.026647451588795123,-0.07054743669173887,-0.2654417024503866,-0.29364396997738074,-0.23378142716266792,-0.39762105844101,-0.06162955255172934,-0.2238010513189234,-0.03465831947637059,0.057942795901534526,-0.20263784692636505,-0.2794811286794311,-0.31029240203642766,-0.2046171520277843,0.12183269683098792,-0.31054021171460083,0.40521469356246903,-0.23485003083455314,-0.02442222611186958,-0.3656210090868159,-0.24745492274495745,-0.252550967612803
-0.2497338679744997,0.04216782096126034,-0.37600070086965937,-0.030943064769158122,-0.208664554393712,-0.32689818216797295,-0.26582161912766,1.071262383706183,-0.03776374211616967,-0.37600070086965937,0.2254742970496429,-0.2844902762165676,1.0226871187682807,0.12724974571000347,0.7487156323624627,5.438663302671345,1.4109467625537537,0.2926532333144825,2.431715511934892,-0.23250550509163875,-0.23345842230793282,-0.3041062158776022,-0.05368395919666998,-0.1787443245360477,7.950924448912977,-0.03750926292698664,-0.2994047080261399,-0.19113758248499607,-0.3414262992323637,-0.3467470195201612,-0.25226754496378667,-0.10196429214339874,-0.13841067631750026,-0.2575396768792895,0.35106020406505883,0.04542673481416978,-0.14597145631435288,-0.002412927060072583,-0.020777899505302105,-0.37600070086965937,-0.2711002624079199,-0.10638594244743299,-0.3293676135251609,0.274385162107276,-0.025058506192898546,0.08626638636201336,-0.0072294287815583514,-0.21739244977617503,-0.20798415930979683,-0.23760305603470006,-0.2659651338802452,-0.06736529428504269,-0.37600070086965937,0.44516677744392086,-0.17886717895345472,-0.07591091332630677,-0.37600070086965937,-0.25461928390026767,-0.25965570600130317
-0.3586484830155523,-0.0017394111063286238,-0.23068969150317079,-0.23698915815765983,-0.21403490290500846,-0.29780653422221226,-0.25188063855022613,1.1000041025386083,-0.05524933371606596,-0.33040595414824586,0.09057462699890619,-0.30757792842235293,1.1411800420425473,-0.04955365780497129,0.8813635490889982,5.400861794015542,1.4126989603909081,0.352279815600042,2.425792191286531,-0.30684343497637045,-0.17183492943565004,-0.26622456080257006,0.01255522071173715,-0.313151452543855,7.972460226720998,-0.08296976068756816,-0.3586484830155523,-0.2307605780970105,-0.33026702194204455,-0.25151682829263367,-0.27783706759511456,-0.1832990184456314,-0.26895677744237717,-0.20043509070721446,0.30715939817606014,0.14949051107940284,-0.18475673751901964,0.06658544872445879,-0.0552074133822272,-0.3586484830155523,-0.2620982461135604,-0.1803646440580303,-0.2810559642237108,0.1331916238762606,0.1298767909162067,-0.07504981567815462,-0.06852986281217685,-0.16725340232637034,-0.26811241856648654,-0.21257414733477617,-0.17740846575872293,-0.06452188227532124,-0.2752261879980751,0.25354959759436474,-0.25184822555517533,0.023860703071050555,-0.3586484830155523,-0.24308449646561486,-0.2582101982403679
-0.2983706367372578,0.0840007454714568,-0.20582044615815623,-0.08211151490303172,-0.24958635068852622,-0.2138357514366335,-0.2633147507948539,1.104737728644262,-0.051036173510168675,-0.3022725926937788,0.03724395339082918,-0.2959465834880019,1.3553518350694511,0.17425028838973192,1.0657154041817882,5.173430573770688,1.5089898537975193,0.2735124801629701,2.288398194908963,-0.22499718266662302,-0.21597792141162014,-0.19745821647169803,0.04724079560495385,-0.30750471943610624,8.07281960040137,0.005451770936983001,-0.2615253105024941,-0.2734899233693863,-0.3671471304771353,-0.2899654200663019,-0.22946312660553184,-0.21552882944507243,-0.18797198620405856,-0.15083086261534664,0.3735485702890221,-0.08236468730055904,-0.05275702246248456,0.030066360901799174,-0.007394121881600844,-0.27422114698362327,-0.2702840211475215,-0.24929631113923834,-0.30705642545638345,0.16087024026607405,-0.016379052714778134,-0.08685652262678172,-0.18404670110283894,-0.1676382628939345,-0.23085437970612224,-0.2136981949096126,-0.2851445482813995,-0.08846806380795263,-0.2503486884105706,0.4588507050040058,-0.27039874972629946,-0.12930061217439595,-0.3671471304771353,-0.25987485038106156,-0.27469510698745037
-0.20151760603489816,-0.08572516074805235,-0.366248643746272,-0.03969539581640869,-0.15097694755439742,-0.3076165891823573,-0.23147289662969073,1.0131756905328408,-0.1004761449105601,-0.3057498776185576,0.13658971978199047,-0.3027225885658966,1.1333550215417265,-0.19964441131992552,0.5845081978675333,5.6530490207688,1.3350444375598587,0.2627261957066228,2.358557793420637,-0.2963340806076888,-0.06506201264687417,-0.26219577200486693,0.04084496250069098,-0.21480828629645402,7.8504297772936384,-0.1360732908176754,-0.33019347913511965,-0.24733119924752817,-0.366248643746272,-0.157034252038328,-0.28581325815448516,-0.21432057496768456,-0.22913305768981584,-0.21881445717355327,0.33492974324844743,-0.004915840404036457,-0.14449855378152296,-0.24770416426650343,0.005690382298814109,-0.31026254311639995,-0.21769836730932132,-0.146426090612327,-0.33157657379498595,0.34914382252497733,0.09191919819271234,0.005588314521173262,-0.06401585227524915,-0.25857468578119375,-0.31058672036000934,-0.2592686649164123,-0.3084979996035333,0.025715991818524783,-0.2859560537091644,0.37256576114157064,-0.28612995842624495,0.25348078571720695,-0.366248643746272,-0.2375002424674597,-0.25534818448284136
-0.3406202553565933,-0.1226849727497276,-0.31890070651343944,-0.15048003251494374,-0.313579534157797,-0.33759212096563246,-0.3210096891258428,0.8456470638961223,0.07008018512209285,-0.3437153668619242,0.0052708284865581635,-0.29162455392501396,1.3750000575335244,0.14013267325499063,1.3904992886749492,5.357386206703248,1.7925931285179628,0.12390922501791894,2.1150666461616328,-0.2593416005791874,-0.27727317456898337,-0.1518753184626332,0.12964656854454723,-0.3196124377357707,7.90540965611723,-0.030196294364894773,-0.37341469255577153,-0.2973712803661596,-0.3425956955276735,-0.31608859075831724,-0.3027914588183936,-0.1083660300808455,-0.2891914112344612,-0.18545331514200578,0.43883077918932595,-0.0029284667258651534,-0.1578984017640439,-0.20398688967720016,-0.05780069503954344,-0.2597966226845558,-0.17542057334840666,-0.049361057814495006,-0.30309751919933503,-0.038924858149606945,-0.19363564296558922,-0.1353893442146114,-0.24782767213065357,-0.23071620344328184,-0.41489589564933127,-0.3007332190717959,-0.1295008687158516,0.004060177014717777,-0.3285427703773563,0.43950646209077543,-0.2555047806397915,0.061184649956552636,-0.3805830850503386,-0.23369634422451407,-0.2590861956233712
,-0.08729027997983976,,-0.1277386743268417,,,,0.5407658270096595,-0.2025384187963644,,-0.040438034890992756,,0.6849902361093031,-0.2165921964152752,0.42343792987265866,3.745928146582022,0.7758528087212906,0.1619523340347868,1.4135065768154633,,,,-0.23531372170318354,,5.610152915848046,-0.28497546856592837,,,,,,,-0.29299530182204153,,0.08084449144363622,-0.18721196737469797,-0.31310458576882993,-0.22173256552909187,-0.1690318273911872,,,,,-0.028993700010547414,-0.21604204228005372,-0.2037401805067519,-0.1974507896716533,,,,,-0.3330583011811943,,0.2690758508574071,,,,-0.3832688541140668,-0.3896633612043193
,-0.14991960534262483,,-0.31488835322899733,,,,0.5947034685195504,-0.27822784995248334,,-0.046983993253442706,,0.8476997121450169,-0.2304269010316753,0.4790834327947253,3.7946268746518625,0.8193332693987762,0.24383664581886944,1.2777065629977813,,,,-0.14672145823031338,,5.560969800255891,-0.31044461237559123,,,,,,,-0.3194032178181324,,0.04349169720154926,-0.2234182760296721,-0.36174420314556877,-0.22600057247826266,-0.16424821335653422,,,,,0.11601088625398792,-0.11451402890374777,-0.26780997637152726,-0.3183151290122513,,,,,-0.31317667996533427,,0.20532834303503494,,,,-0.37764991194729225,-0.3874558059177255
,-0.13942296553166697,,-0.18337609438024757,,,,0.39867987392034404,-0.19176028631433634,,-0.07469128362950682,,0.9612066894760191,-0.18805051463577954,0.6885147725066105,3.642574771860988,0.8494456568740059,-0.014007827128850524,1.2897337716766157,,,,-0.21802750091454026,,5.268564036519256,-0.19473171589957397,,,,,,,,,0.06875578640834386,-0.17073874209496034,,-0.30561454035908875,-0.14456670682599676,,,,,-0.07898390547854581,-0.20261877947864784,-0.3371936108143737,-0.21991058393635732,,,,,-0.2737359535061187,,0.09465235129841634,,,,-0.4129878679844805,-0.4278705214582314
,-0.08630546788852914,,-0.22221917591527798,,,,0.4825766435865839,-0.234647753884272,,-0.01429156350816307,,0.942262003089303,-0.2543599159076553,0.5925810143732554,3.6552356343095975,0.870877309706651,0.017485078168827915,1.2871546985593594,,,,-0.25212282221424076,,5.2668925439115375,-0.2629727803316561,,,,,,,,,-0.012610455089003257,-0.2313212468832698,,-0.18713304707228423,-0.23096442569163114,,,,,-0.0020905611838202007,-0.18728274286549554,-0.1773096295084432,-0.2149754701198646,,,,,-0.3124888239379854,,0.08453290870943425,,,,-0.41266007809651817,-0.4285944461084597
,-0.0996049553449993,,-0.3167564266645899,,,,0.5068919082400861,-0.24079455441948197,,-0.018755540983009394,,0.9142001483936065,-0.12335413626017473,0.7245764353548539,3.6389613945110018,0.9624378599500272,-0.16153946659270071,1.3665495947359838,,,,-0.31395089043067254,,5.202419821009778,-0.21303605121509642,,,,,,,,,0.07975256012976953,-0.1639819092237579,,-0.15082881188782946,-0.2299821389075078,,,,,-0.018915984225086745,-0.2814987671560453,-0.38424117427604576,-0.3425073389302533,,,,,-0.2052446410276017,,0.24743935282593565,,,,-0.41512945150424746,-0.4233441278667393
,-0.012700212470953088,,-0.2004369148036956,,,,0.5410818800577959,-0.2416180166648029,,-0.03090548582949416,,1.072648124779419,-0.18250593103327117,0.4334794667058266,3.6010668515648003,0.826503034080935,0.08775791801529596,1.3600375058492344,,,,-0.2850842937776849,,5.2606959775980195,-0.3849875525770755,,,,,,,,,0.0577946563948661,-0.2812324461071297,,-0.20425519304456985,-0.11823601354183064,,,,,-0.07447059123879708,-0.0815280044091451,-0.2735805682840136,-0.38229041408785747,,,,,-0.2701615049597332,,0.08810969854985756,,,,-0.41220727883064,-0.42269935252232727
,-0.02831894400480194,,-0.06890222781296985,,,,0.5280866219702341,-0.4069372557157238,,-0.03156557097649117,,0.8562975477496502,-0.18954006692045988,0.5835671247333086,3.6503941578569026,0.810418085500772,0.06722715484643167,1.1630287004086237,,,,-0.2948885636642367,,5.3031993650728175,-0.25827123941456354,,,,,,,,,0.12799964297928423,-0.15481754157756367,,-0.2788012761134562,-0.23046405320956678,,,,,-0.0006493997242657491,-0.15842467032949636,-0.2554412442950979,-0.2789977797059329,,,,,-0.30146565473867865,,0.1618215542501701,,,,-0.41258217868659564,-0.42036714616846216
,-0.17595818880763858,,-0.23913150552002638,,,,0.3828874009434183,-0.1885960904438269,,-0.0035940835332478097,,1.1268643967127292,-0.20399541861485526,0.565329873954262,3.6363892350267615,0.8571882038167282,-0.04670234115086434,1.329125925394503,,,,-0.3133728587660776,,5.2343035032296354,-0.1512387644229101,,,,,,,,,0.033953289834002864,-0.16780623405807651,,-0.18979322675226815,-0.2097452615476257,,,,,-0.10891022352532405,-0.1505715828368483,-0.2647605634168636,-0.17774113672251768,,,,,-0.26897743295397314,,0.22442251093297452,,,,-0.4211827770708829,-0.42197754175360547
,-0.1431583893020722,,-0.32269437327471595,,,,0.3761736645336849,-0.11335825675332813,,-0.0870485913505915,,0.8490907868818591,-0.09900083501079247,0.7823955503603003,3.6334023078870623,0.9235754739566864,-0.11198202106258821,1.31748120458503,,,,-0.3116858735714937,,5.2574444038619585,-0.13987186407744134,,,,,,,,,-0.05099714942815318,-0.15707406438367225,,-0.191625888384889,-0.2674396530720944,,,,,-0.04555330998249349,-0.1933871042537632,-0.2909898262266386,-0.16554740125516718,,,,,-0.30068448399231185,,0.1630770062285797,,,,-0.41242165251651813,-0.4299828619450384
,-0.2231799114575736,,-0.28912615597593333,,,,0.46907472890711227,-0.2631669571806175,,-0.012177738214658736,,0.8352461845534256,-0.17697903068183654,0.49368010301028664,3.7123273387381945,0.9670969824754732,-0.11246416829444891,1.4156786700172233,,,,-0.014079605128106258,,5.174067380685621,-0.11283688056024826,,,,,,,,,0.16658689403775745,-0.24868442439868713,,-0.1710425071886841,-0.1922318552094774,,,,,-0.12801020507005081,-0.018094835725044937,-0.32514045976209954,-0.15150166339939947,,,,,-0.3004702890953547,,0.19998373806483072,,,,-0.4277822133259081,-0.4255491129658142
,-0.1605824330994909,,-0.1222306576889771,,,,0.45999001155537755,-0.2719373492991529,,-0.12327189397327075,,0.5932787937288712,-0.3551263455573668,0.3376434874670575,3.5496987973548113,0.5887188228928902,-0.05284532865486397,1.2731679633582524,,,,0.03533204090518793,,5.473368186290417,-0.35489369150487793,,,,,,,,,0.1012875778006588,-0.1182258375817286,,-0.1303314273550829,-0.17633024860686292,,,,,-0.012137516540938044,-0.10636262387438822,-0.2858556465134351,-0.12459567362659203,,,,,-0.29459986820962464,,0.2117094038269368,,,,-0.39739474172375217,-0.41462361040973306
,-0.13337353030274807,,-0.21863841750083696,,,,0.5312651311276841,-0.2059494968922226,,-0.09917645556131927,,0.9000749118966543,-0.24141763241896896,0.49139221405996075,3.596304456711277,0.7761698454622128,-0.09513775490808514,1.4152928034384284,,,,-0.29778343594606255,,5.317975053380786,-0.2698548579949853,,,,,,,,,-0.04901648306663683,-0.18480856828110792,,-0.23514221752909092,-0.21460109383725864,,,,,-0.023098975103204807,-0.0017083781100612984,-0.2571133011138342,-0.261401837366623,,,,,-0.2662089001000762,,0.08329747115241207,,,,-0.40229362204785174,-0.42134896230913327
,-0.08567672962428917,,-0.17416493838263344,,,,0.39098063329158805,-0.38832287791791653,,-0.09696715577482345,,0.7629738912049376,-0.18359135391934928,0.4150405178849132,3.6140239602258926,0.7522318421202164,-0.0027452122115410793,1.327810301848325,,,,0.018160559798904657,,5.361918767997543,-0.30316877192049013,,,,,,,,,0.17484933941336578,-0.2778524781364705,,-0.15761939308831477,-0.2105119938966007,,,,,-0.005111830767733318,-0.183189970767773,-0.25410452749843315,-0.3847861327052968,,,,,-0.2905323527885737,,0.17692202768842846,,,,-0.39986264488295503,-0.41708544427916106
,-0.20730707213375055,,-0.25639355969292205,,,,0.5225106670108598,-0.3403891475441172,,-0.11069763365218098,,0.7344499231753671,-0.3675044984200289,0.47913730703341484,3.5947488090737103,0.77279023346966,0.10422430902771539,1.4415200508657322,,,,-0.2520292416672777,,5.342186725162564,-0.16320054966579856,,,,,,,,,-0.04725120153461415,-0.21414658186380586,,-0.16903787879558402,-0.18454024355488502,,,,,-0.1581971640508523,-0.28830317891930257,-0.11432680992254148,-0.22339362873212176,,,,,-0.1916687713637409,,0.12183420293503829,,,,-0.3930006026496214,-0.4173643671836112
,-0.16165114176213916,,-0.19965889969233896,,,,0.4441296057222629,-0.28966493379533015,,-0.055687102169510304,,0.7976017353578368,-0.17474840211337045,0.42135952893603085,3.7280664860520494,0.8049538561317935,-0.10781899804798806,1.2997369465312651,,,,-0.3260758554902515,,5.277522488127295,-0.31247527638215655,,,,,,,,,0.13284841226754074,-0.14110257344396204,,-0.2529481720688095,-0.206011050084877,,,,,-0.061885909037634676,-0.17945970732582897,-0.1502086177738698,-0.17333607099740725,,,,,-0.28094934675876543,,0.20058488172245797,,,,-0.4013248753561717,-0.40666386163522744
,-0.1343792641958543,,-0.28993729121064926,,,,0.48322156083819806,-0.3034789601634295,,-0.10576399434646115,,0.7996801999988176,-0.10881803776621396,0.33002807388760125,3.7570337279556507,0.8497510648332128,-0.04888381980165818,1.228023279964838,,,,-0.3398220777513907,,5.27927101510763,-0.2507741173489257,,,,,,,,,0.04716767523341754,-0.07019125013641725,,-0.23080925748043293,-0.22561998946297374,,,,,-0.03567729661434036,-0.29650311701436455,-0.21654825007150486,-0.30572258466689567,,,,,-0.26229574605496425,,0.2125321621504265,,,,-0.3904593482353325,-0.4051048168573523
,-0.09388883432909136,,-0.24000047521781218,,,,0.5916920933513066,-0.2655269239471765,,-0.06385860595238857,,0.6507093066170694,-0.24023666513902583,0.37066051143397827,3.4940312250656596,0.7365468281721779,0.04693490302895738,1.6310317654512356,,,,-0.1759645626756708,,5.38404453380677,-0.32976572737111093,,,,,,,,,-0.13593683510110402,-0.17536939386682146,,-0.1943083480588802,-0.12781002130859087,,,,,-0.14973115299912065,-0.1388344496766588,-0.256080227824307,-0.3850066576796548,,,,,-0.25859714733096373,,0.13602589365977502,,,,-0.39243044128434185,-0.393651147739762
,-0.20130507839182896,,-0.32635085770830546,,,,0.4492442851906543,-0.18610858665333244,,-0.009629115414434924,,0.8271880018134993,-0.08696394913395324,0.5611358523936981,3.6480647948515434,0.8557428486655854,0.01211598551767478,1.2536992467777137,,,,-0.15785710815126788,,5.302449168692228,-0.21142883980256533,,,,,,,,,0.07831228733063125,-0.19928875302094679,,-0.16672861637152148,-0.2904082246655875,,,,,-0.06701844125591888,-0.13672198426913615,-0.2987899859466285,-0.3016770268416081,,,,,-0.287642687433542,,0.21300965290527063,,,,-0.41092171476311684,-0.41893159619735193
,-0.10047127395867476,,-0.10963901734250762,,,,0.43710334193026024,-0.20941349531419917,,-0.028997416356393496,,0.9440659376496299,-0.14374795808855986,0.48405593383616174,3.6579369770928474,0.8856946829337041,-0.048789473114416546,1.3008699104839625,,,,-0.30688298925266516,,5.280522754240591,-0.3705363111423266,,,,,,,,,-0.04328874096411691,-0.2546630635821533,,-0.2089083186507457,-0.16454798488924646,,,,,-0.09219410513578051,-0.20212303638284526,-0.2456299436157119,-0.2556293513022299,,,,,-0.2189704329397466,,0.11574525121686381,,,,-0.4040624750940682,-0.4165675966373301
,-0.1759968662826549,,-0.1890475287928069,,,,0.493501467753076,-0.2978394534531924,,-0.13529880494151195,,0.8516383987863201,-0.1959522270644452,0.4093331328993723,3.5097225871820927,0.7772252800889096,-0.014278806898775243,1.4862903133509664,,,,-0.08629636620760378,,5.37923166137035,-0.31119900028164366,,,,,,,,,0.005439189440667676,-0.16927260823063853,,-0.21853442972932868,-0.1997617490689416,,,,,-0.20916919110128396,-0.2202156766255334,-0.28753727111613575,-0.2620019054526395,,,,,-0.2655926824300781,,0.19671466250238095,,,,-0.39484408502787693,-0.394756730428093
,-0.1380687328846839,,-0.1779801578868061,,,,0.510706893646684,-0.2646277374431143,,-0.08233066807411436,,0.8683461877843954,-0.2521004294557053,0.3683912503569666,3.618050393141145,0.7554142072823229,-0.020081917734931388,1.3631724776605696,,,,-0.21404524858591942,,5.3363786302493885,-0.3188961841280933,,,,,,,,,0.03429232953287521,-0.22306451576237002,,-0.23595686218744397,-0.1311051722901415,,,,,0.022048580294385122,-0.17897522070105576,-0.14285081048613402,-0.32193486827871726,,,,,-0.2624260678866627,,0.13638526125303504,,,,-0.40194966469663496,-0.4075224060669948
,-0.050000593415737385,,-0.19727555448335382,,,,0.5355967924438291,-0.4007239413325175,,-0.08866788297946085,,0.868708566582691,-0.32588659561632294,0.4943581744905455,3.5594651865328597,0.7747668376779036,0.06330366136818075,1.3440633887164037,,,,-0.09230007515651738,,5.352893090852709,-0.35965476253101464,,,,,,,,,0.015688645397417288,-0.18676592404133796,,-0.14906611669196054,-0.14870563515930624,,,,,-0.01347191041693426,-0.07487434578243106,-0.2801044702687913,-0.3551481340410689,,,,,-0.2705850086366715,,0.11388915668387976,,,,-0.4051801020077197,-0.4109716866771094
,-0.13765674461165545,,-0.30425644422491877,,,,0.43218438460046454,-0.22841066863771708,,-0.03838457895891684,,0.9887206736280449,-0.043664633202886834,0.6434624984452821,3.7368680315608436,0.9302688350603011,-0.1284116655946552,1.1927918155161872,,,,-0.3385465566754179,,5.188801100416188,-0.10578083367090195,,,,,,,,,0.05131501547420128,-0.10323551539378438,,-0.2301359597945711,-0.28926534370129325,,,,,-0.07729543661898483,-0.2992257721880658,-0.32465786869654206,-0.3318982950044957,,,,,-0.19332853504234918,,0.3425980442714807,,,,-0.4133142218782335,-0.42213492912066414
,-0.12341684544237665,,-0.2093165685544997,,,,0.5128582398969399,-0.1873274208572341,,-0.20618281245402656,,0.8073274519539045,-0.17266940225613162,0.4606889970541501,3.5938635221119113,0.8169239936709196,0.09627539300196761,1.329801007090381,,,,-0.2929494535587484,,5.36841032458014,-0.2160681048375615,,,,,,,,,-0.08029039856857627,-0.1008878550844645,,-0.22867967680242376,-0.27754495349751673,,,,,-0.1595438872554459,-0.26555110237743756,-0.09549033949768083,-0.2815742748831931,,,,,-0.30920731068219787,,0.06613119665110652,,,,-0.39382318877607647,-0.40393375331446835
,-0.04568078711071823,,-0.27617195606920286,,,,0.4119018431351004,-0.2358751044854092,,-0.09619298755741973,,0.7227169575934046,-0.08102522197473383,0.5537284916046488,3.7130161861094844,0.9334709208381267,-0.07974152196818707,1.2401664883333006,,,,-0.09566658537304801,,5.266805043202824,-0.33969428904364896,,,,,,,,,0.14941906285156897,-0.16874037773607992,,-0.13968219048120079,-0.2359904758904685,,,,,-0.01755396238962964,-0.21339136330061229,-0.2858618509196003,-0.15682483476503953,,,,,-0.24254832682227628,,0.1352941570045121,,,,-0.416635092591428,-0.42534667088413886
,-0.2794008219121459,,-0.3617963033260753,,,,0.3580632354723334,-0.2737228951265573,,-0.13748934951905115,,0.7278742978979772,-0.1505928627177823,0.48716191553645927,3.5582995695503183,0.8054661582344341,-0.07414286699272855,1.4577463281242469,,,,-0.19865722772088729,,5.39308102420298,-0.26263244939607555,,,,,,,,,-0.011948571638888518,-0.17572349807511892,,-0.23956270952266148,-0.22442895201805235,,,,,-0.14448564740545544,-0.2569677329842506,-0.2908653624635754,-0.22259270919229535,,,,,-0.3152689770016303,,0.15673479300279422,,,,-0.3729659354003323,-0.38296158735016006
,-0.15679107167935694,,-0.2607995203854437,,,,0.33017732929329124,-0.24652010811723804,,-0.07602168731704896,,0.8190304455431525,-0.17807893909369749,0.6605567542512182,3.6669958874120185,0.9153244786123731,-0.16306206719060504,1.2014016028797345,,,,-0.21993194254029644,,5.306123690060521,-0.1083511323173847,,,,,,,,,-0.004248834578395866,-0.24850594112273586,,-0.2293329255110732,-0.22338668650379118,,,,,-0.0016427868962542401,-0.2576866313643884,-0.3603285376477766,-0.13477191370616734,,,,,-0.1794317286415547,,0.2179017211348941,,,,-0.4027447781829598,-0.3986984231098352
,-0.11565093686559681,,-0.23272470719888277,,,,0.5362154755657118,-0.31898584736593455,,-0.07015262738789008,,0.8671070287799543,-0.18899039054952826,0.41930948670104334,3.513305282778832,0.7040946495715259,-0.06741750608143608,1.41687409373001,,,,0.007641966687504071,,5.385011702197905,-0.28040590362146184,,,,,,,,,0.10337056783507763,-0.2824594522424868,,-0.23449765093089991,-0.07731015310828895,,,,,0.0065859745676974625,-0.18764215087268835,-0.1444605106577873,-0.40857739786684677,,,,,-0.28923290194489604,,0.05458545071792551,,,,-0.4046237416975426,-0.4120312374814689
,-0.17456944171172292,,-0.18690619170103473,,,,0.5075715832897378,-0.29937080121193266,,-0.09731756155250477,,0.7726015978838575,-0.19469962746903227,0.39680569771311247,3.6452862942123634,0.8338513041378777,-0.041369516711202356,1.4188146252642864,,,,-0.05809930352913616,,5.308649047428613,-0.4037578754632041,,,,,,,,,0.09892601630140135,-0.2563040120097046,,-0.1864614349288571,-0.2338549619040871,,,,,-0.002125589236184994,-0.18523013289528753,-0.26740477977629823,-0.3203169454443297,,,,,-0.29814635339793816,,0.06306940169405943,,,,-0.39358564155931414,-0.3984865059197553
