fg3m,fg3_miss,fg2m,fg2_miss,ftm,ft_miss,orb,drb,ast,tov,stl,blk,pf,season,poss_pct,gs_pct,age,pts,fga,fta,fg3a,usage,bigness,reb,stocks,creation,shotmix,efg,ts,p3r,ftr,fg3p,fg2p,ftp,astr,tovr,orbsh,q2,q3,m2,m3,xps,mpts,unast,russ,blkrim,loose,techflg,stolen,offoul,astrim,astsmr,astlmr,astc3,astab3,blksmr,blklmr,unastsh,russsh,blkrimsh,blk3sh,stolensh,astrimsh,astsmrsh,astlmrsh,astc3sh,astab3sh,pot_ast,unast_r,russ_r,blkrim_r,loose_r,techflg_r,stolen_r,offoul_r,astrim_r,astsmr_r,astlmr_r,astc3_r,astab3_r,blksmr_r,blklmr_r,unastsh_r,russsh_r,blkrimsh_r,blk3sh_r,stolensh_r,astrimsh_r,astsmrsh_r,astlmrsh_r,astc3sh_r,astab3sh_r,pot_ast_r,exp_yrs,exp_poss,entry_age,height,weight,draft_pick,tenure,n_teams,height2,weight15,past_apm,past_poss,past_rapm,past_apm_o,past_poss_o,past_apm_d,past_poss_d,turn,Max_Shadow,Min_Shadow,Mean_Shadow,Median_Shadow
0.0,0.0,0.0,0.0,0.0,0.0,0.0,0.0,0.0,0.0,0.0,0.0,0.0,0.0,0.0,0.0,0.0,0.0,0.0,0.0,0.0,0.0,0.0,0.0,0.0,0.0,0.0,0.0,0.0,0.0,0.0,0.0,0.0,0.0,0.0,0.0,0.0,0.0,0.0,0.0,0.0,0.0,0.0,0.0,0.0,0.0,0.0,0.0,0.0,0.0,0.0,0.0,0.0,0.0,0.0,0.0,0.0,0.0,0.0,0.0,0.0,0.0,0.0,0.0,0.0,0.0,0.0,0.0,0.0,0.0,0.0,0.0,0.0,0.0,0.0,0.0,0.0,0.0,0.0,0.0,0.0,0.0,0.0,0.0,0.0,0.0,0.0,0.0,0.0,0.0,0.0,0.0,0.0,0.0,0.0,0.0,0.0,0.0,0.0,0.0,0.0,0.0,0.0,0.0,0.0,0.0,0.0,0.0,0.0,0.0,0.0,0.0,0.0,0.0,0.0
-0.279250949813261,-0.21754908192839018,-0.08214016349579853,-0.3397885541581489,-0.13487505849113754,-0.20199233888821225,0.03997256113897254,-0.04342871549067115,-0.42156559101316604,-0.21885705500991337,0.255376927377033,-0.22429078351464254,0.9540956455641311,-0.26618499171345034,0.03977470896888159,7.145376401512221,1.708102118985019,0.05484460661598922,2.565370956100306,-0.14818681466795205,-0.26256247130170624,-0.23659361120314712,-0.2152622097705897,0.03370143719106532,8.645276525336568,-0.28010897784503896,-0.29157073846442866,-0.18347339139224153,-0.3383146672681544,-0.40236295416023854,-0.3222058666540317,-0.17754619057443388,-0.04860820910947506,-0.1990107380329487,0.29360385532428335,-0.24743268203347546,-0.17784179339711056,0.02729057371536345,-0.2011225843166799,-0.04285288797285449,-0.3418326897323153,-0.22202552322433128,-0.38596480724512144,-0.3033135879383691,-0.42156559101316604,-0.17109161392930342,0.4389372808273952,-0.09428017355393715,-0.36619757005606246,-0.21288325253236343,-0.2255852277532698,-0.3617788145202108,-0.3216648336961116,-0.20838062878222827,-0.2851872480633877,-0.23261431607085023,-0.2924336843920554,-0.3345997800687075,-0.3174466470452598,-0.36992751387527406,0.6511551623373644,-0.3391563079839599,-0.2505892804728337,-0.31144144915630534,0.28370796189282715,-0.1372569821691959,-0.3029954199326072,-0.29166953621749947,-0.3187024054138889,-0.35481611595020973,-0.31931676980768897,-0.19498936119021676,-0.38850029419058707,-0.3718283350758013,-0.3020721655388398,-0.1723642789051448,-0.36140123878808195,-0.3271988082605347,-0.3084957174437364,-0.42156559101316604,-0.3684057650778766,-0.3210412818118,-0.29816505920649666,-0.16173122658683936,-0.3200003493390912,-0.17957725905435087,-0.2383860511818297,-0.3351726136437102,-0.33751823394831965,-0.14286565517716368,-0.2721756125733168,-0.30729512066384446,-0.3685414611389299,0.26238123152259846,1.5546324507504294,1.6982117367043745,2.288736008413093,4.685038502646818,-0.18046422152893496,-0.37012231547020463,0.5407194947793713,-0.42156559101316604,-0.25484909143058687,3.0013419620986768,1.0536753223908866,5.332834118544458,-0.42156559101316604,0.13981748243391992,-0.42156559101316604,-0.42156559101316604,0.8720698368977043,0.2952018134560433,-0.42156559101316604,-0.1916698878873861,-0.21473823162182043
-0.3138361907245155,-0.20572917655448625,-0.20458986334871296,-0.31400901877046106,-0.12977063865293717,-0.14207627802800316,-0.04181344811229547,-0.27300720031024994,-0.41230298727779013,-0.16750498776746683,0.1492339121775476,-0.1775586171557093,1.0927044278018652,-0.059753453164171154,0.1639779848736369,6.799290102752583,1.9212350043629434,-0.03485022574835432,3.1156188989891445,-0.1600429131752519,-0.3975023418356317,-0.28520328789240007,-0.31019687398296947,0.16453655074047036,8.766748310297926,-0.0593383620149022,-0.3783918785180886,-0.20195020419534643,-0.23026787153170275,-0.30182317157178207,-0.212352068696272,-0.30142702832365337,-0.11983345026455954,-0.21719539542729252,0.20273574526475033,-0.3084360638803746,-0.15509672873027036,-0.06874015497575788,-0.04771810955279673,-0.1884785455950653,-0.23531713356664258,-0.295632594664884,-0.30147043083789515,-0.266926253962439,-0.38244385417287735,-0.042839035410682166,0.24198103333029855,-0.10841476109378406,-0.20586947787388915,0.026521742174005637,-0.37931437539131313,-0.31591356572675516,-0.19312952178761914,-0.33931558969444825,-0.3000538400950741,-0.43531169037647005,-0.391660736200609,-0.3032122285769947,-0.23937900158749298,-0.36551951063608834,0.5631144490742195,-0.33885346698297936,-0.37472272312331556,-0.3040057558224956,0.014116167846183855,-0.22427282173248309,-0.26310090845756123,-0.4018265827872493,-0.3027842273327588,-0.2839214444667125,-0.2302706416754195,-0.2789093511689863,-0.3009576335065255,-0.272124127826146,-0.19231112376394058,-0.39390189349145555,-0.38438540017253314,-0.39184751547150243,-0.21738262354258844,-0.32794089908283297,-0.24952675835662397,-0.31560090010795955,-0.3913219360572365,-0.1575875619108477,-0.20865435444367622,-0.1637009837556781,-0.11577596152823676,-0.24231356033518142,-0.2721796539761286,-0.2035904731677102,-0.19503739416817376,-0.30864065594903933,-0.12590794660447424,0.8072811446165608,0.9211401977587497,1.5906567578518067,2.316560116132239,5.1154224588755834,-0.12855984366478998,-0.23616714467175154,0.2793429472911884,-0.43531169037647005,-0.28829911839479533,2.9235599901859937,0.6973072095449705,5.104372151515555,-0.021834994449028887,-0.01837792468065746,-0.43531169037647005,-0.43531169037647005,0.9625337914411372,0.34920315102302546,-0.39047748826456796,-0.1980625187360832,-0.2200877507047097
-0.22676460091277786,-0.12865479868096644,-0.09773482593357317,-0.3035713199083192,-0.3035713199083192,-0.3035713199083192,0.044321538443354444,-0.0046605705512357196,-0.3035713199083192,-0.24180211698787907,0.5942129458021014,-0.2017783151867756,1.0022444366399952,-0.1839494758279003,-0.06080622633531262,6.974433394647844,1.5837979000987201,0.1982522238701974,2.721416283867204,-0.12810788318433552,-0.3035713199083192,-0.06989745394786814,-0.3035713199083192,0.21087976805799763,9.052014557532486,-0.3035713199083192,-0.15157852933492566,-0.14761029374052728,-0.3035713199083192,-0.3035713199083192,-0.16027365370315108,-0.07221531473545023,-0.11361975301696367,-0.08727501443971268,0.2839077662516722,-0.3035713199083192,-0.11494513520113607,-0.18025408565389733,-0.10730635913590854,-0.3035713199083192,-0.25063558075507353,-0.05165617783061714,-0.3035713199083192,-0.18371299108506706,-0.15626366983234996,-0.05964814787015654,0.5057412638515787,-0.3035713199083192,-0.3035713199083192,-0.09167905002523354,-0.3035713199083192,-0.3035713199083192,-0.18246465437333872,-0.2369646225750463,-0.3035713199083192,-0.07731649349682615,-0.3035713199083192,-0.23147872425799795,-0.3035713199083192,-0.3035713199083192,0.4266376416824106,-0.3035713199083192,-0.3035713199083192,-0.3035713199083192,-0.1296186936597546,-0.22779878668289794,-0.3035713199083192,-0.3035713199083192,-0.3035713199083192,-0.3035713199083192,-0.22204963540102649,-0.16501681522751774,-0.23529864016107702,-0.3035713199083192,-0.3035713199083192,-0.0705818753962138,-0.3035713199083192,-0.24208694101077083,-0.3035713199083192,-0.3035713199083192,-0.3035713199083192,-0.3035713199083192,-0.26076082867421335,-0.1262093743175572,-0.1738356399154451,-0.11517593928582802,-0.13224732393193409,-0.3035713199083192,-0.3035713199083192,-0.3035713199083192,-0.19673832002655425,-0.17974381311628745,-0.3035713199083192,-0.0746679971492181,1.2908322809498893,1.6766531182183109,2.799719362935061,3.2057178668813067,-0.3035713199083192,-0.18498166153180226,0.26141812103339346,-0.3035713199083192,-0.18562465900457814,3.4178987059404373,1.0578938920162537,5.63908539953927,-0.13416562178371158,-0.01729192892644592,-0.3035713199083192,-0.3035713199083192,1.0567892004264798,0.07464052225459086,-0.3035713199083192,-0.217828137105601,-0.22038087697184242
-0.20212170030922463,-0.22572422668687658,-0.11164346685706303,-0.14796583510209071,-0.3171933251521783,-0.16828482347832277,0.08114280112101975,-0.08097632069960477,-0.3171933251521783,-0.2550506850443327,0.4669465843959402,-0.20049685037729054,0.9291213197966484,-0.1385142274861322,0.05319811385451603,7.122542276692006,1.4827948384871843,0.04309504190656004,2.845399806591905,0.002259963926093387,-0.2306093830052606,-0.3171933251521783,-0.22954671277229702,0.26465571705095153,8.926167824443551,-0.12796284992945497,-0.3171933251521783,-0.3171933251521783,-0.229522406825553,-0.3171933251521783,-0.18762882969868636,-0.1418666195934763,0.0014067882923986738,-0.22785984348770708,0.1975360668334225,-0.19124150046346525,-0.3171933251521783,-0.1629972655235359,-0.08101181172828345,-0.14391029988645612,-0.2353286159374856,-0.09172704035797226,-0.3171933251521783,-0.3171933251521783,-0.1662742510106989,-0.0709761915381761,0.569832286900309,-0.13898630001840148,-0.3171933251521783,-0.10041695150177894,-0.3171933251521783,-0.16619968104050045,-0.3171933251521783,-0.23940980291873598,-0.1686410842690373,-0.3171933251521783,-0.3171933251521783,-0.3171933251521783,-0.23186510031674454,-0.3171933251521783,0.43704190560809053,-0.19320879560322815,-0.3171933251521783,-0.2478919333834945,0.004216575177223246,-0.16852945830367952,-0.3171933251521783,-0.3171933251521783,-0.3171933251521783,-0.2489951743641313,-0.2620785678642129,-0.2050787571297689,-0.19290201011855523,-0.3171933251521783,-0.3171933251521783,-0.21524695224156973,-0.3171933251521783,-0.3171933251521783,-0.3171933251521783,-0.3171933251521783,-0.22850214213972908,-0.25229806067197413,-0.3171933251521783,-0.05912423690402089,-0.19203749561236252,-0.18155018095870623,-0.2119950814143763,-0.3171933251521783,-0.2054716441259039,-0.3171933251521783,-0.3171933251521783,-0.21971972452861305,-0.3171933251521783,-0.004165787046223533,1.4331989366152995,1.6323426488646808,2.576663896775573,3.5612657129986474,-0.19888141137964493,-0.2552274773862638,0.26455936012815107,-0.3171933251521783,-0.3171933251521783,3.1853427697576087,0.7571295133300313,5.6583326508467255,-0.3171933251521783,0.2470166475513647,-0.3171933251521783,-0.3171933251521783,1.0010670131080979,0.19389285686539315,-0.3171933251521783,-0.21160046654535572,-0.22570437753124115
-0.27895504938733917,-0.2715033398472312,-0.34205947375801465,-0.26261601913300653,-0.34205947375801465,-0.2817066146823005,-0.02977525647807259,-0.13379433172958724,-0.34205947375801465,-0.2318616596044834,0.1534871589583383,-0.2334244939209618,1.3727541720074716,0.02872672349329501,-0.04868380026126718,6.984685228905703,1.6616381889390746,-0.06270873969595894,2.9524518766418253,-0.08180705052873803,-0.24059082500107593,-0.12747091311822734,-0.34205947375801465,0.25838432793305655,8.934638734096682,-0.34205947375801465,-0.34205947375801465,-0.13504948213473503,-0.23656711441138262,-0.34205947375801465,-0.256793977842263,-0.05511853803492587,-0.15685658128093838,-0.17472852674002876,0.3348024714429704,-0.34205947375801465,-0.34205947375801465,-0.2216192070548463,-0.21209086445949998,-0.161734533227009,-0.23490438899343927,-0.15814605679922722,-0.2319361099872175,-0.30943316620801287,-0.24597108848736032,-0.026926771165619843,0.44229505370774236,-0.14852271557038632,-0.34205947375801465,-0.13897249920418328,-0.21296639435166964,-0.34205947375801465,-0.34205947375801465,-0.269810879042087,-0.262452503872695,-0.2351116526997902,-0.26153143317101013,-0.2655979175779392,-0.34205947375801465,-0.27955172813050655,0.6117982977967652,-0.2684328775746991,-0.2532312193034603,-0.27814956839147686,-0.04298437747948777,-0.2535681787535328,-0.34205947375801465,-0.15494858376161025,-0.34205947375801465,-0.25391507582730494,-0.34205947375801465,-0.13363587433487378,-0.20928048776755467,-0.26944673574547245,-0.34205947375801465,-0.18145403034542107,-0.34205947375801465,-0.34205947375801465,-0.15128117750341655,-0.34205947375801465,-0.22022569982586482,-0.2473904172670017,-0.3016226950104088,0.0449265710416474,-0.34205947375801465,-0.34205947375801465,-0.13917051126034807,-0.34205947375801465,-0.2400014542024369,-0.26030964337129264,-0.34205947375801465,-0.22520396052410563,-0.34205947375801465,0.37776005995613265,1.0359767880306452,1.6561859582913852,2.605038486567067,3.732813578760837,-0.19003472384324727,-0.34205947375801465,0.3143017782406423,-0.34205947375801465,-0.21767876019623786,3.0290549309670873,0.932801636235322,5.616816898977238,0.021640921311626336,0.18882842344927941,-0.34205947375801465,-0.34205947375801465,0.9945093543269184,0.32619436661382556,-0.34205947375801465,-0.2044804919366853,-0.21690870276810417
-0.37936096225881005,-0.37936096225881005,-0.07993957317480302,-0.23660669828528627,-0.1879387444457326,-0.266157708349354,-0.02130549381792976,-0.17744599852962994,-0.37936096225881005,-0.20943225149666553,0.4196075039740903,-0.31454486714526825,0.8301037591330988,-0.21282363925553213,-0.06495966787552472,6.957659091663449,2.0598861286191608,0.22258618531758267,2.5967706312596186,-0.1263754248162585,-0.2566832298274367,-0.22108368607531906,-0.13605490573894358,0.2228702229927531,8.720755785145043,-0.11999015960905052,-0.24029845291169333,-0.07076852203835243,-0.2821381228035672,-0.3081585481793259,-0.1928768766921205,-0.10645581516512538,-0.18929224871700198,-0.20195296953769307,0.24697719522297099,-0.11331437628065993,-0.24158459954234493,-0.02256910220141986,0.025631805283237167,-0.24490043101416445,-0.13889346606362662,-0.059136613023243884,-0.16902852915074845,-0.24001018290737575,-0.2063887797123704,-0.02761270676840412,0.5313834442822688,-0.09460548561354087,-0.37936096225881005,-0.13676071085262637,-0.25113502251517406,-0.37936096225881005,-0.06722220680156242,-0.29812587261239193,-0.37936096225881005,-0.37936096225881005,-0.2670146840418533,-0.37936096225881005,-0.37936096225881005,-0.2568746669883864,0.2885531241646943,-0.22141217385413003,-0.2736998996112158,-0.29920276837644405,0.012406843487850332,-0.18642252736329692,-0.29093696706707867,-0.2997561160175049,-0.37936096225881005,-0.2559472094205534,-0.23046846747095626,-0.15790232211777963,-0.23790688697701662,-0.24038016171836557,-0.28905102434042373,-0.22807433684866749,-0.37936096225881005,-0.37936096225881005,-0.37936096225881005,-0.2512233712442736,-0.2325119487833338,-0.24322680038237762,-0.31972422332536854,-0.16513295041793455,-0.32183675876930945,-0.03441194658800594,-0.29887362006575435,-0.22704353834183233,-0.37936096225881005,-0.37936096225881005,-0.3345570723687869,-0.24917486186347,-0.37936096225881005,0.01586474408014474,1.4169892014057002,1.7445075365633333,2.670896220360675,4.165659316245718,-0.20434828906107708,-0.11701046331266372,0.38501427177979536,-0.37936096225881005,-0.270419488933739,3.1224337110025706,1.0520320795102995,5.602474836712021,-0.23711624454247615,0.3002562495921441,-0.37936096225881005,-0.37936096225881005,0.8644433852692434,0.21739402936380695,-0.37936096225881005,-0.21163668027377236,-0.2205306065657565
-0.24353765798482502,-0.1999048356969851,-0.34114875394752525,-0.16545825608287754,-0.24474659679163016,-0.29521104056218467,-0.11467202287793664,-0.14531310487058058,-0.34114875394752525,-0.11663260669441475,0.41863775496119077,-0.05513149532239848,1.0742214117609465,-0.34114875394752525,-0.17308879465314644,7.032049610104601,1.1486895170071256,0.14970249804760283,2.9136759370014818,-0.09341980122962938,-0.34114875394752525,-0.26494398640751815,-0.25485358757435883,0.3457602345789611,8.890711327104405,-0.05568720222171524,-0.25467150450215814,-0.17070649488788855,-0.13254084227245697,-0.14963190162827564,-0.16045920755390275,-0.1826474382642743,0.03818844601438261,-0.22765250439294893,0.25965939658984855,-0.2670292435750127,-0.24946652718412124,-0.15119122315047703,-0.13537820379565738,-0.34114875394752525,-0.20351901011138204,-0.0876254968082903,-0.34114875394752525,-0.34114875394752525,-0.09892440637812311,-0.014160973511131953,0.8024559973211672,-0.2090146739641341,-0.34114875394752525,-0.1329726334776482,-0.17402010076232088,-0.2623727428783699,0.08942179847807455,-0.2619505224182883,-0.34114875394752525,-0.18481075558062113,-0.34114875394752525,-0.2426870756598202,-0.2612297864700263,-0.34114875394752525,0.45178351246401416,-0.34114875394752525,-0.2766266368273295,-0.283358900013309,-0.19864879044596875,-0.22516912957999674,-0.25547748793345226,-0.34114875394752525,-0.25095451422235054,-0.2602572518510811,-0.34114875394752525,-0.1760080206882092,-0.1111465405860133,-0.14489647234762043,-0.18811392663331955,-0.34114875394752525,-0.2376186764177792,-0.277413061057498,-0.34114875394752525,-0.2566164469663337,-0.2436239755651867,-0.1918121469271815,-0.34114875394752525,-0.12156268573857494,-0.2225991454643216,-0.14543764400453257,-0.34114875394752525,-0.1282207799844149,-0.34114875394752525,-0.21651460867193945,-0.34114875394752525,-0.2107256239694744,-0.34114875394752525,0.1529665395959363,1.217107640164765,1.8626638701702989,2.520514895475353,3.648081732304277,-0.17762702492846003,-0.11961589755725656,0.20186312858295646,-0.34114875394752525,-0.28198306755688163,2.960191069718653,0.9728503124354055,5.882622113039656,-0.06290343288986075,0.23071302991152298,-0.34114875394752525,-0.34114875394752525,0.8619291068700279,0.10589902647313816,-0.34114875394752525,-0.21654679853996545,-0.22555079710153378
-0.3280841517168057,-0.1526671295935167,-0.15158994006332116,-0.2479005474473549,-0.12389339004504506,-0.15028290369801622,-0.0031914020765932134,-0.306823604424747,-0.38790178159697847,-0.2661452417278255,0.26489743536225885,-0.33040042642990297,1.0029430483386068,-0.04363433480460745,0.0455713893387937,6.947727937213863,2.162362733122705,0.1682602281589472,2.6414293982516726,-0.1634030996311633,-0.3588172416139843,-0.2657204602539686,-0.27028382698116815,0.1700182759033192,8.624223639832358,-0.33869022113866953,-0.27701074938024717,-0.3723994083701547,-0.308072856709838,-0.2438716059392793,-0.3071106054412093,-0.24633041916663137,0.006980670677778083,-0.31669131077538226,0.2290644834270213,-0.28151200602666304,-0.1019210977671581,-0.061464571747582686,-0.05120946522212407,-0.2937470597632862,-0.36433594982909057,-0.21133983223706007,-0.28199434835494364,-0.41444167634889756,-0.20235029701061139,-0.18509859441932688,1.299140800375053,-0.14522475513841177,-0.32447734613142626,-0.25171779842899344,-0.30905290678481706,-0.35916574818901337,-0.18047209720885105,-0.2651747188321262,-0.3564466024898162,-0.3585431877460451,-0.3373364395714878,-0.32916041034042565,-0.14880151253948054,-0.22554340378781174,0.43780437117396087,-0.41444167634889756,-0.33760705807687935,-0.3001616602262404,0.1531945762413061,-0.1922423114866674,-0.41444167634889756,-0.19279798165555076,-0.3982379424699339,-0.34755562730330125,-0.2208525235436455,0.3744503853441144,-0.26946272051416703,-0.3045196850619349,-0.34402746094031184,-0.41444167634889756,-0.31200372103553287,-0.41444167634889756,-0.1718993027549312,-0.3075751371507888,-0.2659751351928033,-0.26069528525284524,-0.31384483931571416,-0.22874774733784106,-0.24568264342312748,-0.07751858912180697,-0.1507047936324461,-0.2525983406769625,-0.2504342867936792,-0.3335710428713371,-0.41444167634889756,-0.3406852321486135,-0.26963937952754335,0.6379087052758401,0.9478768038817288,1.7821178492939285,2.2396490111297567,4.69206493367063,-0.1717372135640145,-0.27365006108561385,0.464543825010426,-0.41444167634889756,-0.35886806772011326,3.100438620295664,1.1501057881957044,5.284293648210561,-0.3124233766867318,-0.01022663985036893,-0.41444167634889756,-0.41444167634889756,0.9629566813857465,0.30317132130010693,-0.41444167634889756,-0.2041179958284438,-0.2159423105287935
-0.35558438746346516,-0.24934601944729246,-0.0386438198940345,-0.25287619985351245,-0.2422935338761436,-0.10856160787876845,-0.033432617944763425,-0.307303247444035,-0.19560596052824183,-0.22243282570495918,0.15073580388016286,-0.3081614659339633,1.0079743066387434,-0.1377062482654705,-0.11952749761525475,6.971553475961907,1.9693086361535124,0.17970807591218463,2.2116064191957236,-0.14405163319932338,-0.3224695374115011,-0.28873095205325516,-0.2716751858676586,0.2775928949256831,8.81071249940191,-0.022701249502794008,-0.22983139486042048,-0.12737079251021963,-0.29996178052736266,-0.26074068750601503,-0.2533334217370003,-0.20514822057816634,-0.12097380558979048,-0.2195109581620164,0.23457582419155185,-0.2870465610940168,-0.13794228129316854,-0.13463711127283795,-0.17175777767695913,-0.2295893602788956,-0.28719313756068726,-0.3698863999448789,-0.29668036544557863,-0.2398100039112859,-0.21705218979846355,-0.15308397909883165,0.7944182719321745,-0.12191673900970564,-0.3023405642512037,-0.1867207926621848,-0.2625306038890846,-0.2506411300757127,-0.3564159977014258,-0.22895940795626732,-0.2829968637616182,-0.17184951425491568,-0.2997662174956555,-0.36538169095685913,-0.3243821853279337,-0.41032720261312705,0.37099148389450426,-0.33179371666262497,-0.41032720261312705,-0.28264532718593854,0.16132861528605003,-0.2698446881128271,-0.2543536036525157,-0.3241852858532932,-0.28113862275743123,-0.272020014912748,-0.3293019198960608,-0.23727759333720616,-0.26363994021500053,-0.2777673609899644,-0.23681240346856003,-0.30088717752312855,-0.41032720261312705,-0.2797081141141572,-0.3363372256513488,-0.26102967827217083,-0.41032720261312705,-0.2789300130842889,-0.15667880708640844,-0.07174578958727904,-0.263431683919493,-0.07439047951732893,-0.18768527902516485,-0.24270687569254726,-0.41032720261312705,-0.329764824887741,-0.1035671779630913,-0.28346915621430263,-0.41032720261312705,0.387380784031235,0.8219952137420374,1.7113459460186937,2.5156308917336547,4.751806404450552,-0.10030414420481133,-0.32321268586496943,0.39580906851666864,-0.41032720261312705,-0.31891731477181406,2.8734726723854163,0.6151873113105422,5.477819806281606,-0.1868920789098977,0.16250889660997,-0.41032720261312705,-0.41032720261312705,1.0299822549606357,0.24873024437996416,-0.41032720261312705,-0.19561716958999328,-0.22020611602950163
-0.09742590358932532,-0.3244192896313793,-0.3244192896313793,-0.3244192896313793,-0.3244192896313793,-0.19552733309039338,-0.11429898729673871,-0.16067075353135196,-0.3244192896313793,-0.3244192896313793,0.29557090289523824,-0.24252907895688558,0.9206735550154893,-0.20408930465106473,0.022355171029101256,6.874574540813331,2.1309717643227186,0.10258291362716876,2.775215400315013,-0.001930776261964081,-0.16586703369260253,-0.0435040321609324,-0.22385902961754786,0.28275580293931163,9.033461690642511,-0.08935204447162241,-0.2002404595999837,-0.3244192896313793,-0.23343182338896523,-0.1626690247443231,-0.3244192896313793,-0.15531524841799949,-0.05289494983128593,-0.3244192896313793,0.42215325390283126,-0.3244192896313793,-0.16896009210060067,-0.1542382448192866,-0.16282666587489364,-0.3244192896313793,-0.20809499030358183,-0.2086499176597221,-0.255161570002283,-0.3244192896313793,-0.016905986402589328,-0.06422873935545839,0.7431550051786955,-0.27211553791421544,-0.3244192896313793,-0.1812737862044335,-0.22015565546669696,-0.12051565978454867,-0.0320565214976988,-0.2733835979599381,-0.18497688180967864,-0.23910227583079696,-0.3244192896313793,-0.3244192896313793,-0.3244192896313793,-0.3244192896313793,0.4623518439542928,-0.22590994104144654,-0.3244192896313793,-0.23440092091619277,-0.07198577583347363,-0.04844544978268166,-0.3244192896313793,-0.3244192896313793,-0.3244192896313793,-0.3244192896313793,-0.26652843726436576,-0.21356665468604613,-0.14785197924575222,-0.252358450844835,-0.3244192896313793,-0.2606460142505322,-0.3244192896313793,-0.3244192896313793,-0.3244192896313793,-0.24197376090898168,-0.29353452543269715,-0.17329097357331064,-0.3244192896313793,-0.07225139884613618,-0.15633253519807078,-0.18423978585662132,-0.11694041022567095,-0.2393121494505892,-0.17862619758300557,-0.2137472052553041,-0.3244192896313793,-0.3244192896313793,-0.3244192896313793,0.16291171707640448,0.993743124118413,1.6447187711076487,2.685677542694833,3.5197328564199766,-0.0539896249987594,-0.26243923068175945,0.46136701460185525,-0.3244192896313793,-0.3244192896313793,3.106272006981823,0.6283391714217573,5.733395433271925,-0.10394598800781966,0.15554272250590592,-0.3244192896313793,-0.3244192896313793,0.8680763032285266,0.1836457360727628,-0.3244192896313793,-0.21510606616598574,-0.21505809038215515
-0.39590180081552623,-0.156914928238413,-0.22727960451518947,-0.1671033541880855,-0.39590180081552623,-0.2739050116885924,-0.0364839540940325,-0.1356074684135293,-0.39590180081552623,-0.18971561009244023,0.22727926782664357,-0.24382846089906673,0.9623946527409828,-0.1627389784632139,-0.0005692694297603059,7.215675254195831,1.5885817264065292,0.10061218255805655,2.558233498443394,-0.08168718833157727,-0.22999321712893658,-0.15915053609625307,-0.09847303734020747,0.18419785326305424,8.643328339475016,-0.20738218089305904,-0.31036246338373247,-0.2218898391044192,-0.2597555752812473,-0.39590180081552623,-0.18726235553907905,-0.23035314946128915,0.030758434331017888,-0.27272728518792516,0.3913519075149527,-0.3102988700454075,-0.2370914738097794,-0.08282318027772276,-0.12349510600297724,-0.33917161544504276,-0.20006373599491153,-0.2053414955996119,-0.2813332785670075,-0.24569045050928956,-0.3444399710022519,-0.1565793677200508,0.5372901992722153,-0.19328919485938414,0.106923613071052,-0.22086851547834044,-0.22889426361412685,-0.26648362906449014,-0.06415366125649695,-0.31998031990303605,-0.2281841322380208,-0.24936642893594455,-0.291020905863753,-0.3231906676046338,-0.2971262813531947,-0.2801071505318729,0.31801458071412586,-0.32194473261901374,-0.2628724662012729,-0.20613312088998162,-0.15417545170874122,-0.10743941897619048,-0.2603823064726078,-0.39590180081552623,-0.39590180081552623,-0.2543304870199887,-0.39590180081552623,-0.12617113140713307,-0.2753917416240663,0.03207853208465036,-0.32862812988723494,-0.2512257752897774,-0.39590180081552623,-0.23146657734111156,-0.11707747949082278,-0.39590180081552623,-0.31627840340560043,-0.2101570566501072,-0.2936185993342561,-0.1592930267759043,-0.24739082731259357,-0.1464252389682081,-0.2887848998001484,-0.16397377064606689,-0.2828899896030452,-0.2773501404850543,-0.3297110822722937,-0.22224871610574604,-0.39590180081552623,0.33786055388765834,0.9732598694870392,1.6523508476948752,2.4916480670220644,4.382188818570971,-0.16020877815125928,-0.2558346697047899,0.32718726768218664,-0.39590180081552623,-0.23970171024906833,3.0078392582845934,0.6816466580666951,5.706302687075409,-0.3226506351965918,-0.11546106703008382,-0.39590180081552623,-0.39590180081552623,0.9160786197913755,0.43568860470342435,-0.39590180081552623,-0.19779247463776933,-0.2179014684552977
-0.2618657062802285,-0.21158948842004807,-0.13056353558027806,-0.22320619591379112,-0.24312504186098252,-0.20837899798968318,-0.057512312371515474,-0.1757452818292926,-0.19747741556908682,-0.2686585067674148,0.38727549843426945,-0.3317956911033398,1.206999683739949,0.0609800891132688,-0.1418960119713095,7.06951956575669,1.9633800239286363,0.208316876561321,2.687061716424802,-0.08055499803743575,-0.3317956911033398,-0.3317956911033398,-0.3317956911033398,0.29074000027318664,8.90345183069701,-0.12900290798877054,-0.3317956911033398,-0.17770481148967934,-0.19535866982151484,-0.3317956911033398,-0.3317956911033398,-0.14906325596192951,-0.09710755130133693,-0.2066113547816328,0.21698452557923537,-0.23761572408440734,-0.3317956911033398,-0.2233957646999439,-0.06766156580385972,-0.24900050382682934,-0.25925327582428764,-0.2510102098240587,-0.18330851973920032,-0.3317956911033398,-0.3317956911033398,-0.14319363322319098,0.6750981060603116,-0.2137896462221399,-0.26541849006145646,-0.12544018244823837,-0.18104912146844082,-0.3317956911033398,-0.26560171345873307,-0.2311606744912936,-0.26307601549583,-0.26562558301691314,-0.3317956911033398,-0.25401305603927243,-0.17967737092404862,-0.12336278386028485,0.3705934373607665,-0.3317956911033398,-0.27152354797436723,-0.3317956911033398,-0.018429606866086478,-0.13797707700785994,-0.130909323737373,-0.3317956911033398,-0.2411605532402984,-0.3317956911033398,-0.293890150618521,-0.14922994104030063,-0.3317956911033398,-0.2706233007261329,-0.3317956911033398,-0.17661659794582438,-0.3317956911033398,-0.3317956911033398,-0.17489552467469585,-0.3317956911033398,-0.3317956911033398,-0.23008457866732002,-0.19404618446135244,-0.09229258855934803,-0.3317956911033398,-0.17825888793583955,-0.21501189837664378,-0.3317956911033398,-0.3317956911033398,-0.04426904599636596,-0.23308107235186382,-0.18084035483898483,-0.3317956911033398,0.06522770110246472,1.675920129172075,1.6112107737459296,2.676846788803476,3.5192923890079046,-0.09417608011176513,-0.3317956911033398,0.1701924028573357,-0.3317956911033398,-0.3317956911033398,2.907687598036486,1.1593746955590187,5.630712190308969,-0.15911177711172117,0.24896634468123555,-0.3317956911033398,-0.3317956911033398,0.9826527637213016,0.21156377700770074,-0.3317956911033398,-0.21421905167595579,-0.22505908436361086
,,,,,,,,,,-0.28953196248401847,,0.07199378305567856,,,3.4437502764405328,0.37130083533708513,-0.01903200786162033,0.5667569502069437,,,,,-0.20438405201584306,3.7242031963690523,,,,,,,,,,-0.20777349772124487,,,,,,,,,,,,-0.3803981683400059,,,,,,,,,,,,,,0.042833138857502735,,,,,,,,,,,-0.5609395085338899,,,,,,,,,,,,,,,,,,,,,,-0.38555000867083244,0.79984508596792,0.5589618475154426,0.8170684399208619,1.8852815552596665,,,-0.2835938350091356,,,0.9273566972625911,0.6666619258724354,2.1269887520901585,,-0.48590621044532073,,,0.010755231462132201,,,-0.5737673245450473,-0.5618819558867688
,,,,,,,,,,-0.2792379308140245,,0.13452813084954213,,,3.395960699836328,0.4478936744286872,-0.17992692030568957,0.6791721283456463,,,,,-0.24890433209873533,3.843705672306328,,,,,,,,,,-0.166535426959263,,,,,,,,,,,,-0.17312781738658475,,,,,,,,,,,,,,-0.11617966731830075,,,,,,,,,,,,,,,,,,,,,,,,,,,,,,,,,-0.4844749386861072,0.3478568243113662,0.4627487406688844,0.8930594456240253,1.3741711446361036,,,-0.29078848823533193,,,1.1138177283894473,0.16580843738278217,2.156386182645442,,-0.4253605738692157,,,-0.015548891088798259,,,-0.5743192646664789,-0.5878251413928945
,,,,,,,,,,-0.3636307196560754,,0.06225909994993761,,,3.384635125441308,0.524709695073638,-0.272854417615528,0.7836474733907199,,,,,-0.2154984664667818,3.7726217105752773,,,,,,,,,,-0.193743038207614,,,,,,,,,,,,-0.17961300616782783,,,,,,,,,,,,,,-0.15175402703520355,,,,,,,,,,,,,,,,,,,,,,,,,,,,,,,,,-0.4103802965536948,0.439631099086366,0.45905070210352766,0.8328615639308037,1.6525261206032014,,,-0.2554892410878914,,,0.9214283704886406,0.16066665826627968,2.1355321586270186,,-0.5201855462403898,,,-0.010740025611235734,,,-0.5707127724042945,-0.5688500764088752
,,,,,,,,,,-0.39389357190078766,,0.12597824921693504,,,3.3825394489523766,0.5858133199420181,-0.1486585021297872,0.5394172720406305,,,,,-0.2554519769213188,3.816769097903619,,,,,,,,,,-0.15226162113076022,,,,,,,,,,,,-0.2811890017447581,,,,,,,,,,,,,,-0.0952906147828571,,,,,,,,,,,,,,,,,,,,,,,,,,,,,,,,,-0.5645272185704583,0.7675225406182502,0.4302021529284109,0.7921265014376473,1.4700122867343441,,,-0.327872375001194,,,1.042346619292982,0.2779501782656047,2.0755667602376593,,-0.4824094602780749,,,-0.025625639405459696,,,-0.5717756566229554,-0.5971836146834494
,,,,,,,,,,-0.12396249725964266,,-0.1325002098976636,,,3.614881035233382,0.5931737771285347,-0.09652890213534197,0.5262614279421103,,,,,-0.282887726053454,3.3232396732843257,,,,,,,,,,-0.22470158379146307,,,,,,,,,,,,-0.2758785782281092,,,,,,,,,,,,,,0.0753846003087807,,,,,,,,,,,,,,,,,,,,,,,,,,,,,,,,,-0.2972476385630725,0.6772950855632884,0.44710996064459013,0.7145000295748433,2.360767322393354,,,-0.35507990098233977,,,0.8805632648660354,0.2242224129378405,1.7414459090998544,,-0.26961994024138436,,,0.04951335887538793,,,-0.5986341309409023,-0.6217218979307492
,,,,,,,,,,-0.35018358451660436,,0.01523228319315648,,,3.4230009329810054,0.5605604067177549,-0.17721538305292295,0.5218154549331627,,,,,-0.17858706339960187,3.75185854427496,,,,,,,,,,-0.12754106722767602,,,,,,,,,,,,-0.3769045534003489,,,,,,,,,,,,,,-0.043592169758394896,,,,,,,,,,,,,,,,,,,,,,,,,,,,,,,,,-0.15241344616006045,0.050619354409986064,0.6918031986413586,0.8947506360733731,1.830552450093492,,,-0.28859932448279674,,,0.957676433026751,-0.0731520677075109,2.0604694898565694,,-0.5235870107644768,,,-0.035150871307297764,,,-0.5650642110192672,-0.5693338593371622
,,,,,,,,,,-0.3391192293817444,,0.10948217553421342,,,3.36470150928668,0.5107284965080677,-0.23302357550827846,0.6956596563059907,,,,,-0.23003364925934944,3.8171284859309087,,,,,,,,,,-0.21904414428802044,,,,,,,,,,,,-0.23521589735159698,,,,,,,,,,,,,,-0.04812513328112697,,,,,,,,,,,,,,,,,,,,,,,,,,,,,,,,,-0.343721739553781,0.4232831838805609,0.429336850949804,0.8319466836911619,1.5168871592693254,,,-0.1714398416392745,,,1.0201618729223676,0.16451324471481688,2.162514639661311,,-0.34778715979255176,,,0.05258818535490446,,,-0.5877918988161085,-0.5880140278133461
,,,,,,,,,,-0.29754912565052677,,0.14075060143410542,,,3.5075477752155146,0.5832609454576535,-0.16850698471547185,0.6743318817491241,,,,,-0.22952667565423485,3.73787364217426,,,,,,,,,,-0.14006972063302228,,,,,,,,,,,,-0.28332518255032146,,,,,,,,,,,,,,-0.07054709667217904,,,,,,,,,,,,,,,,,,,,,,,,,,,,,,,,,-0.42447671971976797,0.5563492482034567,0.3694838013151358,0.864787770509487,1.6075907956031508,,,-0.3522981050376324,,,0.9103684156890924,0.05516558618755659,2.034673982283054,,-0.42690959823209035,,,0.005446162312873364,,,-0.5752009726940555,-0.5918022076254192
,,,,,,,,,,-0.29053030078823494,,-0.08856306864745161,,,3.3865545311880934,0.4143226793690496,-0.05100052834892296,0.46922384252821914,,,,,-0.28640810367070085,3.6717118961520376,,,,,,,,,,-0.19172831320052777,,,,,,,,,,,,-0.22810058848997256,,,,,,,,,,,,,,-0.02634589535869256,,,,,,,,,,,,,,,,,,,,,,,,,,,,,,,,,-0.3887894497554204,0.5587160760338052,0.5439362703116527,0.7368420102084139,1.8756855901862843,,,-0.23696766661094573,,,0.9221617605552247,0.20353509596625907,2.2022273791531877,,-0.5136430661895471,,,0.050406660726052196,,,-0.5787839459689939,-0.5833272978085993
,,,,,,,,,,-0.3447913846441309,,0.02886331743383408,,,3.400097535503435,0.38038172021271166,-0.16679031169086442,0.5937883059776369,,,,,-0.2676685294486813,3.7455917162098213,,,,,,,,,,-0.278214008200147,,,,,,,,,,,,-0.19826497117479872,,,,,,,,,,,,,,-0.08725839037164733,,,,,,,,,,,,,,,,,,,,,,,,,,,,,,,,,-0.33786082814630913,0.3728019542396217,0.5125802382542063,0.8530044179173091,1.7459411476355242,,,-0.24813138131473012,,,1.0475034678722213,-0.02596021255913456,2.157518294391872,,-0.1809946996017657,,,-0.01052366064061849,,,-0.5768915335388802,-0.5784142043271899
,,,,,,,,,,-0.24785237230564974,,0.07623429102537392,,,3.475303028778801,0.879762125048721,-0.12906459924457933,0.4330652402594262,,,,,-0.25131342685190944,3.5291568689356323,,,,,,,,,,-0.1866957818040003,,,,,,,,,,,,-0.33973649889754354,,,,,,,,,,,,,,0.005046011190625006,,,,,,,,,,,,,,,,,,,,,,,,,,,,,,,,,-0.6528792889473631,1.0279383372060005,0.40282771656418337,0.7066551477118889,1.9276046237985442,,,-0.28934641372625386,,,0.8519670085316338,0.329813872549822,1.846830532079202,,-0.5210487015737801,,,0.05345175505920928,,,-0.5876236125176356,-0.5918788739532863
,,,,,,,,,,-0.24590637481668573,,0.12507303642320935,,,3.349400904886186,0.6027522312998105,-0.24435705439589345,0.6699910981124345,,,,,-0.29093543333403865,3.7524948633324318,,,,,,,,,,-0.19761093897840917,,,,,,,,,,,,-0.3267591179040654,,,,,,,,,,,,,,0.0541747686292229,,,,,,,,,,,,,,,,,,,,,,,,,,,,,,,,,-0.3282230734258033,0.44370149145913745,0.4103798884411069,0.8057701083111849,1.721547763280978,,,-0.351815957576286,,,0.8984060841327395,0.15637206769075215,2.1688126156532785,,-0.5105360692150815,,,0.02964324891815413,,,-0.5769261886783803,-0.5892023568687927
,,,,,,,,,,-0.4118127731274426,,-0.07904674213124295,,,3.329297308010989,0.6134145852676285,-0.3011216239227751,0.4408615241772828,,,,,-0.2886217529399791,3.4981649832729618,,,,,,,,,,-0.1843727119703553,,,,,,,,,,,,-0.35622450147940593,,,,,,,,,,,,,,0.0012734372205842445,,,,,,,,,,,,,,,,,,,,,,,,,,,,,,,,,-0.22206022078914403,0.9895317792578189,0.4107821174330211,0.7026847746546666,2.19017047863215,,,-0.3195113603561784,,,0.8035425403419327,0.7245904778478302,1.951707223305112,,-0.5628033632437061,,,0.008288150745167948,,,-0.5881242877366781,-0.5840443949391212
,,,,,,,,,,-0.2321982570260928,,0.10872329174483661,,,3.4429302695417205,0.5794347430705634,-0.22173134026741317,0.6921007296311659,,,,,-0.2753519296312214,3.6748432730709415,,,,,,,,,,-0.23192819423948216,,,,,,,,,,,,-0.3259824627744322,,,,,,,,,,,,,,0.03603855459521974,,,,,,,,,,,,,,,,,,,,,,,,,,,,,,,,,-0.5255315435716873,0.7254841082568906,0.41602614078372036,0.7851569987387237,1.681172812595751,,,-0.27904225852954356,,,0.9041713917335934,0.29489963002246217,2.0635367334808845,,-0.47828208100086905,,,-0.02129174456574589,,,-0.582417221166363,-0.5822595379578234
,,,,,,,,,,-0.26669765911740706,,-0.11351740460550747,,,3.3870824874261456,0.2618632572333475,-0.10176435525618037,0.6120513545763594,,,,,-0.19557641678856252,3.7310623856486043,,,,,,,,,,-0.2248399791671198,,,,,,,,,,,,-0.28885269925234025,,,,,,,,,,,,,,0.0422706364801665,,,,,,,,,,,,,,,,,,,,,,,,,,,,,,,,,-0.5086287251597419,0.5948544710848009,0.5566055712307898,0.9494177455049333,1.8629860500530357,,,-0.2448221087311717,,,0.9212699065285415,0.4212168382409136,1.9082646388530213,,-0.3833061061105975,,,0.06511740875282794,,,-0.5902753317011296,-0.601973914138002
,,,,,,,,,,-0.26968625584661676,,-0.02287511437803444,,,3.4319219740938043,0.4676822228418649,-0.3222037735661573,0.6596322439722134,,,,,-0.19859004242114145,3.603806320457178,,,,,,,,,,-0.23392564755321466,,,,,,,,,,,,-0.3370560186604139,,,,,,,,,,,,,,0.0492680427512955,,,,,,,,,,,,,,,,,,,,,,,,,,,,,,,,,-0.4472989453068611,0.5452851431367113,0.5577958248076947,0.759152541185624,2.0716226723731967,,,-0.28216923490649126,,,0.8131092450363779,0.3349246227966499,1.9915162312907213,,-0.5546575991519863,,,0.004023771777743728,,,-0.5736944647604619,-0.573977803510959
,,,,,,,,,,-0.29724176508416256,,-0.06555873724962867,,,3.6330871885536147,0.7230473807480986,-0.3450395956456086,0.7120648616804135,,,,,-0.18265465804559614,3.436446246005656,,,,,,,,,,-0.15767713730024954,,,,,,,,,,,,-0.40112519129594043,,,,,,,,,,,,,,0.11357324776839078,,,,,,,,,,,,,,,,,,,,,,,,,,,,,,,,,-0.44328305549910213,0.548431362153398,0.48816395112958266,0.7820768537836988,2.1470805996928046,,,-0.2504239797924668,,,0.7624997487458417,0.1755011197016875,1.7777941262870416,,-0.5651090787220998,,,-0.022031356356835483,,,-0.5713464605117519,-0.5605937686384277
,,,,,,,,,,-0.251867538851597,,-0.002021734010779092,,,3.3599240453903385,0.7798964675209216,-0.29183193404708163,0.6514448186141035,,,,,-0.2586287582300072,3.6557850657931756,,,,,,,,,,-0.14276093920970914,,,,,,,,,,,,-0.27003670147040787,,,,,,,,,,,,,,-0.061837539521436634,,,,,,,,,,,,,,,,,,,,,,,,,,,,,,,,,-0.30380511079644235,0.48588570380975626,0.43573798680181897,0.832311648833098,1.798370959616556,,,-0.3436965126921264,,,0.9781008827626054,0.19520909526562977,2.1262971435292144,,-0.5617345638830924,,,0.04051933856286185,,,-0.5841482647176092,-0.5884235146719208
,,,,,,,,,,-0.29550193848574935,,0.13609153651524322,,,3.4730170309627417,0.5933500895286136,-0.20554303379386535,0.734487487213986,,,,,-0.28579341211196724,3.6196107327058744,,,,,,,,,,-0.19360422668635086,,,,,,,,,,,,-0.3497694646821839,,,,,,,,,,,,,,0.04398750746807405,,,,,,,,,,,,,,,,,,,,,,,,,,,,,,,,,-0.43801689751756534,0.8403783391137024,0.4208092108606622,0.7996222781459201,1.4818959104975005,,,-0.350608483905525,,,1.1845811784452012,0.3157885078441943,1.9628506235367917,,-0.4732267605406818,,,0.0338211395347048,,,-0.593101243393151,-0.6084986397467109
,,,,,,,,,,-0.20580431818704084,,-0.032495124005242466,,,3.6987581929372624,0.4801319828380674,-0.14591722806245844,0.500948313725319,,,,,-0.14998540597499882,3.3237772690739726,,,,,,,,,,-0.22821649898731566,,,,,,,,,,,,-0.34110467153671004,,,,,,,,,,,,,,-0.06740990876087705,,,,,,,,,,,,,,,,,,,,,,,,,,,,,,,,,-0.2701786795904068,0.6950034911166141,0.49606445601450083,0.8215270647716871,2.2520684688215256,,,-0.26320781449570824,,,0.7890362019442169,0.17353369099323349,1.773587581549993,,-0.3303860563527955,,,0.1593037637440172,,,-0.5967743077989479,-0.5885257239130657
,,,,,,,,,,-0.44965938447947257,,0.03376149580779461,,,3.5033544646979338,0.5461217026342471,-0.2917970119933115,0.8080717549969326,,,,,-0.255420723912233,3.7440100026520744,,,,,,,,,,-0.09737346052566603,,,,,,,,,,,,-0.3029294018570489,,,,,,,,,,,,,,0.044775343049030844,,,,,,,,,,,,,,,,,,,,,,,,,,,,,,,,,-0.410954575489218,0.602940682754898,0.4246280448071406,0.7602109425921778,1.5945988550080088,,,-0.23092270866934103,,,0.9501268228506763,0.021059322706817568,1.9901622590102461,,-0.19261504607832564,,,0.02200593751799575,,,-0.5824616053673339,-0.577289370461368
,,,,,,,,,,-0.3268567301000094,,0.09108174046209132,,,3.4126678684126284,0.4296483430051677,-0.2186021959293902,0.8016924516566013,,,,,-0.1702461245078345,3.7877286798045295,,,,,,,,,,-0.19544155177387945,,,,,,,,,,,,-0.16104581641739957,,,,,,,,,,,,,,-0.001996771498054771,,,,,,,,,,,,,,,,,,,,,,,,,,,,,,,,,-0.4521675547579789,0.3175162480850059,0.4998799258423853,0.7878723157802101,1.608162156046197,,,-0.3793330658350339,,,1.0245395038159972,-0.018438116869221626,2.1295535872296814,,-0.3498488440306456,,,-0.0057855066982389165,,,-0.5732082064419459,-0.5770793508296077
,,,,,,,,,,-0.34920562514109277,,0.1447809563316411,,,3.3379923983643396,0.9323424780537312,-0.1263746004766607,0.6476317118693556,,,,,-0.2750843065783762,3.7860022029635565,,,,,,,,,,-0.2352601796379807,,,,,,,,,,,,-0.23137756320864555,,,,,,,,,,,,,,-0.08893614553614314,,,,,,,,,,,,,,,,,,,,,,,,,,,,,,,,,-0.2647008698690646,0.46861487750801994,0.404826269054462,0.7534280205215109,1.542783233666655,,,-0.30624041884389824,,,1.1083866183066564,-0.10183589593961599,2.0962018369774476,,-0.35361957155976204,,,0.005626798547795847,,,-0.5861810102442696,-0.5925321002877453
,,,,,,,,,,-0.2632302363226724,,-0.08342361349295267,,,3.5292558161870744,0.7818954668561047,-0.2529830134227316,0.4646545613859892,,,,,-0.24294556835112324,3.4763255860537865,,,,,,,,,,-0.2356328862020792,,,,,,,,,,,,-0.3513729271263145,,,,,,,,,,,,,,0.057333247389042497,,,,,,,,,,,,,,,,,,,,,,,,,,,,,,,,,-0.2796324807849623,0.658222734023728,0.4627086744774291,0.7793427078926441,2.256629798592359,,,-0.2858726147783396,,,0.844245765302705,0.13027647489747954,1.776106526682347,,-0.5604508907655549,,,0.08445787676031437,,,-0.5793595911479217,-0.5947255222934091
,,,,,,,,,,-0.25869256960637,,-0.15532223416971597,,,3.3239292369540037,0.38423483605311143,-0.26287094275284945,0.60104905975366,,,,,-0.2286036021572905,3.697075276627678,,,,,,,,,,-0.18856644714037296,,,,,,,,,,,,-0.2835544809702956,,,,,,,,,,,,,,0.07731461442388074,,,,,,,,,,,,,,,,,,,,,,,,,,,,,,,,,-0.48208777743062214,0.5972984167593123,0.4920058844532303,0.8158962330005665,2.0506927856739567,,,-0.29606677988473457,,,0.7618299227060666,0.3047101246611809,2.0884716546607938,,-0.5977123732137957,,,0.08121187735723394,,,-0.5691928507163014,-0.5674119832710668
,,,,,,,,,,-0.299060990931065,,0.008582301714335048,,,3.4711207544677087,0.41338308715275407,0.0037433789865011623,0.3042940248370902,,,,,-0.24201009241551508,3.525605434737084,,,,,,,,,,-0.06842999451610722,,,,,,,,,,,,-0.33914652765164605,,,,,,,,,,,,,,0.07619207246604676,,,,,,,,,,,,,,,,,,,,,,,,,,,,,,,,,-0.4256275984734976,0.7393174429307513,0.4286819418465193,0.7749796308168843,2.101845868207644,,,-0.2956848509314653,,,0.9427323850337589,0.19043347195802113,2.0005277226148244,,-0.5153543384979691,,,-0.018832908046440888,,,-0.5807860098321009,-0.6290366256078254
,,,,,,,,,,-0.18156674673974166,,-0.06348042448014167,,,3.4670449879583574,0.4713752279337137,-0.09903675596256534,0.5928895403389691,,,,,-0.2254125065263522,3.6847788032716284,,,,,,,,,,-0.23183763033456412,,,,,,,,,,,,-0.28733942830523046,,,,,,,,,,,,,,0.039774625455146796,,,,,,,,,,,,,,,,,,,,,,,,,,,,,,,,,-0.394148495285274,0.304499537187547,0.506499857891185,0.8833934924793551,1.8583645680678087,,,-0.23405681871401748,,,0.9928712331066617,0.055763946856512,2.032478983062576,,-0.5297147043986298,,,-0.00029777776509172125,,,-0.5746747052317205,-0.5885829803286527
,,,,,,,,,,-0.19101766688566615,,-0.10354566824553434,,,3.4761757476147315,0.5000815322575858,-0.31296177054008206,0.6652215815509156,,,,,-0.20013594005012145,3.543243579789875,,,,,,,,,,-0.2813923350785505,,,,,,,,,,,,-0.26632085211391987,,,,,,,,,,,,,,0.06706147949939845,,,,,,,,,,,,,,,,,,,,,,,,,,,,,,,,,-0.31833651546023756,0.8383289744983148,0.40982147823504145,0.8972191542071263,2.039142449576391,,,-0.3611432595588694,,,0.8530552095067977,-0.034832838552429364,1.9207871073856078,,-0.22182129459794278,,,0.09822678639973646,,,-0.5916753154290078,-0.5880238432397122
,,,,,,,,,,-0.3430623297350133,,0.06801732103939216,,,3.233076510929216,0.6917525365741662,-0.26766098109360253,0.6894036607760492,,,,,-0.3248427351476855,3.8336006932993145,,,,,,,,,,-0.2197831161511333,,,,,,,,,,,,-0.3269648738995359,,,,,,,,,,,,,,0.05121201812686841,,,,,,,,,,,,,,,,,,,,,,,,,,,,,,,,,-0.5905326721102608,0.701437012901663,0.36908155060228504,0.8318735270450988,1.5518273995221796,,,-0.3445848041313745,,,0.9766482634833308,0.3457359356849202,2.141072994930663,,-0.5318181759272823,,,0.08201705834727419,,,-0.5735230361393877,-0.5672757273526794
,,,,,,,,,,-0.2992853699436052,,0.00710763409810868,,,3.211141986114705,0.36309035585462435,-0.09668425189418363,0.4900580207547328,,,,,-0.32010114787066085,3.7646009942387546,,,,,,,,,,-0.2235425250034616,,,,,,,,,,,,-0.13343214664578895,,,,,,,,,,,,,,-0.10451793179946293,,,,,,,,,,,,,,,,,,,,,,,,,,,,,,,,,-0.07721349017241147,0.442672129179199,0.5606072697412194,0.805637220900143,1.7222133955903487,,,-0.2497337162128491,,,1.056541384559285,0.6628144191570035,2.1714852417844828,,-0.5305627971339086,,,0.04950124960723441,,,-0.6032908147683416,-0.6154212677429127
,,,,,,,,,,-0.3737259106810057,,0.012941914884417226,,,3.4696602032702217,0.612876108648959,-0.14425489072686917,0.5400771747919372,,,,,-0.21368011706839968,3.6100493569724716,,,,,,,,,,-0.2184309401407614,,,,,,,,,,,,-0.4072080344492302,,,,,,,,,,,,,,0.02052345246707558,,,,,,,,,,,,,,,,,,,,,,,,,,,,,,,,,-0.5263190117608489,0.7516681760526289,0.4052783269826434,0.6786172477274036,2.011399906855295,,,-0.2251062333447407,,,0.9280831230610026,0.37937878536535596,1.8915630171349505,,-0.5752526528951906,,,-0.017919095132139823,,,-0.5731918140006895,-0.5793245525372128
,,,,,,,,,,-0.22600595985586613,,-0.06941110892448529,,,3.3931269149227012,0.602754630357434,-0.2784879671485772,0.6570948365236771,,,,,-0.24750934226873522,3.6371537352295964,,,,,,,,,,-0.19827142280340224,,,,,,,,,,,,-0.26884231257423696,,,,,,,,,,,,,,0.04469408401496178,,,,,,,,,,,,,,,,,,,,,,,,,,,,,,,,,-0.30237085591842133,0.5189949173250362,0.397846699473329,0.9057982315642407,1.9723968834585395,,,-0.3129679778236128,,,0.8891796119349751,0.08090433967609204,2.061118166923115,,-0.43940566510898704,,,0.023424189388556525,,,-0.5836915740166331,-0.5661884137619773
,,,,,,,,,,-0.3305202683382526,,0.024735237005027323,,,3.5124702396952228,0.6435942916300584,-0.18214162619586555,0.5295451055868526,,,,,-0.21773437311947078,3.561275921466118,,,,,,,,,,-0.20322838997438852,,,,,,,,,,,,-0.2588457503386464,,,,,,,,,,,,,,0.0764839488915597,,,,,,,,,,,,,,,,,,,,,,,,,,,,,,,,,-0.215960850026681,0.5744623033499933,0.3735985854054482,0.7431118131572765,2.0191560354296474,,,-0.28812947847557274,,,0.8619561624175349,0.3005837459659429,1.9373033983212091,,-0.6028734212885308,,,0.10060035667536181,,,-0.5890655903290839,-0.6008410672649782
,,,,,,,,,,-0.35573602231987794,,0.12759871100402212,,,3.287927388000432,0.6023711476111071,-0.1855882457735405,0.636249111206978,,,,,-0.2649025004609608,3.8367161082445778,,,,,,,,,,-0.20274807268095688,,,,,,,,,,,,-0.2623461301908559,,,,,,,,,,,,,,-0.11973383692769327,,,,,,,,,,,,,,,,,,,,,,,,,,,,,,,,,-0.4792363316985595,0.7284728643888507,0.5002587105734023,0.7873220340651559,1.442082149695296,,,-0.3400446640904983,,,1.022621538428963,0.31781130508009353,2.1523416761141165,,-0.3765079359740455,,,0.0032535016375738347,,,-0.584462841178799,-0.5762547482010187
,,,,,,,,,,-0.19827369392002764,,0.0806468022746746,,,3.5603962570251557,0.6154339618231316,-0.22867475031409845,0.5037728783842133,,,,,-0.2890137846255768,3.3738694576286914,,,,,,,,,,-0.26927444003634465,,,,,,,,,,,,-0.36511870258588985,,,,,,,,,,,,,,0.08769524790323821,,,,,,,,,,,,,,,,,,,,,,,,,,,,,,,,,-0.5192641176056806,0.9927174650118546,0.4135389577712066,0.6190442390256404,2.107896662111875,,,-0.27393122113396057,,,0.8501184941159086,0.5399333099236902,1.8603848534419198,,-0.4710255806854818,,,0.13065450039193285,,,-0.5964330361784582,-0.5963815960778847
,,,,,,,,,,-0.37358815575941307,,-0.018242492992935636,,,3.341949892569256,0.5486839325890389,-0.22630594173676202,0.39920808488894094,,,,,-0.25462307693968184,3.6393190866266116,,,,,,,,,,-0.13650378651598435,,,,,,,,,,,,-0.3791205227292463,,,,,,,,,,,,,,0.021034697104616237,,,,,,,,,,,,,,,,,,,,,,,,,,,,,,,,,-0.5001894909230763,1.1025908870479089,0.3309389810244009,0.8446945600286437,1.8948446757674504,,,-0.17861418293863818,,,0.8939886343697241,0.49689313181982214,1.954013698356834,,-0.5131221449073764,,,-0.02754099250602273,,,-0.5845595215565506,-0.5944620617854812
,,,,,,,,,,-0.3445410314852598,,0.005750944271856576,,,3.4649730293989323,0.6369971670803205,-0.15607311623203549,0.5147452417573365,,,,,-0.2535038651202276,3.500154494834568,,,,,,,,,,-0.20011300854982605,,,,,,,,,,,,-0.2871640475931421,,,,,,,,,,,,,,0.002951156869999346,,,,,,,,,,,,,,,,,,,,,,,,,,,,,,,,,-0.398970031232565,0.9490773262782911,0.3386044391553498,0.89549695352906,2.0627376300399396,,,-0.33825898502071144,,,0.8525304756726455,0.2647596903597954,1.8707049744924507,,-0.3643591611313405,,,0.03088875832175161,,,-0.5930631379862364,-0.6140756014367177
,,,,,,,,,,-0.2218625935133826,,-0.06193470583515841,,,3.5786034224331233,0.6155572476248791,-0.3795521586658246,0.6179748022278817,,,,,-0.17028009540835862,3.2721973295331344,,,,,,,,,,-0.1693940007294594,,,,,,,,,,,,-0.33438914439426,,,,,,,,,,,,,,0.15250473478231064,,,,,,,,,,,,,,,,,,,,,,,,,,,,,,,,,-0.243982908506651,0.5488811641661677,0.44033947015664193,0.7685698965813805,2.4090187230073075,,,-0.3072364892993208,,,0.8313737462635591,0.38705823197105876,1.7954319056314934,,-0.6437624557165368,,,0.058703805973999254,,,-0.5883554512856356,-0.5982703020860674
