fg3m,fg3_miss,fg2m,fg2_miss,ftm,ft_miss,orb,drb,ast,tov,stl,blk,pf,season,poss_pct,gs_pct,age,efg,ts,p3r,ftr,fg3p,fg2p,ftp,astr,tovr,orbsh,q2,q3,m2,m3,xps,mpts,unast,russ,blkrim,loose,techflg,stolen,offoul,astrim,astsmr,astlmr,astc3,astab3,blksmr,blklmr,unastsh,russsh,blkrimsh,blk3sh,stolensh,astrimsh,astsmrsh,astlmrsh,astc3sh,astab3sh,pot_ast,unast_r,russ_r,blkrim_r,loose_r,techflg_r,stolen_r,offoul_r,astrim_r,astsmr_r,astlmr_r,astc3_r,astab3_r,blksmr_r,blklmr_r,unastsh_r,russsh_r,blkrimsh_r,blk3sh_r,stolensh_r,astrimsh_r,astsmrsh_r,astlmrsh_r,astc3sh_r,astab3sh_r,pot_ast_r,exp_yrs,exp_poss,entry_age,height,weight,draft_pick,tenure,n_teams,height2,weight15,past_apm,past_poss,past_rapm,past_apm_o,past_poss_o,past_apm_d,past_poss_d,turn,Max_Shadow,Min_Shadow,Mean_Shadow,Median_Shadow
0.0,0.0,0.0,0.0,0.0,0.0,0.0,0.0,0.0,0.0,0.0,0.0,0.0,0.0,0.0,0.0,0.0,0.0,0.0,0.0,0.0,0.0,0.0,0.0,0.0,0.0,0.0,0.0,0.0,0.0,0.0,0.0,0.0,0.0,0.0,0.0,0.0,0.0,0.0,0.0,0.0,0.0,0.0,0.0,0.0,0.0,0.0,0.0,0.0,0.0,0.0,0.0,0.0,0.0,0.0,0.0,0.0,0.0,0.0,0.0,0.0,0.0,0.0,0.0,0.0,0.0,0.0,0.0,0.0,0.0,0.0,0.0,0.0,0.0,0.0,0.0,0.0,0.0,0.0,0.0,0.0,0.0,0.0,0.0,0.0,0.0,0.0,0.0,0.0,0.0,0.0,0.0,0.0,0.0,0.0,0.0,0.0,0.0,0.0,0.0,0.0,0.0,0.0,0.0,0.0
2.209154874703112,1.2714275698355995,-0.24154700797145479,-0.2848148717831879,1.5948978548661694,-0.24177704210201076,0.7844905640773416,-0.1858218938963107,0.5188998895774001,-0.18758300965559,1.6111756548189173,-0.1572578687251061,1.189340787397618,-0.053738347822440226,0.2879588856365148,0.3228259094386822,1.7506377306603564,0.19620015648114106,1.328698291579156,-0.23862504110893581,-0.28740182356560895,-0.22178445356646437,-0.2065347542198721,0.47540640867057465,-0.2931629198310071,0.28958047368476564,0.5222206327274562,-0.19421186385683425,-0.24440838995445502,-0.10081344923839666,-0.19117274044486499,-0.27489684157817557,0.32981329221481787,-0.2601673613352482,-0.30872367360096686,-0.15252492615724528,-0.16678966584331267,-0.056551864139728666,-0.05933082964754041,-0.18556746882662936,-0.24197404646644033,-0.3092708230673502,0.12903187890329226,-0.31312531214575323,-0.27867149078352277,-0.18576448888930394,-0.2582753177257423,-0.2759623364819397,-0.3077944367584048,-0.2865678314739074,-0.14087545331144566,-0.23728711244406447,-0.060156577839506994,-0.24173154392100005,-0.2893031961941927,-0.24745109275284544,-0.31765812362872514,-0.28147170641706554,1.5311822997327105,-0.28793126039429967,-0.27302918436991214,-0.06074756722744279,-0.12761973530934473,-0.30624112893390504,-0.33324988972459096,0.07294510568893027,-0.3196224686446416,-0.3018135708999271,-0.0856722646947381,-0.2767910218043996,-0.006813665462648724,-0.21593238104055057,-0.36699700352841114,-0.27199626242456854,-0.21438898666746267,-0.21108377569282186,0.11757832344870722,-0.1528215217277221,-0.2892870143814344,-0.21238613252432637,-0.2167746217486076,-0.36699700352841114,-0.10160968110666271,-0.1966022489888349,3.4182624038832086,-0.13189709773512928,-0.16507316314249051,12.282602552018488,-0.03196142788982799,-0.12874366128111817,-0.16324115916011356,-0.36699700352841114,0.18323365057540691,2.026455490800761,0.37025519501310955,0.7256526828758046,-0.36699700352841114,-0.36699700352841114,-0.31482367584974796,-0.001672520887464503,1.8469017340372431,0.015137308616564872,-0.36699700352841114,-0.20874721967146434,-0.21649711396488078
2.3238835253498116,1.3439258149387545,-0.2870085669711174,-0.3207346374648308,1.5685941773047807,-0.24711909292819162,0.6751626879446131,-0.1403559093836008,0.7606479839296562,-0.2575055740058075,1.6665637727313005,-0.17789202786184077,1.111962249419817,-0.08619080557845012,0.33408283248187526,0.31691719514718064,1.7855963792159515,0.03377233358296506,1.3397886683925255,-0.36794990438223013,-0.12417008947691123,-0.25904536349477303,-0.1992955846250983,0.534897471161959,-0.1903978753562311,0.4009799505968331,0.472926232761707,-0.01906214679780327,-0.29639325374075676,-0.21587096867000422,-0.22579497862648315,-0.209832371727533,0.3654170652577999,-0.30750490121221213,-0.36794990438223013,-0.17723894048073202,-0.15253233152639714,-0.1426884298308968,-0.08440240113522378,-0.17862943958578614,-0.2509928840277527,-0.2800541446995615,0.1315424519515948,-0.2698915924777901,-0.2762927787688637,-0.25479895098492594,-0.2779804892632942,-0.3250679745681957,-0.27227095031946263,-0.2802012930349285,-0.1372924662053976,-0.14396195235240283,-0.11622340018063074,-0.2674099057932221,-0.1969638375830652,-0.23460696840071574,-0.30215274896468153,-0.30262983962905066,1.5850495865503473,-0.27909670257138575,-0.3197222884176887,-0.14546250207000005,-0.06357113673086924,-0.28725142847351837,-0.36794990438223013,-0.20573721279278362,-0.31052378199830516,-0.31924360950838415,-0.1574892721082795,-0.259534835911052,-0.16916246306986793,-0.2876391624150682,-0.2832507058203094,-0.30293815688984704,-0.1936056710620462,-0.27778782748079633,0.08249542087982965,-0.2722146851995919,-0.25849389720085963,-0.16858041469302956,-0.19079904168426454,-0.28719206587208235,-0.09447222633153114,0.09197725963132669,3.147759485984683,-0.18687835961732072,-0.20005877251824047,12.306480048361614,-0.019127701662174708,-0.1587368462778806,-0.21928629146142015,-0.36794990438223013,0.09194996041521343,2.0932642919677398,0.41615447120521915,0.7380950332785311,-0.36794990438223013,-0.36794990438223013,-0.2824816761830685,-0.032064746686300445,1.7633613040182288,0.00942255293044305,-0.36794990438223013,-0.20351175126461268,-0.22217982878298162
2.32124099828103,1.0069304059348068,-0.1377970125712853,-0.3304691396630879,1.5990502809471463,-0.1696377738712877,0.6656334676019973,-0.1292021256731358,0.46584622186308366,-0.16913393803412052,1.6762814936381298,-0.21504393810400252,0.9190178220417474,-0.16866558067929044,0.39268887120602114,0.27646411560758993,1.7565174806915747,-0.029359366279289412,1.207041470176763,-0.3210966495453333,-0.2011795301786899,-0.16225198734432345,-0.20743970498351336,0.39625715082653806,-0.296775682671571,0.13495436632697028,0.5128669227183058,-0.10686603627491237,-0.19935296036044642,-0.15736823405265166,-0.10645992980197164,-0.3143252520761126,0.3136990552948319,-0.28589665987373036,-0.3256564462896587,-0.15942677419866194,0.060593675122119814,-0.1078294783813734,-0.1322264798196686,-0.21963701258989005,-0.28595819182231946,-0.31359340397598634,-0.027967471515727895,-0.2740335314268328,-0.3167662606400631,-0.2210975753942573,-0.3192501001139491,-0.3714428684023202,-0.28326179117578565,-0.25335004441804465,-0.20869697814945043,-0.20868057605809123,-0.26884317087038273,-0.2672246272086035,-0.30255019075612594,-0.2700877621268501,-0.24058965657615583,-0.304845252601317,1.4202646027603927,-0.34606390025701067,-0.24104220394431955,-0.26365226833876454,0.05536238502901948,-0.33319233763353096,-0.29482035150437064,-0.01823500938627487,-0.26467619364413736,-0.30244040828257207,-0.16448887779858773,-0.29693399973202467,-0.10827415564161441,-0.18699399948582307,-0.30542695743290393,-0.323575569628135,-0.24646139183005683,-0.3031902853213833,-0.006698807012086758,-0.257288938270191,-0.3049804381182361,-0.184485885810035,-0.19184086544058143,-0.3673445825193398,-0.14101497879578034,-0.17196065741059596,3.017457864340675,-0.16428874400333857,-0.1396712164128477,12.489750366429675,-0.09006697137631692,-0.09289039274630241,-0.2801146348647629,-0.41324098450369057,0.06939129983570505,1.7880316612317793,0.34179065014290216,0.6500634803422375,-0.41324098450369057,-0.41324098450369057,-0.2739907671990692,0.3285186820463632,1.9148607906631228,0.257737334066884,-0.3754158809546603,-0.1830040563484969,-0.1946271989878474
2.634285307437246,1.1637522936763944,-0.21818860979544236,-0.2065471685473929,1.6598090850139098,-0.26955421181996037,0.764027487106826,-0.24458866786974348,0.5252864877738261,-0.30113708345561285,1.6644442963829797,-0.26477280328448516,1.0140052346816109,-0.006450765434555792,0.48824493195812063,0.37639950936194283,1.74063395243698,0.17683889214662407,1.3870813697529878,-0.30113708345561285,-0.14412816624740146,-0.30113708345561285,-0.20208443054691613,0.613021646977564,-0.13640959292867524,0.4555011615049156,0.29798811917768925,-0.16783815021332124,-0.30113708345561285,-0.2200520810997781,-0.2499522481551471,-0.08325234498899342,0.32889428319511727,-0.30113708345561285,-0.23759140906991397,-0.11491654749962434,-0.11912389906790398,0.05283018850230976,0.11580840576172223,-0.1491426620177065,-0.16303857867231497,-0.30113708345561285,0.1420346826471387,-0.30113708345561285,-0.25035822256698304,-0.0789107167793743,-0.20168599581997704,-0.30113708345561285,-0.30113708345561285,-0.30113708345561285,-0.11404046062311309,-0.16957322589426374,-0.30113708345561285,-0.30113708345561285,-0.22052627318847212,-0.30113708345561285,-0.2051278811138091,-0.30113708345561285,1.7048329875844122,-0.21777812314694672,-0.1704920379518958,-0.21725141418720037,-0.12727603545388863,-0.27515825707978864,-0.30113708345561285,-0.041781056442349654,-0.30113708345561285,-0.30113708345561285,0.12173679759548542,-0.2532222052643341,-0.13144716088111966,-0.2035774660353919,-0.24092437509877332,-0.22091442613808698,-0.16232011189713924,-0.2333551348103725,0.24729363027761106,-0.18860837047895979,-0.30113708345561285,-0.15375403917920213,-0.30113708345561285,-0.25158728319606616,-0.11050973706192461,0.3309536078778909,2.87777450270449,-0.18528507971722688,-0.12177743646198194,12.243590669197694,0.030100758333726284,-0.1776419837712529,-0.19323280172566393,-0.30113708345561285,0.07536222726681566,2.3274241313508517,0.9449680301431139,0.9058553956518942,-0.30113708345561285,-0.30113708345561285,-0.30113708345561285,-0.0383037851689482,1.4160085863804672,-0.011854270014564726,-0.30113708345561285,-0.23313447827710373,-0.24264267817175966
2.7739813056098357,0.7983607374970217,-0.3432368084237965,-0.27952006580290334,1.6649068548544157,-0.2966650208974535,0.5788144415695108,-0.14158865615079733,0.7601625525773292,-0.09139824029808855,1.7741013879326308,-0.2541722345285755,1.1643117821466353,-0.037512280746615084,0.4207632140194819,0.3450917010806828,1.7948520726469035,-0.0693555036747024,1.6957959681109254,-0.2902679582589035,-0.3432368084237965,-0.2268884543643497,-0.1718579859207677,0.5215496355750271,-0.24566250587465768,0.2717041329036069,0.48884916158145647,-0.1567006319131073,-0.2783982013162759,-0.20400094246094214,-0.19053972626693627,-0.24367940980420444,0.38348025990033385,-0.2924841703841422,-0.3432368084237965,-0.1523226985128283,-0.02712808545783628,-0.04804155674307724,-0.06992640135699185,-0.1755298467576486,-0.3432368084237965,-0.28121821757119464,0.06162483173201162,-0.3432368084237965,-0.3432368084237965,0.05393554620383597,-0.25133979465967504,-0.2686015828429953,-0.3432368084237965,-0.2587165012087816,-0.16588874768018683,-0.21577090183635142,-0.17395126774120775,-0.20874995851042866,-0.2266668539573992,-0.22856255790629662,-0.2907791906592533,-0.273554623947037,1.629670664566499,-0.3008348500794811,-0.22428202907544156,-0.2218112797874554,-0.18069697192294676,-0.3009355619553368,-0.26225908883534677,-0.08322872747947128,-0.3054547699885927,-0.2690845413673009,0.10234971549638493,-0.291575388541022,-0.3432368084237965,-0.21962753778980848,-0.3432368084237965,-0.2515334320600946,-0.17048919660017958,-0.15375679417698412,0.09169548443505547,-0.12088903735452686,-0.2950812543701198,-0.2538563789846106,-0.18726293279581802,-0.28442747325649664,-0.07503804525601872,0.421375694609956,2.913614806849069,-0.19777171554379394,-0.14948332202309236,12.203538322072978,0.06906901144838702,-0.2632364825956061,-0.22098389387907555,-0.3432368084237965,0.0043431718623791315,2.2903943498388584,0.35874879036481155,0.76304326779846,-0.3432368084237965,-0.3432368084237965,-0.20712960410894224,0.17158857488546986,1.5417878735959767,0.08979553644182085,-0.3432368084237965,-0.2150147774934673,-0.22951126730315705
2.4717861592857058,1.2602612218766247,-0.2688084374734741,-0.3418807847309672,1.7007671177157442,-0.27715394183939285,0.3690607804728959,-0.045394268539635574,0.7264184486714063,-0.275231131319464,1.7427404115009486,-0.22569071464852994,1.2132219356943492,-0.1810479303422021,0.3690880536036628,0.303223348605557,1.656234073287739,0.026411666722539227,1.294457880874443,-0.23352658311246588,-0.28147998255115636,-0.20210017310942502,-0.31423292098390027,0.4470452217874694,-0.18657576425050634,0.3878617518087189,0.738377282437859,0.03111288595925156,-0.265683299810547,-0.15865507576631305,-0.23453174978443792,-0.15219786085704506,0.49459408169211766,-0.30752015595842735,-0.24907769426083065,-0.14825912271819006,0.03840000386131674,-0.036047039779325364,0.017002798560738816,-0.1768180268184725,-0.17501321456915117,-0.3418807847309672,0.05281762886773663,-0.22233381245433306,-0.3418807847309672,-0.11199140982540032,-0.2369899043244696,-0.3106139338606845,-0.28184372224110055,-0.24695231189471462,-0.20819447921166057,-0.17358260594105396,-0.1713315574696678,-0.208683878230525,-0.31655420804899764,-0.21046699196608779,-0.22471532940516808,-0.2704036337743184,1.6046554444459982,-0.2559403254525876,-0.17957356873030406,-0.20480216304585028,-0.12814456749490186,-0.297141398001187,-0.3022102482567587,-0.00295504073429396,-0.2639161004755698,-0.2875124191564327,-0.1229666653452134,-0.30444347222672263,-0.16223716482554054,-0.23434197640559765,-0.3418807847309672,-0.2624334860343398,-0.19874389680891197,-0.161169587366225,0.05231832833659805,-0.24866240405109866,-0.1517306990878525,-0.20331584866141283,-0.2644863224126074,-0.29221627000300354,-0.20318460257739784,-0.152319501889574,3.0878371986797974,-0.0910802234716248,-0.26871764472803855,12.247668515337978,-0.051206550198648594,-0.1650849538057066,-0.20809532801369107,-0.3418807847309672,0.16380173576969576,2.201766793111581,0.4788271304808187,0.9360888416307828,-0.3418807847309672,-0.3418807847309672,-0.1844676404823776,0.20462116478365366,1.7037406114994817,0.06276276127857941,-0.3418807847309672,-0.21966574343922662,-0.2278495228110556
2.644616401877878,1.1364117657374821,-0.3114587890738658,-0.19348838187932318,1.9797651459533419,-0.12087755407215314,0.38350742378898695,-0.3114587890738658,0.7755320362716107,-0.24086257212870477,1.7669990853679922,-0.16719351151105677,1.2450031300882296,-0.012942613749842737,0.36543475399800796,0.3361385271588251,1.5906984207794104,0.20710614581073467,1.4085266670358283,-0.1767772874424782,-0.3114587890738658,-0.22936138630203234,-0.3114587890738658,0.48306051815507545,-0.19967658927619922,0.17971589058224255,0.4298606492888208,-0.11544876765156964,-0.20757981146492793,-0.2717586159223788,-0.2643689273834082,-0.16156811665945725,0.4660062751838409,-0.24665080026822736,-0.3114587890738658,-0.062020606909617845,-0.017800103373403073,0.018142328753425106,-0.01774888070909517,-0.09028421584744235,-0.2668333360736466,-0.3114587890738658,-0.1578781250359837,-0.2506653857822595,-0.2172251586164337,-0.3114587890738658,-0.3114587890738658,-0.3114587890738658,-0.3114587890738658,-0.3114587890738658,-0.1517069147582512,-0.04458781933387613,-0.17938002396824815,-0.19957598166467536,-0.2553722669122359,-0.3114587890738658,-0.23729845873662772,-0.15070094709221446,1.7695830423324084,-0.25927988151845877,-0.3114587890738658,-0.2369450426828173,-0.1588470386321139,-0.3114587890738658,-0.27147322216229414,0.01751728269338769,-0.22568881579096217,-0.3114587890738658,-0.045909548420885966,-0.2173491570438193,-0.12440204531001674,-0.2348771694681219,-0.1908456401941979,-0.21664187577247543,-0.2792428993009084,-0.23599280008119725,0.18642375528135896,-0.1542375079472338,-0.18782473522265955,-0.16697373087158085,-0.24364468024339675,-0.26501457566804326,-0.19998534497201803,0.31809340658996493,3.582318071665334,-0.2541786684504278,-0.12083618264322774,12.049787154251241,-0.05868286984567955,-0.1963687824331807,-0.13684619380677734,-0.3114587890738658,0.1164893128292447,2.2399303132041744,0.3926902058240565,0.7729105260921992,-0.3114587890738658,-0.3114587890738658,-0.3114587890738658,0.33382626200437104,1.3728279717410583,0.10704262005598779,-0.3114587890738658,-0.22833152385078048,-0.2392915764303164
2.396328497660134,1.518458540990384,-0.36310135940177934,-0.24604857185578813,1.6358403455158734,-0.23688570407822748,0.7481152582781732,-0.19122834841946143,0.6332151372171684,-0.1578390482201868,1.8421514752525723,-0.24116452177640935,1.0706112195089155,0.008366455407622795,0.26816082680920306,0.36910423175714335,1.797924699120032,0.21254943489988415,1.241373856755069,-0.18409422502611744,-0.23762215116532862,-0.19194777282258565,-0.21344053590005335,0.5347548805230566,-0.2808315907012323,0.24073518447064512,0.4749588070602133,-0.08850540961744116,-0.3244241695367221,-0.1625788307021823,-0.19685134669304752,-0.23351161128358444,0.3438965887210948,-0.32555076444716924,-0.36310135940177934,-0.11761110379822129,0.10026632274582667,0.02649847769832419,-0.09533672703857742,-0.21744870391817447,-0.2698459679838414,-0.24429487052468246,0.06344328832630815,-0.3275999459555298,-0.290631462498421,-0.1478097635937855,-0.24547874454336016,-0.3066629642975973,-0.18740871491629033,-0.30000485405998106,-0.2367164132724161,-0.059619964914357476,-0.31191408052564623,-0.2444007834347442,-0.30634181317368603,-0.2732342630480902,-0.3122817903246806,-0.36310135940177934,1.5550743136766014,-0.2802948037855413,-0.36310135940177934,-0.16883359455176905,-0.20955366629877342,-0.2331612019452797,-0.3255966573052485,0.023607560029323117,-0.28783838583541344,-0.32090244003078444,-0.054609937682637964,-0.26984109185380817,-0.17340652792236036,-0.20772396787884811,-0.2859016289817978,-0.11053934439388671,-0.21738883171200576,-0.21159262509091345,0.06112291185997809,-0.21107645812051554,-0.2763136108577757,-0.1734232383384927,-0.22765602253918787,-0.29656317734803656,-0.09970770396501781,0.3409489539792722,3.00794944318008,-0.2655193367922759,-0.18971337542043076,12.263095935077832,-0.08514778786678157,-0.0847537263241396,-0.2338226722493572,-0.36310135940177934,0.125810596933609,2.1231257234987932,0.3071063104622168,0.8251573793142093,-0.36310135940177934,-0.36310135940177934,-0.2735431952472849,0.17907481669988584,1.7471859566171137,0.0835975565426991,-0.36310135940177934,-0.21547238980027844,-0.2313577485216434
2.569157447267224,1.0929411004586715,-0.23167809099788916,-0.3249111432666702,1.7368450744023698,-0.2189416935931705,0.8407578090061119,-0.19317025951994243,0.7762937595967916,-0.20106686470738014,1.6834053043792212,-0.2681665730155898,1.0813899140286827,-0.07698151634418171,0.3071318698876053,0.3113690650307814,1.9044701442798277,0.09850842765054674,1.2714801014810868,-0.27184620489381944,-0.2201174514330002,-0.24269783561652752,-0.13178006695658936,0.5000934200090815,-0.1917984930490553,0.316546763310644,0.5947478040539917,-0.06780881023777506,-0.26566930590935794,-0.2392394761592832,-0.22218727237506997,-0.1933541573726612,0.39470251038126747,-0.30878203783426994,-0.22538911996872138,-0.05450428437460681,-0.031046411136140362,-0.1322139638188593,-0.07460522691665575,-0.1654837739399528,-0.36546708503044883,-0.28818811064827166,0.12413220772184254,-0.27835119424576027,-0.2931613700369364,-0.14795085573418965,-0.26386426177469696,-0.3003598981692316,-0.25016930722538105,-0.31635581496004805,-0.15797999209770244,-0.33712955087792,-0.2628843636874438,-0.2168681925339437,-0.2313077967217835,-0.26662193158046016,-0.28070621972838994,-0.18398720684852693,1.5546670547650216,-0.31366177120218286,-0.2544563494686797,-0.19660070127566467,-0.027812822365736373,-0.3068770915826082,-0.28810031251952417,-0.15203623831064153,-0.3283145723586437,-0.3213028069312572,-0.1103641618361596,-0.2958315413117102,-0.11282753899947882,-0.25651611404884295,-0.2582077169228093,-0.24979678111386372,-0.19916736919279437,-0.29360666449961736,0.15783828529740387,-0.10381827268478604,-0.30828670564625077,-0.20118866120067408,-0.3153611858447245,-0.3278236030424131,-0.02950268990797278,0.13624549673674166,2.9926214456845424,-0.1558502961364731,-0.1829236687474176,12.267649305399292,-0.05667487218848379,-0.05143591306710471,-0.36546708503044883,-0.36546708503044883,0.0690703577878471,2.1336271662954127,0.6279905966292988,0.7642128375718206,-0.36546708503044883,-0.36546708503044883,-0.2650866337649691,-0.0248282506878903,1.6478628683535237,-0.011367311069144632,-0.36546708503044883,-0.21297856737769483,-0.22243506797279025
2.5559046314251734,1.1969885904278914,-0.2585878850783138,-0.27685110145625624,1.7458098952100312,-0.18971854131237956,0.5951478838012985,-0.2254461054073543,0.8598854868570553,-0.18556972903953914,1.7407031814903091,-0.1893705557082171,1.2688709978489874,-0.09966451153926946,0.3958932630861748,0.31172403181603586,1.5653195313457322,-0.05899087439783039,1.549245622230763,-0.3220678539389799,-0.10995022674964366,-0.1932046331714087,-0.24957109325817886,0.49528122971502997,-0.2345452046214009,0.23938771674499357,0.5547199290829786,-0.09837014400330925,-0.25816083508152,-0.21696494355845972,-0.2901381788442706,-0.16310786284458054,0.3912095642625664,-0.3220678539389799,-0.3220678539389799,-0.14041939396841907,-0.1678472712655594,-0.11501193221222261,-0.03770415556276866,-0.14945413197322324,-0.2562955976183984,-0.2851439445484963,-0.004449456734786916,-0.3220678539389799,-0.21080330365537142,-0.15012394085944192,-0.2490222358801796,-0.2672289611083207,-0.3220678539389799,-0.26496052154070915,-0.1502587876555516,-0.21853488474109012,-0.2150669477461348,-0.20454843267951944,-0.1555633760585255,-0.22307891994218632,-0.24097196072673818,-0.3220678539389799,1.5873410328160786,-0.24036343467341414,-0.2513949917563105,-0.06291083548932537,-0.049493985755437314,-0.25130438757835566,-0.09898731366798962,-0.12672297573348743,-0.3220678539389799,-0.18652475490134998,-0.005495799200526504,-0.3220678539389799,-0.19584820776892342,-0.1319046113086743,-0.3220678539389799,-0.23739906711327327,-0.2247817789820598,-0.18580187742004034,0.10012404828610724,-0.20870750484594502,-0.2056908430444869,-0.1922359870582718,-0.2531956675646738,-0.264184428335696,0.0009889798741066903,0.31939552929669524,3.0162531075512637,-0.16794819898155086,-0.13795007938637519,12.209436576791598,0.08224654630020856,-0.09620955795127632,-0.24312094229326495,-0.3220678539389799,-0.07413646652592407,2.2733375829687366,0.5667858205779734,0.8086187797421219,-0.3220678539389799,-0.3220678539389799,-0.3220678539389799,0.057798082889707454,1.703743252010598,0.1920548431813442,-0.3220678539389799,-0.22681450013225007,-0.24077639184587618
2.503672729348986,1.0461691294066102,-0.3209528569737187,-0.2537122125414505,1.561089896541599,-0.2811527061701519,0.9305334831827822,-0.03676808955325649,0.7539483155943759,-0.241842117760867,1.612514127941038,-0.08928533334601546,1.1075641611855556,0.0842561310746007,0.29486134955345317,0.29955889685781806,1.9960486432295912,0.10451169545468632,1.4185251994048147,-0.3393654115826349,-0.28995783760482013,-0.21854929817580443,-0.2771821793099629,0.4993191406721799,-0.26460542916706037,0.4079442110501694,0.5156115096331219,-0.029690760841202434,-0.1726698806899212,-0.24151009417740024,0.024600712788690696,-0.16300409998140486,0.403627160233313,-0.32357880766831126,-0.3748794053131179,-0.0352256706917158,-0.050924871633522245,-0.013410343658604329,-0.016173322975210336,-0.21685226730986254,-0.3337729075425469,-0.24794661784757163,0.09431537588235459,-0.33805863236738826,-0.34401702217361707,-0.16423200421125372,-0.3008811473259002,-0.21788725398268996,-0.22897994294430488,-0.2844269153019293,-0.2171191425086379,-0.24983079260935925,-0.14699878537607697,-0.21923545881192094,-0.2525807126011812,-0.22391661878695007,-0.33375108002988985,-0.22447452819696118,1.5297232459904804,-0.3748794053131179,-0.3748794053131179,-0.18008727759458423,-0.13046503056356215,-0.2962419647235212,-0.27563736787707127,-0.12262474254034689,-0.3027711995913286,-0.33236630953259433,-0.10856875559186534,-0.14143711290741676,-0.2241659363488374,-0.24591959529325,-0.2737213493064965,-0.18426574154311806,-0.25890728606569063,-0.22623504907587458,0.15297150547857102,-0.007123612197546696,-0.30903431652470487,-0.20510174831407355,-0.2773472013356391,-0.27625429266455986,0.04118750377954102,0.0854720155350949,2.814565133275849,-0.18915209753584458,-0.1678378006434438,12.315157376589013,-0.017902071226502236,-0.12187807264783608,-0.28597583469834365,-0.3748794053131179,0.12562134122678945,2.1672474536574207,0.4507398784797315,0.7313624182323203,-0.3748794053131179,-0.3748794053131179,-0.29120424944864964,0.1629570587971638,1.698220950518363,0.13488000674423345,-0.3748794053131179,-0.21809774404449098,-0.2147791285591338
1.2698087645851601,0.6680545002229293,,,0.6796051537369898,,0.3124371447144874,,0.1829393909199368,,0.7876291053496906,,0.5127228277039082,-0.2960556543968167,-0.11553062835293836,-0.05215039768448527,0.9411748534814848,-0.2826702819470006,0.5959241735634891,,,,,-0.03133455423375728,,-0.04321459398937483,-0.005653413556215281,,,,,,-0.055933656195039816,,,,-0.08746279152601563,-0.15354281454534288,-0.3908585195690789,,,,-0.2716927373390827,,,,,,,,,,,,,,,,0.6398200242155025,,,,,,,-0.0862139102630198,,,-0.35725027208552146,,,,,,,,-0.17920488662481515,,,,,,,-0.3347874400984196,1.7868768366897525,,,7.269483820301947,-0.34141297174363294,,,,-0.09872282354448313,1.0879530147982834,0.037192558087883465,0.10414234930042936,,,,-0.07148661500033489,0.8030151002578604,-0.24081299373667583,-0.5316525262601037,-0.41210287586383865,-0.4121514521981687
1.2807633831072882,0.37300912269233005,,,0.6358178954805828,,0.09046246356699979,,0.2030612460749699,,0.8732186456955655,,0.38889076277696033,-0.32724230042896424,-0.1369182313473527,-0.19332954884863982,0.7277488811472109,-0.22730098644385133,0.6077496681544478,,,,,-0.08107629151001693,,0.02488683265206221,0.07297550293410134,,,,,,-0.18773288737711488,,,,-0.10569209848074222,-0.03555748098591673,-0.3851428192228716,,,,-0.17837737862884537,,,,,,,,,,,,,,,,0.5314982716252262,,,,,,,-0.07121561107381905,,,-0.23726681224706694,,,,,,,,-0.2111518137072065,,,,,,,-0.28634732556670134,1.763354820916326,,,7.395409972549944,-0.23147734293116246,,,,-0.14274301743966059,0.8597403820024525,-0.07751054700172302,0.021176605714629038,,,,0.18242404770364687,0.9180643932466783,-0.2866682311682228,-0.4756522599006526,-0.3952620115657075,-0.39677142550360966
1.0773746382186962,0.5110790514249758,,,0.6409876678412045,,0.24923020976671892,,0.13595020617100284,,0.8193389288636732,,0.4985219419357739,-0.2703302648898528,-0.1775658374328366,-0.13869568908925137,0.795936558703045,-0.1145426549199859,0.46702735607505313,,,,,-0.008192493132313646,,0.06607110008082408,-0.03591339346585553,,,,,,-0.14332377050846432,,,,-0.1305746211968653,-0.15231447576809,-0.3775455152638268,,,,-0.18946610318140922,,,,,,,,,,,,,,,,0.546564731428332,,,,,,,-0.15652589187553487,,,-0.20766593098473513,,,,,,,,-0.20100594198437605,,,,,,,-0.07297744443124039,2.1677922321164296,,,7.292053779133986,-0.3100166304753246,,,,-0.08912864021510887,0.9542470112303134,0.004724562725448936,0.0895875565121929,,,,-0.2638073361825982,0.8582114766516068,-0.2090375850588597,-0.5136656593624792,-0.403860182110903,-0.4100372655482455
1.3414924909687505,0.2152736029338618,,,0.6066423819468296,,0.18435488346335482,,0.059127407054558385,,0.8265885890858787,,0.5091281781998084,,-0.18284926507985988,-0.14580126889039066,0.8549394155073933,-0.2675036581286005,0.45008888744135916,,,,,-0.040424555376384154,,0.0012116593471695272,0.03823383540908044,,,,,,-0.11433630496771036,,,,-0.09562681999014869,-0.19050539428981833,,,,,-0.060510651373776765,,,,,,,,,,,,,,,,0.5475721289712303,,,,,,,-0.048520267961271644,,,-0.2543820066902091,,,,,,,,-0.2219788803782994,,,,,,,-0.24081063457535928,1.4706571204617382,,,7.1963854704818955,-0.25022265972987545,,,,-0.1026658578399016,0.9001704686332429,0.26484911787367066,-0.042457604206878316,,,,-0.20732967727520824,0.6912179656609546,-0.2986708411771587,-0.5145454809673184,-0.41490933626324517,-0.4124496655479181
1.1570698683318352,0.40523819054521026,,,0.5971218239273801,,-0.019829388710035607,,-0.0783290665662514,,0.7767338284281433,,0.46087464100045195,,-0.1907096875609735,-0.17222729728330255,0.8552437100339524,-0.36174029806163444,0.5299192406698775,,,,,0.024842562971152646,,-0.002472925472591058,0.14225154184503688,,,,,,-0.0935002485236155,,,,-0.09225978906432478,-0.1900714777571249,,,,,-0.14240950107707825,,,,,,,,,,,,,,,,0.5265018574069522,,,,,,,0.036843067232772,,,-0.2501759022547016,,,,,,,,-0.1629057027623611,,,,,,,0.13601906558128457,1.7831390579072384,,,7.153543284394979,-0.26181505514742986,,,,-0.10333909471034647,0.8081728514178621,0.19237819941177348,-0.02271241133822283,,,,-0.28194259972023483,0.7136538297024722,-0.31466842855442273,-0.5229502797148271,-0.4203971568120648,-0.4304438355961556
1.0913879961484592,0.41023128157012284,,,0.5938165300284144,,0.2732705813823139,,0.0994190236877191,,0.7550191095194377,,0.5512703844923745,,-0.22463788052858638,-0.09810255849641243,0.7984648890469488,-0.3210360924412141,0.4814638610909252,,,,,-0.02275244560471281,,-0.011471511880472376,0.0330228770031898,,,,,,-0.14831657842157756,,,,-0.09757331498570758,-0.22391181834553026,,,,,-0.0988743554234189,,,,,,,,,,,,,,,,0.5008928241646825,,,,,,,0.0346618132376543,,,-0.325498728788324,,,,,,,,-0.20501284531488972,,,,,,,-0.01020392784620801,1.788543939300284,,,7.167625755242824,-0.2948917882485982,,,,-0.07013773428038167,0.8266545922311814,0.01905209113328034,-0.05045471224230831,,,,-0.17268696866411753,0.7364527889151448,-0.279632126880676,-0.5184866048641692,-0.41774809323280304,-0.43400433614547734
1.2490940281543115,0.5453588911791406,,,0.5550984216331503,,0.16808607654487548,,0.31702617167481423,,0.7037673458791956,,0.3263440453633037,,-0.10675902541413688,-0.18241716685507559,0.8789558658634535,-0.29835102104711086,0.42423752888572364,,,,,-0.0144651741575883,,0.02119928371497341,0.14969650636657936,,,,,,-0.15996587891132694,,,,-0.07043752578507277,-0.16001361576316356,,,,,-0.12825289796770095,,,,,,,,,,,,,,,,0.5380027258144425,,,,,,,-0.02390994272599139,,,-0.3210667311101655,,,,,,,,-0.24332731898492643,,,,,,,0.10024470001239293,1.8929164208838822,,,7.0866364002430275,-0.3033914005905183,,,,-0.060802437309448114,0.8488246741854175,0.19154096332174206,0.04442312796114114,,,,-0.2923359133474416,0.6506507487063602,-0.3484751128394836,-0.5416726205723389,-0.43413963261873506,-0.43896038707038015
1.259231262898724,0.28889870187157396,,,0.6087172842787754,,0.24316096757954775,,0.12678247626557917,,0.7221828224620296,,0.4287266655940694,,-0.17087628776421968,-0.21624556858135519,0.8582907811044248,-0.37831067195566426,0.5339627706809768,,,,,0.044340012561350096,,-0.009960261295756589,0.09467364433402709,,,,,,-0.11397514541167729,,,,-0.08244699399811718,-0.15378811841569823,,,,,-0.1513602678579575,,,,,,,,,,,,,,,,0.5387910869155085,,,,,,,-0.004987951527106826,,,-0.2955131166213831,,,,,,,,-0.1572424843246404,,,,,,,-0.044611693309948935,1.8503652537828834,,,7.100916211811384,-0.24638455179343724,,,,-0.11847516819137242,0.898463709052912,0.04073889875559821,-0.03355213481219121,,,,-0.19623930677881032,0.7797419013596576,-0.2371577442272732,-0.5198100120702288,-0.4255762038990814,-0.4335087616175124
1.2297819455743864,0.3164729833744238,,,0.5594227524081102,,0.22887585417787973,,0.021710585914006236,,0.8129243051708707,,0.49112233649378817,,-0.17339798228310482,-0.12189380025557671,0.8753442413459577,-0.2669955695397274,0.5334146009554573,,,,,0.10182828384054575,,-0.04356221273396286,0.013477549531319981,,,,,,-0.09843869987675374,,,,-0.06612309097540625,-0.18253176034765575,,,,,-0.11225321210910656,,,,,,,,,,,,,,,,0.5496583653568633,,,,,,,-0.03056782600373652,,,-0.2918235617282071,,,,,,,,-0.1672186931937697,,,,,,,-0.06758410821732322,1.9967772713471137,,,7.041403368535948,-0.28352457620591653,,,,-0.19043672597078173,0.9483725311914187,-0.022397900170223174,-0.0035667995804681226,,,,-0.2003002309598002,0.7906970872038124,-0.2777792515244869,-0.5103713743006582,-0.4299596155233452,-0.44934289953271184
0.9387110082561875,0.49790850147157883,,,0.6190754794319928,,0.08006754344797755,,0.0432140975055391,,0.7777425929980055,,0.3428188290164568,,-0.16429473183755033,-0.1395053476103246,0.9838008151842863,-0.3274029520461465,0.6062330179765569,,,,,-0.07960422457920358,,0.04074159153536212,0.1340117856482708,,,,,,-0.122457739004482,,,,-0.1355524520088758,-0.15592366586673193,,,,,-0.042443625155955275,,,,,,,,,,,,,,,,0.40306338273138775,,,,,,,-0.03793147228072545,,,-0.3293148463342459,,,,,,,,-0.2720526525975336,,,,,,,-0.04057869786883598,1.3278624762116782,,,7.3013268634256,-0.29115800035083844,,,,-0.12434014498599213,0.7327096417687695,0.017143112741826075,-0.03031828105904255,,,,0.145929092480811,0.7144002739762609,-0.24944490495009322,-0.5148984130595583,-0.40648125067339597,-0.4141399605994883
1.2722933722265035,0.315722406802585,,,0.6508428768633039,,0.3149326136796952,,0.20069305487668118,,0.7803918768030366,,0.5025815686779297,,-0.17180454554427696,-0.09204775033735384,0.9338802032838036,-0.35968771101008784,0.5545966942223551,,,,,-0.04877575803866986,,-0.09942422370643801,0.0413135458189868,,,,,,-0.15873723588544736,,,,-0.08045965977000324,-0.19824471476878458,,,,,-0.15550629908998892,,,,,,,,,,,,,,,,0.5106353045813293,,,,,,,-0.12518266188978686,,,-0.30760280061455036,,,,,,,,-0.1533693497981688,,,,,,,-0.19029875905608792,1.5646439251302802,,,7.129942187148,-0.33050879129364474,,,,-0.06232710160487841,0.8853187328479103,0.22537841739751094,-0.01637223684662037,,,,-0.2194078631142787,0.8305723764876458,-0.2951715303087523,-0.520676154328375,-0.4225448998326814,-0.4179816289883551
0.9911969457408437,0.48633581670432363,,,0.5779642191721559,,0.20877082807304978,,0.047041153420289396,,0.738586194322861,,0.40998910454494364,,-0.16659420865584343,-0.1711921802550194,0.8907988898097167,-0.2512254330668046,0.4225295402859727,,,,,-0.03332694993588467,,-0.10224094244548411,0.1278394833517489,,,,,,-0.0949421646156052,,,,-0.17484379296455527,-0.17014395133752588,,,,,-0.22675687213399834,,,,,,,,,,,,,,,,0.4402703668509379,,,,,,,0.03681994073517718,,,-0.3020421537339923,,,,,,,,-0.1964217868746306,,,,,,,0.02907052898155099,1.7707487478687627,,,7.194783903072022,-0.30154489230646697,,,,-0.08002278220770752,0.864499022555832,-0.07282356853920029,-0.03080103192549019,,,,-0.15075422778952144,0.7928402831812444,-0.19598841800421288,-0.5496405845508665,-0.4092244857540514,-0.4065205609300472
1.231826251249727,0.45388507547911255,,,0.6007446499266624,,0.22037828939325213,,0.0905372026749332,,0.8483528271372442,,0.5676410647440491,,-0.1745216293533287,-0.14519569504402458,0.9006092431748358,-0.3733104348364296,0.5305977978347747,,,,,-0.08051579279081374,,-0.042254956505241394,0.0775798605563417,,,,,,-0.04855002165123785,,,,-0.1191322136915651,-0.13941793867956612,,,,,-0.10342360626157195,,,,,,,,,,,,,,,,0.5410178308227735,,,,,,,-0.040984587711736596,,,-0.3079394218986434,,,,,,,,-0.20279808652761755,,,,,,,-0.2084429660548608,1.4343602046321442,,,7.1764499693995,-0.2737870483684199,,,,-0.16131922271374222,0.9607895542415237,0.01337074284644891,0.00532444459516199,,,,-0.2054493124312015,0.7346658230966705,-0.3021214408360249,-0.5271650940292859,-0.4170026635540956,-0.42645606118295853
1.247785709006485,0.24410227100828208,,,0.562128043241307,,0.222491974874051,,-0.000756941012982607,,0.7511822584158476,,0.5105469765376025,,-0.1309402271007202,-0.057237828736655436,0.8774900907599725,-0.38286879458691864,0.5927370150313602,,,,,0.00221262575184496,,0.017035459953810145,0.037934017404398855,,,,,,-0.16239191880459458,,,,-0.07780773954551212,-0.17784254113316458,,,,,-0.2004830278592636,,,,,,,,,,,,,,,,0.5311688902196094,,,,,,,0.022799129449110646,,,-0.2512816860136039,,,,,,,,-0.21087039647986683,,,,,,,-0.16499021298154143,1.599968729865566,,,7.166162717593027,-0.32313079747158097,,,,-0.1423399788927022,0.9102446081696245,-0.00016737397493027888,-0.020952730535376156,,,,0.01472314242367456,0.8145625129966922,-0.31072756899903753,-0.49956330499236706,-0.4188246659870564,-0.4169275502905567
1.1278116001439322,0.45969873549496937,,,0.6108728066614779,,0.04067481522746621,,0.07826237202668948,,0.8090936202383574,,0.4611069363600563,,-0.22820461954118607,-0.15053615398698275,1.0464098374820767,-0.39172673775253775,0.6247279875656011,,,,,-0.026271372998299354,,-0.022123558431421244,0.18834254551533933,,,,,,-0.13908386123127,,,,0.03159717752480015,-0.1082163616317713,,,,,-0.1137170455345058,,,,,,,,,,,,,,,,0.4194677644079657,,,,,,,-0.06555988121702241,,,-0.2809075615234328,,,,,,,,-0.22197046661787287,,,,,,,-0.13768048477400546,1.883220430414473,,,7.083919269945203,-0.30107767003383346,,,,-0.1385595266337929,0.8860952483671035,-0.07580554684324306,-0.06897292164088878,,,,-0.06547665108674894,0.7394295208616655,-0.3409388796138326,-0.530875248956532,-0.42287394687146546,-0.423154765109352
1.2046220148439488,0.443956742485888,,,0.5516902332977308,,0.286787218795655,,-0.012229210681661397,,0.7661915138787406,,0.4810456502339409,,-0.17312245760694947,-0.23637803317972203,0.8987450280938536,-0.2901203800174095,0.5554594054448492,,,,,-0.022128776422418086,,-0.01500795667322867,-0.02913612447746305,,,,,,-0.16265303701831088,,,,-0.04640174182921222,-0.21802482654426447,,,,,-0.07699490887633197,,,,,,,,,,,,,,,,0.5057623990149622,,,,,,,0.1136635405730114,,,-0.29611700432439814,,,,,,,,-0.2233512579129069,,,,,,,0.06890259060554865,1.6859800493084018,,,7.154056638151823,-0.3332800048268758,,,,-0.15609797657783153,0.8419313059957773,0.02915858684596669,-0.04078063543673706,,,,-0.2838756630669216,0.75188562698681,-0.2860553060888369,-0.5708277999269415,-0.4158829863358868,-0.41886038909386325
1.187911806997806,0.31199195217353587,,,0.6462038136700702,,0.28093391262793943,,0.007552604740638702,,0.7787122847029148,,0.4905418449703329,,-0.15287624357445923,0.008052259495122907,0.9048269165653201,-0.36756348989451065,0.6152675834941645,,,,,-0.04516528735910582,,-0.005101312722982089,-0.15566688311161508,,,,,,-0.14743510833212375,,,,-0.10387991829265145,-0.16468051493545377,,,,,-0.05639574883948704,,,,,,,,,,,,,,,,0.49345146551319025,,,,,,,0.008063047345250386,,,-0.33637089828167055,,,,,,,,-0.18922692072817973,,,,,,,-0.05297786474675389,1.4120168362050296,,,7.209109496675895,-0.2808035804023751,,,,-0.13976848813083492,0.8960708031923003,-0.05090614236580946,-0.03968478017598521,,,,-0.017872728971299535,0.7955369836186277,-0.29975494615656867,-0.5001634681475307,-0.4163596273067529,-0.41276754476487854
1.2812987873858683,0.5009054862945089,,,0.7437487004411778,,0.2662599119634022,,0.09781789161888865,,0.7239642333692133,,0.6137822611175727,,-0.1193927248673752,-0.1739286273954917,0.9339905784391133,-0.33632482991492885,0.7540773791987198,,,,,-0.07272650671911214,,-0.08787359290843824,0.02064957319095912,,,,,,-0.048608316713732946,,,,-0.19034069143529042,-0.2196611450847989,,,,,-0.06720174199767398,,,,,,,,,,,,,,,,0.6337835811265586,,,,,,,0.0007581795036181303,,,-0.2849971947845536,,,,,,,,-0.14758802684723782,,,,,,,-0.21688999564142494,1.5225928995435123,,,7.081046750910357,-0.3099871500947444,,,,-0.18667640469245234,1.020002925241331,0.042627568616221904,0.03603597322270612,,,,-0.2299180250391301,0.6486156048767429,-0.31041391607763985,-0.5143538655837524,-0.43120737308860857,-0.4323739718343463
1.2335406803354743,0.33686215998065094,,,0.5821381881778934,,0.2746086939886241,,0.005784792768779298,,0.82124846034478,,0.5120556204321366,,-0.19950174052532554,-0.1266777528822094,0.8223056231790028,-0.30843789655263487,0.49546874780092015,,,,,0.02815324190546079,,0.016068993257758683,-0.05459779626521427,,,,,,-0.11356534608243848,,,,-0.1341758753435061,-0.30061775448247946,,,,,-0.1267857366190623,,,,,,,,,,,,,,,,0.5477514164691824,,,,,,,-0.006689594130884372,,,-0.26616481205310194,,,,,,,,-0.13017582836707745,,,,,,,-0.05559260509428612,1.7076540721718652,,,7.139569297988793,-0.2643874460550333,,,,-0.12286324923970292,0.9422411490278488,0.060780312019523414,0.01200729058744191,,,,-0.3134762596589266,0.7500810031727304,-0.2568078577205146,-0.5272008171623229,-0.4171093954623327,-0.4121131263725956
1.1816182589315087,0.48708397497429545,,,0.6012309262723088,,0.3352141918029964,,0.21602046674437145,,0.7094097767239916,,0.43143293631285556,,-0.1587347835820271,-0.23602731975555014,0.9176249155866856,-0.32423551815806073,0.46474515934159033,,,,,-0.024395832432712348,,-0.05325794821135351,0.07240838528873156,,,,,,-0.1686117944411324,,,,-0.13969751361730073,-0.21923742143281524,,,,,-0.161164042037374,,,,,,,,,,,,,,,,0.44065121210767355,,,,,,,-0.012920741576902433,,,-0.3438604056394045,,,,,,,,-0.27853435463405446,,,,,,,-0.004903912969552602,1.5788590126460926,,,7.204018013685971,-0.3088331101913109,,,,-0.11005217795200446,0.7806314172565674,-0.022214114736699733,-0.06391203443855996,,,,0.05593026092153832,0.7449761198291204,-0.27205326250990297,-0.5027003101911357,-0.4118564243218025,-0.42587594492205444
1.1914415420914577,0.39518357404269744,,,0.6170699793046504,,0.19678342383619152,,0.11979436149810946,,0.8196158435436537,,0.5169198062773503,,-0.17757244091965357,-0.15171263453801032,1.0554178864624877,-0.3404422879362186,0.4828209410732545,,,,,-0.015404732321763842,,-0.021290325553763628,0.13198109045124354,,,,,,-0.1739295769290274,,,,-0.02491640132789344,-0.1543487974965227,,,,,-0.18638997220666695,,,,,,,,,,,,,,,,0.5274261464581984,,,,,,,0.06101376877014951,,,-0.3150047159180393,,,,,,,,-0.21117011462676766,,,,,,,-0.0388994059615235,1.6183825549691109,,,7.134063188067858,-0.3265906522070889,,,,-0.1386576228169975,0.862785557395506,0.05438127375323084,0.05570863530150126,,,,-0.18309813517247658,0.6963437728807748,-0.2783788559493065,-0.5147299362126206,-0.426597137280152,-0.4247817991146073
1.1856994290223863,0.551270867457239,,,0.6444270715964535,,0.20109015009674097,,-0.037504090674662795,,0.7639523524614455,,0.45349027200538883,,-0.18155886236741772,-0.10393399236697182,0.9196148970450587,-0.38945518302383114,0.6285210828828336,,,,,-0.02402133074766272,,0.0017519646468703986,0.03621812318451016,,,,,,-0.05868891697923433,,,,-0.08110918858542014,-0.20456155391265443,,,,,-0.10948894978161935,,,,,,,,,,,,,,,,0.5914853035016043,,,,,,,0.0025851428914667185,,,-0.38006031272913315,,,,,,,,-0.12463192060718058,,,,,,,-0.1314964916313703,1.5369465538688007,,,7.135341596891579,-0.2908434070043813,,,,-0.0973300134009991,0.9760263208198963,0.07501499226842466,0.1598303879368725,,,,-0.0841458457969102,0.6610271067375963,-0.32824002631319943,-0.49944730813237015,-0.4310746532032039,-0.4402402674363277
1.289932193634673,0.3599296346021277,,,0.479779956383467,,0.2443721822430321,,0.025583041762174734,,0.694662631370611,,0.3301990698928976,,-0.14656426640406656,-0.1759430953073906,0.89563722257481,-0.409772235771309,0.5536101958895341,,,,,-0.027050795141303437,,0.05304432428378728,0.10179811188489674,,,,,,-0.15635862733724856,,,,0.03152742597623566,-0.15669933750482323,,,,,-0.14260263869402695,,,,,,,,,,,,,,,,0.4701262330160537,,,,,,,0.08762489031027211,,,-0.26142231661698045,,,,,,,,-0.26598985311786827,,,,,,,-0.06908313253704217,1.7859617718524332,,,7.163351184507907,-0.28854442611128583,,,,-0.05681045841253441,0.7688527928408356,0.07994335830877089,-0.1594710289685293,,,,-0.24715057763134565,0.7312195703312606,-0.26547538742365884,-0.5350848021273368,-0.411627060670001,-0.4310133028964439
1.1205257995413975,0.4512346113005228,,,0.5945295187089853,,0.0774230804086657,,0.010578456704763171,,0.8263958202108589,,0.5158857459950746,,-0.16811531539927582,-0.058602990990393115,0.8234510624750618,-0.39183696079371616,0.7704153423020137,,,,,-0.06665029246634374,,-0.011768365755204077,0.09634883729550874,,,,,,-0.10760683891013521,,,,-0.1472444285691077,-0.17937160572395353,,,,,-0.13832420500362297,,,,,,,,,,,,,,,,0.5188268288068595,,,,,,,0.07530640942969044,,,-0.2854605837975578,,,,,,,,-0.16703065261540004,,,,,,,-0.25753911574214217,1.4893883743315877,,,7.174774462348535,-0.31376423538668663,,,,-0.0884331651599279,0.9283961360230248,0.07698178702814669,-0.07924376640476999,,,,-0.07058315383372375,0.79537272419704,-0.2314553568852206,-0.5334206187144588,-0.4186139188047203,-0.423365293228001
1.2746689720077784,0.4308254010194121,,,0.7086444748368079,,0.14034102170902577,,-0.04718624793941029,,0.81557126369737,,0.43726976295081865,,-0.14844634713027172,-0.17540553847572865,0.8793283392694118,-0.3596574209799176,0.5885645193979792,,,,,-0.0755391746258041,,-0.04700331378116823,0.02140850905911845,,,,,,-0.10304347452383028,,,,-0.13970630512183452,-0.2294684061511599,,,,,-0.1922186819804366,,,,,,,,,,,,,,,,0.4932554092118283,,,,,,,0.07517272421642504,,,-0.29436163781560776,,,,,,,,-0.20009142489121126,,,,,,,-0.04072740559765437,1.6639003765404268,,,7.1346698979017935,-0.3035346842411713,,,,-0.14217910925319718,0.8945232846786555,-0.0017488863386003518,0.0060284756822153295,,,,-0.05350425321839408,0.770826820971873,-0.2738160547482162,-0.48480992848531845,-0.41761142245713734,-0.4242612626747221
1.2587189331711233,0.3245841702307581,,,0.6501724217379233,,0.053842244049133944,,-0.07770924633706784,,0.8493235983743427,,0.5159223963581993,,-0.13370887984405266,-0.1123054604384544,0.8768603094050688,-0.262599955500092,0.5973132927655058,,,,,-0.05198190741774295,,-0.04270152842705593,0.02511148122030012,,,,,,-0.08436474006549335,,,,-0.0965481706225711,-0.1458443280729249,,,,,-0.06364705846796921,,,,,,,,,,,,,,,,0.5333625829210499,,,,,,,0.1173030694826466,,,-0.3248793177766155,,,,,,,,-0.18162013210104083,,,,,,,-0.03159560744645323,1.7524597603355976,,,7.0779084362688875,-0.31184533426264394,,,,-0.14453652905766737,0.9707756074344732,0.13248401360519127,0.05267829159415313,,,,-0.19941659618503765,0.7891656298734939,-0.34486151482060773,-0.5430694105551184,-0.4337176196001505,-0.4352452157358836
1.3795932152362285,0.25470683697336743,,,0.5788443485564545,,0.30872602045094555,,-0.06688533918889623,,0.7970141764132019,,0.4946846503346831,,-0.14961950380432712,-0.09852285656135992,0.8294296866729217,-0.3501988129274976,0.6112623688925937,,,,,0.021072199878091467,,-0.048825766575683174,-0.05041581470863629,,,,,,-0.1377701067438951,,,,-0.12763278735353192,-0.21303502371271732,,,,,-0.1033889985069064,,,,,,,,,,,,,,,,0.5788075760474839,,,,,,,0.020650635885345686,,,-0.2941479101215231,,,,,,,,-0.12881708733757563,,,,,,,-0.16730052286734556,1.5975503194645797,,,7.1076300192395205,-0.2822241330612771,,,,-0.14001979360217556,0.9739383746152553,0.044897096180957816,0.056357437419713344,,,,0.09057405281921739,0.7777376036900243,-0.27834743321456956,-0.5244148746867299,-0.4292324897484012,-0.4405370429153739
1.435947150468274,0.3450466558197948,,,0.7462824282886373,,0.3410367113342501,,0.12566567357047068,,0.7692754819072998,,0.5426704432670671,,-0.10089666792370154,-0.12359713985522197,0.7747830835527015,-0.3250588771202656,0.564259500315532,,,,,0.003684663408111335,,-0.08244104744353821,-0.030397541437964817,,,,,,-0.1306389405028793,,,,-0.25451572739305095,-0.18065418217968163,,,,,-0.16604220529247168,,,,,,,,,,,,,,,,0.6170475777230046,,,,,,,0.008214360690138603,,,-0.3054240629226693,,,,,,,,-0.14965680908264573,,,,,,,0.07586689398215835,1.7344567744545867,,,7.033427404325687,-0.25715181488449707,,,,-0.13353278280162983,0.9903510599995123,0.11073801366888399,0.02134045793860999,,,,-0.031170055004505353,0.6615608832333153,-0.3128739292298763,-0.5268896267173244,-0.4433477989122216,-0.4480392248217004
1.2152548718789697,0.3702498579418051,,,0.6505882418949485,,0.0683980704282747,,0.1713559928198583,,0.7812740578922873,,0.5137211835571527,,-0.18546492138617232,-0.1635281369732577,0.8770216241461858,-0.39228028924270036,0.6674401133613798,,,,,-0.09048781171110162,,-0.04044277822082247,0.09796320464736852,,,,,,-0.14897283275536152,,,,-0.09776560079761135,-0.148403275497502,,,,,-0.16840011102858912,,,,,,,,,,,,,,,,0.5023074635797168,,,,,,,-0.08935800397181737,,,-0.3228349236480426,,,,,,,,-0.19239854449374516,,,,,,,-0.18450640432669757,1.6049713024339396,,,7.165095102826908,-0.2936360366645509,,,,-0.16663478392004777,0.9027508677989036,0.052535561709443825,-0.03181997684376018,,,,-0.03130348915798006,0.7110572652229419,-0.26372039437610295,-0.5578981347712686,-0.41223475337879795,-0.4106290751589607
1.2883659589100134,0.37858747507669355,,,0.6004209652920406,,0.2517321069306417,,0.09193824241897262,,0.7384666226324251,,0.46981629998685187,,-0.19745125280419928,-0.10079040112309125,1.0552897167147797,-0.3534087315762892,0.5381240312961386,,,,,-5.1277752485979354e-05,,0.030077172992938956,0.07811398739412315,,,,,,-0.1126241851371054,,,,-0.1532703987621463,-0.2099229923620814,,,,,-0.12357381159089276,,,,,,,,,,,,,,,,0.535899883744218,,,,,,,0.03286283085453793,,,-0.23046298086640926,,,,,,,,-0.2713230750457401,,,,,,,-0.19383925378185896,1.6998692677983385,,,7.1135338928779674,-0.3228941057661636,,,,-0.08015669990785468,0.8814606604649715,0.14787149861380003,-0.01540525741086467,,,,-0.2823754380372721,0.6350885749643983,-0.26624017686253515,-0.5419886948653188,-0.42181725233452716,-0.4299923607409753
1.1344354338170397,0.4514797052416198,,,0.4904422474786521,,0.2788950031716168,,-0.0046009547673466255,,0.7736060675236244,,0.4870806117257781,,-0.1776434706158718,-0.13329116681693212,0.8991281037880655,-0.3782454983090422,0.6920987880920928,,,,,0.01608574937833813,,0.02063147356568924,0.073843964330556,,,,,,-0.1527869017704864,,,,-0.061882981253894014,-0.12282893549888696,,,,,0.025632357335744323,,,,,,,,,,,,,,,,0.510457218039524,,,,,,,0.013341450550959456,,,-0.31667273305151106,,,,,,,,-0.264636862368604,,,,,,,-0.2639957773585478,1.712459647530509,,,7.132655217647292,-0.30510452072135025,,,,-0.11529883852769225,0.9020988264335803,-0.024967322911697114,-0.009222772656724979,,,,-0.16740164680848882,0.785283187585353,-0.27754971902413844,-0.553895765374214,-0.42124468696360484,-0.42159877040700555
1.1975433726731202,0.4592954931601035,,,0.5634112520714573,,0.21564137386073615,,0.12337689289819294,,0.7450403449091969,,0.46864848310270535,,-0.17292859893683224,-0.07906528556226255,0.8055536012662373,-0.2314999116410562,0.4981172557475405,,,,,0.04427579326645363,,0.012609343247532444,0.08360238035585445,,,,,,-0.07746404976145312,,,,-0.22480784458374767,-0.2386046651635516,,,,,-0.08767303947212611,,,,,,,,,,,,,,,,0.5277836962861759,,,,,,,-0.05332101392006243,,,-0.3064432342083774,,,,,,,,-0.1510564766545755,,,,,,,-0.2962629246705614,1.7677073390985483,,,7.105542440153218,-0.2876272581811546,,,,-0.027515975188786568,0.9590418063575672,0.17788218351080315,0.041081562775565315,,,,0.22516551662036585,0.6730485061174388,-0.2753642744263491,-0.536071442211109,-0.43818479877376576,-0.452714782785187
1.220426978843953,0.30997362149657376,,,0.5975414055013488,,0.12027270629051211,,0.05408523549063145,,0.7668339400011639,,0.5578193433838508,,-0.10273779151762784,-0.12286856291911932,1.004123473770898,-0.2738933005302527,0.5845477193444202,,,,,-0.04522553481866301,,0.020477843567886428,0.09582904203890844,,,,,,-0.11750016944459743,,,,-0.00011685812440955976,-0.17957910454676232,,,,,-0.12437906682422663,,,,,,,,,,,,,,,,0.528416186390653,,,,,,,0.008176905710209634,,,-0.326136167761087,,,,,,,,-0.24050561049161628,,,,,,,-0.13773421736936803,1.5269806728480868,,,7.152373169401149,-0.3009416064414811,,,,-0.06722326340792291,0.9234470204073616,-0.055183707465613734,0.06268274623981644,,,,-0.1604736630459972,0.7794582552100126,-0.3316721210730366,-0.5222368143578253,-0.42602932246147523,-0.4241962972289249
1.121095787609083,0.48379675798119065,,,0.5725618848013159,,0.41735296861347004,,0.034418932720567605,,0.7412257444399063,,0.40667203711018135,,-0.1912700697706404,-0.13145335029059588,0.7972498472257952,-0.4191008513963105,0.5474411675314589,,,,,-0.06782757955121914,,-0.02847178490149439,0.0373272838163704,,,,,,-0.13267190292143477,,,,-0.1433715971660407,-0.20395748642617628,,,,,-0.1483205600614569,,,,,,,,,,,,,,,,0.4355084628899424,,,,,,,0.02279215700682575,,,-0.26033988377369144,,,,,,,,-0.2272714673516628,,,,,,,0.050532905316522284,1.6683646358054862,,,7.199229605954806,-0.31404116627398265,,,,-0.11231503793803359,0.7994243512783825,-0.005290553221913032,-0.09112799753726483,,,,-0.049848311605056476,0.7793683274810859,-0.18678817058279754,-0.5585649609040085,-0.41174797749683084,-0.4113274592279981
1.0020069745419828,0.4867154473947103,,,0.5856213895860788,,0.18677857308721105,,0.06431835450368362,,0.7258969595869634,,0.4774554463293603,,-0.19981760954910133,-0.14510779947193828,0.8597673580942462,-0.40950876284957033,0.49094438775382465,,,,,-0.10827502821113659,,-0.02651049609376729,0.008790084204949885,,,,,,-0.1384609145115113,,,,-0.07126932928877482,-0.17120912295465335,,,,,-0.1765392645721104,,,,,,,,,,,,,,,,0.4146465347363788,,,,,,,0.04314813265838316,,,-0.3449995034397874,,,,,,,,-0.19834112902743894,,,,,,,0.36025332550558764,1.9726194317007602,,,7.130482172584127,-0.28880519123170434,,,,-0.09810743557957648,0.7389178229985357,-0.03806012257288426,-0.05104637183934499,,,,-0.007963540358994298,0.7557629439881944,-0.2931951404717378,-0.5717730696622094,-0.4190940520515965,-0.4216305055724392
1.2593615543309487,0.4186071547993584,,,0.6288499932304928,,0.2548018014446671,,0.16229987586806693,,0.7681960966661134,,0.5062750448927499,,-0.18641682002980556,-0.13403302803283615,0.7989143239117021,-0.3382703274022965,0.49873225910416413,,,,,-0.04879561873916508,,-0.05722542502696871,0.10834875292761667,,,,,,-0.09160388587691091,,,,-0.07315913754493539,-0.19668792052320613,,,,,-0.1787182324180911,,,,,,,,,,,,,,,,0.5759937961844304,,,,,,,-0.00033775021958430587,,,-0.31603592364625704,,,,,,,,-0.16487647506815523,,,,,,,-0.05824371758074936,1.6223350372223588,,,7.140798643101257,-0.3123095096538008,,,,-0.07964759728739863,0.9159739785165705,0.06673868951943106,0.08074080168068752,,,,-0.23822554466080514,0.7406579168778317,-0.2806109886861134,-0.5330910016020266,-0.42645572141113525,-0.42213334241213485
1.2453698894456389,0.2938938154333331,,,0.6601126158821256,,0.37431252165087386,,0.1243634203877937,,0.7523572421982324,,0.34508696472701356,,-0.16833064980412374,-0.07844045131920313,0.887755134992468,-0.34632623666208534,0.46349164532692266,,,,,-0.04998500679520003,,-0.10223273334135459,0.01567268196074923,,,,,,-0.1457284345928625,,,,-0.11938784689345726,-0.08731419255293953,,,,,-0.13593918689431012,,,,,,,,,,,,,,,,0.43731508849378903,,,,,,,-0.0017171053648029992,,,-0.31864911473954854,,,,,,,,-0.22638986150455767,,,,,,,-0.16405499050346004,1.6664908160033636,,,7.181895467433646,-0.32005910284784733,,,,-0.05780014342877261,0.8313161535932491,-0.04020288022672898,-0.0315186160357314,,,,-0.1643767472894614,0.7958034024629278,-0.24751919797618496,-0.5005606674803835,-0.4095995017938083,-0.4252730314007035
1.19949839058784,0.5619307884549325,,,0.5975477686670466,,0.33276043674822475,,0.03004618191831585,,0.7267330117307492,,0.4733335400567639,,-0.15832060354873873,-0.13079073298371055,0.8961347304717308,-0.1916749250819804,0.5159907767591122,,,,,0.09705905620972512,,-0.09077596660907024,0.1030162878965964,,,,,,-0.08933831766973209,,,,-0.20341906518416145,-0.1995214077573464,,,,,-0.18117185925409418,,,,,,,,,,,,,,,,0.6099513936036058,,,,,,,0.06568164676179569,,,-0.28086987004873515,,,,,,,,-0.1187438002671578,,,,,,,-0.20965634930670685,1.577542711769197,,,7.107052463182399,-0.26748378137803996,,,,-0.1625161502756828,1.0722309009046072,-0.01868443885183844,0.11511962353249768,,,,-0.16229650275626417,0.7494654137594853,-0.29843752845012994,-0.5526419768363526,-0.43532822278913225,-0.4479341635300373
1.2813748222371213,0.4229035839846542,,,0.605441107792607,,0.25581876734198705,,0.21248894615698982,,0.7943239540555085,,0.5005296583726507,,-0.17624000601807968,-0.15693273885621867,0.8759848703595248,-0.36594819316200095,0.5813820122007648,,,,,-0.08443476553172209,,-0.0457722058908323,0.0149225761815869,,,,,,-0.1211405922534406,,,,-0.06989146743909226,-0.18633344552851652,,,,,-0.08591729305707749,,,,,,,,,,,,,,,,0.5153053028545237,,,,,,,-0.113019870044348,,,-0.35695138475200117,,,,,,,,-0.15559461874114822,,,,,,,-0.08363614145633917,1.5308514600376448,,,7.164058170731132,-0.32726175609394165,,,,-0.08664224359362298,0.9085097354373732,0.01619416930020125,0.0011620230888363737,,,,-0.11137166293257209,0.6963032451634066,-0.30457705057578355,-0.5074727007102551,-0.41971109151350194,-0.42205404803347585
