system,base,k,held_out,map_o,map_d,scale_o,scale_d,o0,o1,o2,o3,o4,o5,o6,d0,d1,d2,d3,d4,d5,d6,o7,d7
mspi1_lam05_fast_dec05x_linear+log2&age2&xlog&prior,mspi1_lam05_fast_dec05x,3,1998,linear+log2&age2&xlog&prior,linear+log2&age2&xlog&prior,1.51828,1.74025,0.32144,2.82173,-0.60643,0.04551,-0.20305,0.34207,-0.24117,0.88376,-2.93382,0.73954,-0.20564,0.21053,-0.15493,0.83144,,
mspi1_lam05_fast_dec05x_linear+log2&age2&xlog&prior,mspi1_lam05_fast_dec05x,3,1999,linear+log2&age2&xlog&prior,linear+log2&age2&xlog&prior,1.51828,1.74025,0.26664,2.77256,-0.59248,0.05367,-0.19163,0.37647,-0.21708,0.89358,-2.91086,0.72887,-0.18993,0.21171,-0.16349,0.81414,,
mspi1_lam05_fast_dec05x_linear+log2&age2&xlog&prior,mspi1_lam05_fast_dec05x,3,2000,linear+log2&age2&xlog&prior,linear+log2&age2&xlog&prior,1.51828,1.74025,0.27774,2.83304,-0.61357,0.04318,-0.1842,0.3704,-0.21339,0.9178,-2.87423,0.71743,-0.18616,0.21767,-0.18001,0.78545,,
mspi1_lam05_fast_dec05x_linear+log2&age2&xlog&prior,mspi1_lam05_fast_dec05x,3,2001,linear+log2&age2&xlog&prior,linear+log2&age2&xlog&prior,1.51828,1.74025,0.2727,2.76318,-0.59652,0.05911,-0.21582,0.36839,-0.17965,0.91065,-2.93352,0.73897,-0.18865,0.21814,-0.18194,0.8847,,
mspi1_lam05_fast_dec05x_linear+log2&age2&xlog&prior,mspi1_lam05_fast_dec05x,3,2002,linear+log2&age2&xlog&prior,linear+log2&age2&xlog&prior,1.51828,1.74025,0.31886,2.69773,-0.57749,0.06857,-0.19421,0.33696,-0.2037,0.92058,-2.84167,0.70629,-0.19129,0.22686,-0.18123,0.79633,,
mspi1_lam05_fast_dec05x_linear+log2&age2&xlog&prior,mspi1_lam05_fast_dec05x,3,2003,linear+log2&age2&xlog&prior,linear+log2&age2&xlog&prior,1.51828,1.74025,0.27008,2.70985,-0.58552,0.04375,-0.19307,0.3828,-0.21165,0.89593,-2.97612,0.74172,-0.18883,0.20946,-0.16595,0.81556,,
mspi1_lam05_fast_dec05x_linear+log2&age2&xlog&prior,mspi1_lam05_fast_dec05x,3,2004,linear+log2&age2&xlog&prior,linear+log2&age2&xlog&prior,1.51828,1.74025,0.26943,2.75764,-0.58421,0.0553,-0.1861,0.36545,-0.1906,0.89848,-2.96119,0.743,-0.18569,0.21905,-0.17406,0.83565,,
mspi1_lam05_fast_dec05x_linear+log2&age2&xlog&prior,mspi1_lam05_fast_dec05x,3,2005,linear+log2&age2&xlog&prior,linear+log2&age2&xlog&prior,1.51828,1.74025,0.32669,2.75184,-0.59847,0.06431,-0.19571,0.33947,-0.21478,0.94929,-2.87057,0.72481,-0.20037,0.23041,-0.21453,0.85698,,
mspi1_lam05_fast_dec05x_linear+log2&age2&xlog&prior,mspi1_lam05_fast_dec05x,3,2006,linear+log2&age2&xlog&prior,linear+log2&age2&xlog&prior,1.51828,1.74025,0.29398,2.83253,-0.62009,0.06995,-0.20448,0.35867,-0.19959,0.92526,-2.90442,0.72491,-0.18109,0.21272,-0.18927,0.78484,,
mspi1_lam05_fast_dec05x_linear+log2&age2&xlog&prior,mspi1_lam05_fast_dec05x,3,2007,linear+log2&age2&xlog&prior,linear+log2&age2&xlog&prior,1.51828,1.74025,0.28599,2.78376,-0.59544,0.04158,-0.1824,0.36876,-0.21595,0.92245,-2.90582,0.73311,-0.19907,0.22996,-0.18492,0.80173,,
mspi1_lam05_fast_dec05x_linear+log2&age2&xlog&prior,mspi1_lam05_fast_dec05x,3,2008,linear+log2&age2&xlog&prior,linear+log2&age2&xlog&prior,1.51828,1.74025,0.21499,2.87158,-0.6221,0.06468,-0.18573,0.40267,-0.19545,0.91015,-2.91801,0.732,-0.18321,0.21799,-0.17935,0.8201,,
mspi1_lam05_fast_dec05x_linear+log2&age2&xlog&prior,mspi1_lam05_fast_dec05x,3,2009,linear+log2&age2&xlog&prior,linear+log2&age2&xlog&prior,1.51828,1.74025,0.25458,2.71014,-0.57857,0.05431,-0.19491,0.38152,-0.16495,0.94007,-2.95513,0.74505,-0.20299,0.2109,-0.1999,0.78666,,
mspi1_lam05_fast_dec05x_linear+log2&age2&xlog&prior,mspi1_lam05_fast_dec05x,3,2010,linear+log2&age2&xlog&prior,linear+log2&age2&xlog&prior,1.51828,1.74025,0.25494,2.88577,-0.62315,0.06649,-0.20562,0.38111,-0.20654,0.89111,-2.98403,0.75489,-0.20535,0.22522,-0.15875,0.80246,,
mspi1_lam05_fast_dec05x_linear+log2&age2&xlog&prior,mspi1_lam05_fast_dec05x,3,2011,linear+log2&age2&xlog&prior,linear+log2&age2&xlog&prior,1.51828,1.74025,0.22809,2.84776,-0.61325,0.05647,-0.19451,0.40107,-0.20277,0.92065,-2.91317,0.73853,-0.19465,0.22582,-0.19255,0.88163,,
mspi1_lam05_fast_dec05x_linear+log2&age2&xlog&prior,mspi1_lam05_fast_dec05x,3,2012,linear+log2&age2&xlog&prior,linear+log2&age2&xlog&prior,1.51828,1.74025,0.23588,2.76975,-0.59311,0.05415,-0.18458,0.39765,-0.21082,0.92697,-2.9368,0.73841,-0.19339,0.2189,-0.19076,0.81972,,
mspi1_lam05_fast_dec05x_linear+log2&age2&xlog&prior,mspi1_lam05_fast_dec05x,3,2013,linear+log2&age2&xlog&prior,linear+log2&age2&xlog&prior,1.51828,1.74025,0.2395,2.85446,-0.61242,0.0554,-0.21114,0.38518,-0.18312,0.91203,-2.97278,0.74879,-0.18497,0.20878,-0.17378,0.81925,,
mspi1_lam05_fast_dec05x_linear+log2&age2&xlog&prior,mspi1_lam05_fast_dec05x,3,2014,linear+log2&age2&xlog&prior,linear+log2&age2&xlog&prior,1.51828,1.74025,0.31387,2.69468,-0.57362,0.04695,-0.19634,0.34753,-0.20263,0.95806,-2.82276,0.70728,-0.1774,0.19981,-0.19894,0.77005,,
mspi1_lam05_fast_dec05x_linear+log2&age2&xlog&prior,mspi1_lam05_fast_dec05x,3,2015,linear+log2&age2&xlog&prior,linear+log2&age2&xlog&prior,1.51828,1.74025,0.22473,2.86225,-0.6165,0.02941,-0.17375,0.40468,-0.21911,0.86391,-2.97613,0.752,-0.20047,0.21448,-0.13333,0.8039,,
mspi1_lam05_fast_dec05x_linear+log2&age2&xlog&prior,mspi1_lam05_fast_dec05x,3,2016,linear+log2&age2&xlog&prior,linear+log2&age2&xlog&prior,1.51828,1.74025,0.27972,2.78892,-0.60283,0.06493,-0.20374,0.36353,-0.16761,0.90431,-2.8972,0.73195,-0.19135,0.22138,-0.16703,0.808,,
mspi1_lam05_fast_dec05x_linear+log2&age2&xlog&prior,mspi1_lam05_fast_dec05x,3,2017,linear+log2&age2&xlog&prior,linear+log2&age2&xlog&prior,1.51828,1.74025,0.25957,2.78286,-0.59373,0.05429,-0.20267,0.37895,-0.20521,0.9355,-2.91531,0.72476,-0.18075,0.20862,-0.19787,0.83996,,
mspi1_lam05_fast_dec05x_linear+log2&age2&xlog&prior,mspi1_lam05_fast_dec05x,3,2018,linear+log2&age2&xlog&prior,linear+log2&age2&xlog&prior,1.51828,1.74025,0.27242,2.91704,-0.63499,0.04723,-0.1957,0.37303,-0.18721,0.88299,-3.04014,0.75794,-0.19781,0.22174,-0.16065,0.85257,,
mspi1_lam05_fast_dec05x_linear+log2&age2&xlog&prior,mspi1_lam05_fast_dec05x,3,2019,linear+log2&age2&xlog&prior,linear+log2&age2&xlog&prior,1.51828,1.74025,0.31875,2.74172,-0.58329,0.04733,-0.17928,0.34383,-0.2072,0.88809,-2.93399,0.7404,-0.20425,0.22997,-0.16258,0.8632,,
mspi1_lam05_fast_dec05x_linear+log2&age2&xlog&prior,mspi1_lam05_fast_dec05x,3,2020,linear+log2&age2&xlog&prior,linear+log2&age2&xlog&prior,1.51828,1.74025,0.27824,2.73693,-0.57372,0.04944,-0.18751,0.36448,-0.20941,0.92964,-2.92714,0.73171,-0.18377,0.20457,-0.18855,0.75827,,
mspi1_lam05_fast_dec05x_linear+log2&age2&xlog&prior,mspi1_lam05_fast_dec05x,3,2021,linear+log2&age2&xlog&prior,linear+log2&age2&xlog&prior,1.51828,1.74025,0.27046,2.75233,-0.58464,0.02993,-0.17065,0.37081,-0.22419,0.91618,-2.8486,0.71547,-0.19083,0.22131,-0.1802,0.84622,,
mspi1_lam05_fast_dec05x_linear+log2&age2&xlog&prior,mspi1_lam05_fast_dec05x,3,2022,linear+log2&age2&xlog&prior,linear+log2&age2&xlog&prior,1.51828,1.74025,0.25216,3.03752,-0.66915,0.05103,-0.18841,0.3899,-0.21125,0.90142,-2.70807,0.67831,-0.19821,0.2206,-0.17021,0.80428,,
mspi1_lam05_fast_dec05x_linear+log2&age2&xlog&prior,mspi1_lam05_fast_dec05x,3,2023,linear+log2&age2&xlog&prior,linear+log2&age2&xlog&prior,1.51828,1.74025,0.30666,2.71993,-0.57854,0.06381,-0.19398,0.34982,-0.21221,0.92274,-2.91026,0.73087,-0.19407,0.22347,-0.17827,0.78402,,
mspi1_lam05_fast_dec05x_linear+log2&age2&xlog&prior,mspi1_lam05_fast_dec05x,3,2024,linear+log2&age2&xlog&prior,linear+log2&age2&xlog&prior,1.51828,1.74025,0.27124,2.60297,-0.54459,0.03192,-0.18031,0.37578,-0.22266,0.95012,-2.8497,0.71453,-0.2096,0.21157,-0.21331,0.80717,,
mspi1_lam05_fast_dec05x_linear+log2&age2&xlog&prior,mspi1_lam05_fast_dec05x,3,2025,linear+log2&age2&xlog&prior,linear+log2&age2&xlog&prior,1.51828,1.74025,0.28,2.66316,-0.55872,0.03797,-0.16566,0.36463,-0.21619,0.95889,-2.83745,0.70971,-0.19652,0.21741,-0.21159,0.79548,,
mspi1_lam05_fast_dec05x_linear+log2&age2&xlog&prior,mspi1_lam05_fast_dec05x,3,-1,linear+log2&age2&xlog&prior,linear+log2&age2&xlog&prior,1.51828,1.74025,0.27357,2.78359,-0.59714,0.05183,-0.19157,0.37088,-0.20486,0.91537,-2.90915,0.73037,-0.19305,0.21745,-0.18028,0.81673,,
mspi1_lam05_fast_dec05x_linear+log2&age2&xlog&prior&priorsat,mspi1_lam05_fast_dec05x,3,1998,linear+log2&age2&xlog&prior&priorsat,linear+log2&age2&xlog&prior&priorsat,1.51828,1.74025,0.61217,3.35854,-0.73221,0.0342,-0.20555,0.148,-2.03277,0.97359,-3.02314,0.75947,-0.20563,0.21005,-0.23121,-0.26971,2.06705,1.28588
mspi1_lam05_fast_dec05x_linear+log2&age2&xlog&prior&priorsat,mspi1_lam05_fast_dec05x,3,1999,linear+log2&age2&xlog&prior&priorsat,linear+log2&age2&xlog&prior&priorsat,1.51828,1.74025,0.60019,3.38591,-0.73658,0.0417,-0.19612,0.15289,-2.25231,0.92016,-2.93528,0.73417,-0.18959,0.2115,-0.18672,0.46545,2.35092,0.40947
mspi1_lam05_fast_dec05x_linear+log2&age2&xlog&prior&priorsat,mspi1_lam05_fast_dec05x,3,2000,linear+log2&age2&xlog&prior&priorsat,linear+log2&age2&xlog&prior&priorsat,1.51828,1.74025,0.58541,3.39147,-0.74443,0.0323,-0.18875,0.16439,-2.08931,0.93473,-2.88959,0.72076,-0.18584,0.21751,-0.19496,0.5565,2.16574,0.26925
mspi1_lam05_fast_dec05x_linear+log2&age2&xlog&prior&priorsat,mspi1_lam05_fast_dec05x,3,2001,linear+log2&age2&xlog&prior&priorsat,linear+log2&age2&xlog&prior&priorsat,1.51828,1.74025,0.63192,3.43574,-0.75381,0.04636,-0.21843,0.12899,-2.38758,0.92121,-2.94275,0.74088,-0.18811,0.21787,-0.19164,0.72343,2.53951,0.19019
mspi1_lam05_fast_dec05x_linear+log2&age2&xlog&prior&priorsat,mspi1_lam05_fast_dec05x,3,2002,linear+log2&age2&xlog&prior&priorsat,linear+log2&age2&xlog&prior&priorsat,1.51828,1.74025,0.64944,3.29661,-0.71791,0.05716,-0.19745,0.11541,-2.21079,0.89877,-2.81814,0.70085,-0.19076,0.22647,-0.16353,1.03004,2.31542,-0.26993
mspi1_lam05_fast_dec05x_linear+log2&age2&xlog&prior&priorsat,mspi1_lam05_fast_dec05x,3,2003,linear+log2&age2&xlog&prior&priorsat,linear+log2&age2&xlog&prior&priorsat,1.51828,1.74025,0.60207,3.36398,-0.73931,0.03253,-0.19614,0.16016,-2.29859,0.90048,-2.98089,0.74265,-0.18825,0.20899,-0.17068,0.72916,2.40646,0.10414
mspi1_lam05_fast_dec05x_linear+log2&age2&xlog&prior&priorsat,mspi1_lam05_fast_dec05x,3,2004,linear+log2&age2&xlog&prior&priorsat,linear+log2&age2&xlog&prior&priorsat,1.51828,1.74025,0.62381,3.40423,-0.73631,0.04282,-0.19017,0.12758,-2.33265,0.90855,-2.96889,0.74452,-0.18519,0.21852,-0.18335,0.68895,2.4731,0.17403
mspi1_lam05_fast_dec05x_linear+log2&age2&xlog&prior&priorsat,mspi1_lam05_fast_dec05x,3,2005,linear+log2&age2&xlog&prior&priorsat,linear+log2&age2&xlog&prior&priorsat,1.51828,1.74025,0.67227,3.38658,-0.74696,0.0525,-0.19916,0.10784,-2.33238,0.94035,-2.85906,0.72206,-0.19987,0.23001,-0.20776,0.93814,2.44249,-0.09183
mspi1_lam05_fast_dec05x_linear+log2&age2&xlog&prior&priorsat,mspi1_lam05_fast_dec05x,3,2006,linear+log2&age2&xlog&prior&priorsat,linear+log2&age2&xlog&prior&priorsat,1.51828,1.74025,0.58734,3.36638,-0.74507,0.05921,-0.20728,0.1617,-1.98192,0.91518,-2.8926,0.72202,-0.18059,0.21236,-0.1815,0.87693,2.05789,-0.10513
mspi1_lam05_fast_dec05x_linear+log2&age2&xlog&prior&priorsat,mspi1_lam05_fast_dec05x,3,2007,linear+log2&age2&xlog&prior&priorsat,linear+log2&age2&xlog&prior&priorsat,1.51828,1.74025,0.62334,3.42593,-0.74615,0.02903,-0.18563,0.14252,-2.29712,0.89262,-2.87417,0.72577,-0.19848,0.22955,-0.16067,1.12614,2.40091,-0.37506
mspi1_lam05_fast_dec05x_linear+log2&age2&xlog&prior&priorsat,mspi1_lam05_fast_dec05x,3,2008,linear+log2&age2&xlog&prior&priorsat,linear+log2&age2&xlog&prior&priorsat,1.51828,1.74025,0.61472,3.63246,-0.80151,0.05146,-0.19119,0.13456,-2.66504,0.8805,-2.88571,0.72448,-0.18238,0.21725,-0.15532,1.14013,2.85177,-0.36955
mspi1_lam05_fast_dec05x_linear+log2&age2&xlog&prior&priorsat,mspi1_lam05_fast_dec05x,3,2009,linear+log2&age2&xlog&prior&priorsat,linear+log2&age2&xlog&prior&priorsat,1.51828,1.74025,0.63135,3.38982,-0.73714,0.04061,-0.19834,0.12915,-2.44862,0.9559,-2.96881,0.74791,-0.20257,0.21063,-0.21395,0.56987,2.63393,0.25553
mspi1_lam05_fast_dec05x_linear+log2&age2&xlog&prior&priorsat,mspi1_lam05_fast_dec05x,3,2010,linear+log2&age2&xlog&prior&priorsat,linear+log2&age2&xlog&prior&priorsat,1.51828,1.74025,0.62426,3.54792,-0.77735,0.05088,-0.20845,0.13397,-2.44192,0.90662,-2.99859,0.75802,-0.20491,0.22493,-0.17267,0.5841,2.57862,0.25754
mspi1_lam05_fast_dec05x_linear+log2&age2&xlog&prior&priorsat,mspi1_lam05_fast_dec05x,3,2011,linear+log2&age2&xlog&prior&priorsat,linear+log2&age2&xlog&prior&priorsat,1.51828,1.74025,0.55771,3.43805,-0.75156,0.04408,-0.1973,0.18092,-2.18703,0.90031,-2.89066,0.73336,-0.19406,0.2254,-0.17618,1.09751,2.28765,-0.24856
mspi1_lam05_fast_dec05x_linear+log2&age2&xlog&prior&priorsat,mspi1_lam05_fast_dec05x,3,2012,linear+log2&age2&xlog&prior&priorsat,linear+log2&age2&xlog&prior&priorsat,1.51828,1.74025,0.5702,3.38427,-0.73712,0.0419,-0.18773,0.17407,-2.24927,0.96486,-2.97077,0.74575,-0.19309,0.21871,-0.2234,0.34158,2.35019,0.56045
mspi1_lam05_fast_dec05x_linear+log2&age2&xlog&prior&priorsat,mspi1_lam05_fast_dec05x,3,2013,linear+log2&age2&xlog&prior&priorsat,linear+log2&age2&xlog&prior&priorsat,1.51828,1.74025,0.59418,3.50212,-0.76448,0.04215,-0.21453,0.14847,-2.33426,0.91099,-2.96939,0.74782,-0.18449,0.2084,-0.17372,0.79889,2.4809,0.02646
mspi1_lam05_fast_dec05x_linear+log2&age2&xlog&prior&priorsat,mspi1_lam05_fast_dec05x,3,2014,linear+log2&age2&xlog&prior&priorsat,linear+log2&age2&xlog&prior&priorsat,1.51828,1.74025,0.64135,3.29551,-0.71413,0.03519,-0.19923,0.1277,-2.20566,0.95186,-2.81345,0.70498,-0.17688,0.19944,-0.1944,0.82005,2.31137,-0.05572
mspi1_lam05_fast_dec05x_linear+log2&age2&xlog&prior&priorsat,mspi1_lam05_fast_dec05x,3,2015,linear+log2&age2&xlog&prior&priorsat,linear+log2&age2&xlog&prior&priorsat,1.51828,1.74025,0.56803,3.49045,-0.76414,0.01748,-0.17665,0.17477,-2.30354,0.88145,-2.99205,0.75541,-0.20001,0.21409,-0.14883,0.55871,2.4035,0.28799
mspi1_lam05_fast_dec05x_linear+log2&age2&xlog&prior&priorsat,mspi1_lam05_fast_dec05x,3,2016,linear+log2&age2&xlog&prior&priorsat,linear+log2&age2&xlog&prior&priorsat,1.51828,1.74025,0.61646,3.39928,-0.74632,0.05344,-0.20803,0.13807,-2.19738,0.90428,-2.89455,0.73112,-0.19084,0.22098,-0.16773,0.78084,2.34422,0.03428
mspi1_lam05_fast_dec05x_linear+log2&age2&xlog&prior&priorsat,mspi1_lam05_fast_dec05x,3,2017,linear+log2&age2&xlog&prior&priorsat,linear+log2&age2&xlog&prior&priorsat,1.51828,1.74025,0.56453,3.34233,-0.72506,0.0443,-0.20584,0.17446,-2.06245,0.92758,-2.90524,0.72238,-0.18029,0.20835,-0.19192,0.90814,2.14255,-0.07665
mspi1_lam05_fast_dec05x_linear+log2&age2&xlog&prior&priorsat,mspi1_lam05_fast_dec05x,3,2018,linear+log2&age2&xlog&prior&priorsat,linear+log2&age2&xlog&prior&priorsat,1.51828,1.74025,0.57672,3.47842,-0.76624,0.03671,-0.19931,0.16916,-2.05989,0.8802,-3.03226,0.75595,-0.19736,0.22142,-0.15895,0.8636,2.16055,-0.01029
mspi1_lam05_fast_dec05x_linear+log2&age2&xlog&prior&priorsat,mspi1_lam05_fast_dec05x,3,2019,linear+log2&age2&xlog&prior&priorsat,linear+log2&age2&xlog&prior&priorsat,1.51828,1.74025,0.69704,3.42039,-0.74349,0.03537,-0.18551,0.09171,-2.46227,0.88388,-2.92771,0.73868,-0.20364,0.22951,-0.15981,0.88764,2.60266,-0.02581
mspi1_lam05_fast_dec05x_linear+log2&age2&xlog&prior&priorsat,mspi1_lam05_fast_dec05x,3,2020,linear+log2&age2&xlog&prior&priorsat,linear+log2&age2&xlog&prior&priorsat,1.51828,1.74025,0.6023,3.33224,-0.71267,0.03871,-0.19115,0.14783,-2.17576,0.93385,-2.9296,0.73213,-0.18336,0.20436,-0.19283,0.68102,2.26483,0.09312
mspi1_lam05_fast_dec05x_linear+log2&age2&xlog&prior&priorsat,mspi1_lam05_fast_dec05x,3,2021,linear+log2&age2&xlog&prior&priorsat,linear+log2&age2&xlog&prior&priorsat,1.51828,1.74025,0.59565,3.34104,-0.7221,0.01931,-0.17425,0.15382,-2.18574,0.9375,-2.86818,0.71966,-0.19033,0.22097,-0.1988,0.56699,2.25795,0.32759
mspi1_lam05_fast_dec05x_linear+log2&age2&xlog&prior&priorsat,mspi1_lam05_fast_dec05x,3,2022,linear+log2&age2&xlog&prior&priorsat,linear+log2&age2&xlog&prior&priorsat,1.51828,1.74025,0.56711,3.6336,-0.80881,0.04035,-0.19222,0.17889,-2.1506,0.90202,-2.70537,0.67749,-0.19785,0.22029,-0.17145,0.77251,2.23849,0.03981
mspi1_lam05_fast_dec05x_linear+log2&age2&xlog&prior&priorsat,mspi1_lam05_fast_dec05x,3,2023,linear+log2&age2&xlog&prior&priorsat,linear+log2&age2&xlog&prior&priorsat,1.51828,1.74025,0.61247,3.27271,-0.70802,0.05299,-0.19701,0.14528,-2.06638,0.9255,-2.91187,0.73109,-0.19357,0.22308,-0.18128,0.72452,2.1393,0.07201
mspi1_lam05_fast_dec05x_linear+log2&age2&xlog&prior&priorsat,mspi1_lam05_fast_dec05x,3,2024,linear+log2&age2&xlog&prior&priorsat,linear+log2&age2&xlog&prior&priorsat,1.51828,1.74025,0.5699,3.15852,-0.6745,0.02125,-0.18261,0.17602,-2.04828,0.95101,-2.84907,0.71421,-0.20913,0.21116,-0.21474,0.77223,2.10462,0.04317
mspi1_lam05_fast_dec05x_linear+log2&age2&xlog&prior&priorsat,mspi1_lam05_fast_dec05x,3,2025,linear+log2&age2&xlog&prior&priorsat,linear+log2&age2&xlog&prior&priorsat,1.51828,1.74025,0.60664,3.26408,-0.69928,0.02687,-0.16902,0.14645,-2.20032,0.93193,-2.8095,0.7033,-0.19594,0.21714,-0.18969,1.09168,2.28642,-0.34196
mspi1_lam05_fast_dec05x_linear+log2&age2&xlog&prior&priorsat,mspi1_lam05_fast_dec05x,3,-1,linear+log2&age2&xlog&prior&priorsat,linear+log2&age2&xlog&prior&priorsat,1.51828,1.74025,0.60705,3.39677,-0.74085,0.04004,-0.19505,0.14767,-2.23774,0.919,-2.91061,0.73051,-0.19257,0.2171,-0.18409,0.7451,2.34483,0.08621
mspi1_lam05_fast_dec05x_linear+log2&age2&xlog&priorsat,mspi1_lam05_fast_dec05x,3,1998,linear+log2&age2&xlog&priorsat,linear+log2&age2&xlog&priorsat,1.51828,1.74025,0.27069,2.78677,-0.60522,0.04915,-0.21672,0.37031,-0.21361,0.95335,-3.00874,0.75646,-0.20628,0.21093,-0.21401,0.9746,,
mspi1_lam05_fast_dec05x_linear+log2&age2&xlog&priorsat,mspi1_lam05_fast_dec05x,3,1999,linear+log2&age2&xlog&priorsat,linear+log2&age2&xlog&priorsat,1.51828,1.74025,0.21795,2.75213,-0.59584,0.05732,-0.20726,0.40269,-0.17766,0.96296,-2.98026,0.74409,-0.19011,0.21151,-0.22088,0.93959,,
mspi1_lam05_fast_dec05x_linear+log2&age2&xlog&priorsat,mspi1_lam05_fast_dec05x,3,2000,linear+log2&age2&xlog&priorsat,linear+log2&age2&xlog&priorsat,1.51828,1.74025,0.2306,2.80953,-0.61546,0.04674,-0.19873,0.39599,-0.1793,0.98489,-2.94042,0.73169,-0.18616,0.21716,-0.23516,0.90346,,
mspi1_lam05_fast_dec05x_linear+log2&age2&xlog&priorsat,mspi1_lam05_fast_dec05x,3,2001,linear+log2&age2&xlog&priorsat,linear+log2&age2&xlog&priorsat,1.51828,1.74025,0.2299,2.75272,-0.60232,0.06252,-0.23223,0.39037,-0.13183,0.98523,-3.00781,0.75506,-0.18845,0.2173,-0.24314,1.01591,,
mspi1_lam05_fast_dec05x_linear+log2&age2&xlog&priorsat,mspi1_lam05_fast_dec05x,3,2002,linear+log2&age2&xlog&priorsat,linear+log2&age2&xlog&priorsat,1.51828,1.74025,0.2726,2.68048,-0.58123,0.07215,-0.20894,0.36182,-0.16616,0.98959,-2.9061,0.71999,-0.19115,0.22575,-0.23729,0.908,,
mspi1_lam05_fast_dec05x_linear+log2&age2&xlog&priorsat,mspi1_lam05_fast_dec05x,3,2003,linear+log2&age2&xlog&priorsat,linear+log2&age2&xlog&priorsat,1.51828,1.74025,0.22339,2.68628,-0.58779,0.04727,-0.20817,0.4078,-0.17306,0.96625,-3.04542,0.75679,-0.18889,0.20896,-0.22367,0.93665,,
mspi1_lam05_fast_dec05x_linear+log2&age2&xlog&priorsat,mspi1_lam05_fast_dec05x,3,2004,linear+log2&age2&xlog&priorsat,linear+log2&age2&xlog&priorsat,1.51828,1.74025,0.22459,2.74586,-0.58964,0.05878,-0.20153,0.38902,-0.14626,0.96998,-3.03294,0.75861,-0.18552,0.21808,-0.23279,0.96018,,
mspi1_lam05_fast_dec05x_linear+log2&age2&xlog&priorsat,mspi1_lam05_fast_dec05x,3,2005,linear+log2&age2&xlog&priorsat,linear+log2&age2&xlog&priorsat,1.51828,1.74025,0.27795,2.72998,-0.60125,0.06807,-0.21123,0.36558,-0.17442,1.02293,-2.94217,0.74014,-0.20033,0.22948,-0.27441,0.97887,,
mspi1_lam05_fast_dec05x_linear+log2&age2&xlog&priorsat,mspi1_lam05_fast_dec05x,3,2006,linear+log2&age2&xlog&priorsat,linear+log2&age2&xlog&priorsat,1.51828,1.74025,0.24986,2.81041,-0.62181,0.07345,-0.21774,0.38266,-0.16787,0.99304,-2.97017,0.73909,-0.1813,0.21193,-0.24449,0.89668,,
mspi1_lam05_fast_dec05x_linear+log2&age2&xlog&priorsat,mspi1_lam05_fast_dec05x,3,2007,linear+log2&age2&xlog&priorsat,linear+log2&age2&xlog&priorsat,1.51828,1.74025,0.23767,2.75989,-0.59773,0.04562,-0.19773,0.39466,-0.17725,0.99143,-2.97274,0.74744,-0.19879,0.22874,-0.24058,0.91161,,
mspi1_lam05_fast_dec05x_linear+log2&age2&xlog&priorsat,mspi1_lam05_fast_dec05x,3,2008,linear+log2&age2&xlog&priorsat,linear+log2&age2&xlog&priorsat,1.51828,1.74025,0.16761,2.8615,-0.62891,0.06891,-0.20366,0.42685,-0.14105,0.98077,-2.9878,0.74697,-0.18335,0.21707,-0.23647,0.93237,,
mspi1_lam05_fast_dec05x_linear+log2&age2&xlog&priorsat,mspi1_lam05_fast_dec05x,3,2009,linear+log2&age2&xlog&priorsat,linear+log2&age2&xlog&priorsat,1.51828,1.74025,0.21354,2.70695,-0.58622,0.05799,-0.21109,0.40224,-0.11423,1.0073,-3.02309,0.75986,-0.20332,0.21059,-0.2551,0.90439,,
mspi1_lam05_fast_dec05x_linear+log2&age2&xlog&priorsat,mspi1_lam05_fast_dec05x,3,2010,linear+log2&age2&xlog&priorsat,linear+log2&age2&xlog&priorsat,1.51828,1.74025,0.20663,2.87003,-0.62776,0.07061,-0.22162,0.40666,-0.16258,0.96019,-3.05362,0.77019,-0.2055,0.22481,-0.21563,0.92328,,
mspi1_lam05_fast_dec05x_linear+log2&age2&xlog&priorsat,mspi1_lam05_fast_dec05x,3,2011,linear+log2&age2&xlog&priorsat,linear+log2&age2&xlog&priorsat,1.51828,1.74025,0.18155,2.82885,-0.61638,0.06016,-0.20917,0.42602,-0.16465,0.99627,-2.98457,0.75363,-0.19461,0.22446,-0.25367,1.003,,
mspi1_lam05_fast_dec05x_linear+log2&age2&xlog&priorsat,mspi1_lam05_fast_dec05x,3,2012,linear+log2&age2&xlog&priorsat,linear+log2&age2&xlog&priorsat,1.51828,1.74025,0.18808,2.74902,-0.5961,0.05805,-0.19981,0.42331,-0.17187,0.99693,-3.00584,0.75345,-0.19369,0.21873,-0.24887,0.94863,,
mspi1_lam05_fast_dec05x_linear+log2&age2&xlog&priorsat,mspi1_lam05_fast_dec05x,3,2013,linear+log2&age2&xlog&priorsat,linear+log2&age2&xlog&priorsat,1.51828,1.74025,0.19505,2.84336,-0.61784,0.05938,-0.2268,0.4083,-0.13733,0.98189,-3.04024,0.76321,-0.18492,0.20792,-0.23081,0.93783,,
mspi1_lam05_fast_dec05x_linear+log2&age2&xlog&priorsat,mspi1_lam05_fast_dec05x,3,2014,linear+log2&age2&xlog&priorsat,linear+log2&age2&xlog&priorsat,1.51828,1.74025,0.26773,2.67549,-0.57677,0.0508,-0.21098,0.37224,-0.16441,1.0238,-2.88614,0.72086,-0.17739,0.19896,-0.25246,0.88017,,
mspi1_lam05_fast_dec05x_linear+log2&age2&xlog&priorsat,mspi1_lam05_fast_dec05x,3,2015,linear+log2&age2&xlog&priorsat,linear+log2&age2&xlog&priorsat,1.51828,1.74025,0.17529,2.83897,-0.61902,0.03358,-0.18925,0.43121,-0.17937,0.93195,-3.04544,0.76708,-0.20083,0.21413,-0.18942,0.92532,,
mspi1_lam05_fast_dec05x_linear+log2&age2&xlog&priorsat,mspi1_lam05_fast_dec05x,3,2016,linear+log2&age2&xlog&priorsat,linear+log2&age2&xlog&priorsat,1.51828,1.74025,0.2397,2.78094,-0.60884,0.06874,-0.21866,0.38408,-0.12295,0.97455,-2.96291,0.74596,-0.19149,0.22082,-0.22428,0.92511,,
mspi1_lam05_fast_dec05x_linear+log2&age2&xlog&priorsat,mspi1_lam05_fast_dec05x,3,2017,linear+log2&age2&xlog&priorsat,linear+log2&age2&xlog&priorsat,1.51828,1.74025,0.21388,2.76017,-0.59575,0.05803,-0.21639,0.40382,-0.17144,1.00838,-2.98277,0.73925,-0.18111,0.20789,-0.25711,0.95914,,
mspi1_lam05_fast_dec05x_linear+log2&age2&xlog&priorsat,mspi1_lam05_fast_dec05x,3,2018,linear+log2&age2&xlog&priorsat,linear+log2&age2&xlog&priorsat,1.51828,1.74025,0.22988,2.89874,-0.63775,0.0506,-0.20922,0.39591,-0.15147,0.9564,-3.10696,0.77218,-0.19787,0.22084,-0.22051,0.97538,,
mspi1_lam05_fast_dec05x_linear+log2&age2&xlog&priorsat,mspi1_lam05_fast_dec05x,3,2019,linear+log2&age2&xlog&priorsat,linear+log2&age2&xlog&priorsat,1.51828,1.74025,0.27039,2.72646,-0.5883,0.05132,-0.19562,0.36942,-0.16205,0.96208,-3.00542,0.75586,-0.20444,0.22927,-0.22285,0.98722,,
mspi1_lam05_fast_dec05x_linear+log2&age2&xlog&priorsat,mspi1_lam05_fast_dec05x,3,2020,linear+log2&age2&xlog&priorsat,linear+log2&age2&xlog&priorsat,1.51828,1.74025,0.23081,2.71525,-0.57623,0.05298,-0.20163,0.3902,-0.17344,0.99433,-2.98942,0.74509,-0.18388,0.20393,-0.2416,0.86958,,
mspi1_lam05_fast_dec05x_linear+log2&age2&xlog&priorsat,mspi1_lam05_fast_dec05x,3,2021,linear+log2&age2&xlog&priorsat,linear+log2&age2&xlog&priorsat,1.51828,1.74025,0.22074,2.72618,-0.58616,0.03352,-0.18481,0.39799,-0.18979,0.98883,-2.92033,0.73103,-0.19083,0.2207,-0.24003,0.97378,,
mspi1_lam05_fast_dec05x_linear+log2&age2&xlog&priorsat,mspi1_lam05_fast_dec05x,3,2022,linear+log2&age2&xlog&priorsat,linear+log2&age2&xlog&priorsat,1.51828,1.74025,0.20477,3.01479,-0.67136,0.05453,-0.20238,0.41554,-0.17535,0.96995,-2.77382,0.69235,-0.19805,0.21979,-0.2262,0.92077,,
mspi1_lam05_fast_dec05x_linear+log2&age2&xlog&priorsat,mspi1_lam05_fast_dec05x,3,2023,linear+log2&age2&xlog&priorsat,linear+log2&age2&xlog&priorsat,1.51828,1.74025,0.25981,2.69556,-0.58002,0.06751,-0.20785,0.37532,-0.17908,0.99084,-2.97669,0.74524,-0.19474,0.22339,-0.23368,0.89716,,
mspi1_lam05_fast_dec05x_linear+log2&age2&xlog&priorsat,mspi1_lam05_fast_dec05x,3,2024,linear+log2&age2&xlog&priorsat,linear+log2&age2&xlog&priorsat,1.51828,1.74025,0.22246,2.57601,-0.54557,0.03584,-0.1939,0.4026,-0.19159,1.01974,-2.91969,0.72975,-0.20992,0.2109,-0.27018,0.92456,,
mspi1_lam05_fast_dec05x_linear+log2&age2&xlog&priorsat,mspi1_lam05_fast_dec05x,3,2025,linear+log2&age2&xlog&priorsat,linear+log2&age2&xlog&priorsat,1.51828,1.74025,0.23172,2.63949,-0.56087,0.04185,-0.1804,0.39074,-0.17985,1.02671,-2.90053,0.723,-0.19656,0.21631,-0.26627,0.90363,,
mspi1_lam05_fast_dec05x_linear+log2&age2&xlog&priorsat,mspi1_lam05_fast_dec05x,3,-1,linear+log2&age2&xlog&priorsat,linear+log2&age2&xlog&priorsat,1.51828,1.74025,0.22697,2.76426,-0.6004,0.05557,-0.20651,0.3958,-0.1657,0.98536,-2.97749,0.74513,-0.19316,0.21679,-0.23755,0.93626,,
