system,base,k,held_out,map_o,map_d,scale_o,scale_d,o0,o1,o2,o3,d0,d1,d2,d3,o4,d4,o5,d5
mspi1_lam05_linear+sat&age2,mspi1_lam05,3,1998,linear+sat&age2,linear+sat&age2,1.589,1.81189,0.76639,2.7868,0.01625,-0.25573,0.77602,-2.9472,-0.11254,0.09621,,,,
mspi1_lam05_linear+sat&age2,mspi1_lam05,3,1999,linear+sat&age2,linear+sat&age2,1.589,1.81189,0.76908,2.70139,0.0294,-0.2419,0.77464,-3.0061,-0.10068,0.0965,,,,
mspi1_lam05_linear+sat&age2,mspi1_lam05,3,2000,linear+sat&age2,linear+sat&age2,1.589,1.81189,0.76845,2.72081,0.01743,-0.23169,0.77255,-3.00194,-0.09817,0.10748,,,,
mspi1_lam05_linear+sat&age2,mspi1_lam05,3,2001,linear+sat&age2,linear+sat&age2,1.589,1.81189,0.76696,2.69294,0.03144,-0.25579,0.77724,-2.98058,-0.09598,0.09803,,,,
mspi1_lam05_linear+sat&age2,mspi1_lam05,3,2002,linear+sat&age2,linear+sat&age2,1.589,1.81189,0.76269,2.68856,0.04447,-0.23983,0.77894,-3.00225,-0.10547,0.1171,,,,
mspi1_lam05_linear+sat&age2,mspi1_lam05,3,2003,linear+sat&age2,linear+sat&age2,1.589,1.81189,0.78011,2.53619,0.0207,-0.24247,0.77509,-3.12974,-0.09958,0.0953,,,,
mspi1_lam05_linear+sat&age2,mspi1_lam05,3,2004,linear+sat&age2,linear+sat&age2,1.589,1.81189,0.76037,2.80133,0.03,-0.22935,0.76817,-3.05098,-0.09268,0.10274,,,,
mspi1_lam05_linear+sat&age2,mspi1_lam05,3,2005,linear+sat&age2,linear+sat&age2,1.589,1.81189,0.76752,2.6657,0.0373,-0.23628,0.77015,-2.9693,-0.10865,0.11085,,,,
mspi1_lam05_linear+sat&age2,mspi1_lam05,3,2006,linear+sat&age2,linear+sat&age2,1.589,1.81189,0.76484,2.71624,0.04202,-0.2424,0.77013,-3.05098,-0.08896,0.09754,,,,
mspi1_lam05_linear+sat&age2,mspi1_lam05,3,2007,linear+sat&age2,linear+sat&age2,1.589,1.81189,0.77293,2.74507,0.01796,-0.23079,0.77468,-2.96617,-0.10757,0.11453,,,,
mspi1_lam05_linear+sat&age2,mspi1_lam05,3,2008,linear+sat&age2,linear+sat&age2,1.589,1.81189,0.75689,2.72389,0.03986,-0.23048,0.77051,-3.01626,-0.09217,0.10194,,,,
mspi1_lam05_linear+sat&age2,mspi1_lam05,3,2009,linear+sat&age2,linear+sat&age2,1.589,1.81189,0.77487,2.67159,0.02727,-0.23406,0.77018,-2.99535,-0.11008,0.09533,,,,
mspi1_lam05_linear+sat&age2,mspi1_lam05,3,2010,linear+sat&age2,linear+sat&age2,1.589,1.81189,0.76464,2.79069,0.03846,-0.25014,0.77626,-2.9838,-0.11041,0.1055,,,,
mspi1_lam05_linear+sat&age2,mspi1_lam05,3,2011,linear+sat&age2,linear+sat&age2,1.589,1.81189,0.76958,2.72668,0.03328,-0.2421,0.77315,-2.9587,-0.10196,0.10147,,,,
mspi1_lam05_linear+sat&age2,mspi1_lam05,3,2012,linear+sat&age2,linear+sat&age2,1.589,1.81189,0.76956,2.6694,0.0315,-0.23464,0.77471,-3.0234,-0.09936,0.09981,,,,
mspi1_lam05_linear+sat&age2,mspi1_lam05,3,2013,linear+sat&age2,linear+sat&age2,1.589,1.81189,0.75983,2.8051,0.03356,-0.25117,0.77873,-3.0033,-0.09359,0.08872,,,,
mspi1_lam05_linear+sat&age2,mspi1_lam05,3,2014,linear+sat&age2,linear+sat&age2,1.589,1.81189,0.7734,2.69983,0.02219,-0.24196,0.78757,-2.92847,-0.0847,0.0881,,,,
mspi1_lam05_linear+sat&age2,mspi1_lam05,3,2015,linear+sat&age2,linear+sat&age2,1.589,1.81189,0.76467,2.73328,0.00877,-0.2242,0.77703,-2.99084,-0.10781,0.09636,,,,
mspi1_lam05_linear+sat&age2,mspi1_lam05,3,2016,linear+sat&age2,linear+sat&age2,1.589,1.81189,0.76964,2.73361,0.03568,-0.2355,0.77824,-2.93883,-0.09916,0.10427,,,,
mspi1_lam05_linear+sat&age2,mspi1_lam05,3,2017,linear+sat&age2,linear+sat&age2,1.589,1.81189,0.76386,2.76152,0.03173,-0.24971,0.77575,-3.09634,-0.08997,0.0923,,,,
mspi1_lam05_linear+sat&age2,mspi1_lam05,3,2018,linear+sat&age2,linear+sat&age2,1.589,1.81189,0.76945,2.82033,0.02022,-0.23341,0.77072,-3.14641,-0.10655,0.10289,,,,
mspi1_lam05_linear+sat&age2,mspi1_lam05,3,2019,linear+sat&age2,linear+sat&age2,1.589,1.81189,0.77592,2.75766,0.02189,-0.22549,0.77411,-2.97316,-0.10847,0.10688,,,,
mspi1_lam05_linear+sat&age2,mspi1_lam05,3,2020,linear+sat&age2,linear+sat&age2,1.589,1.81189,0.76865,2.7821,0.02584,-0.23826,0.77036,-3.02371,-0.09295,0.09218,,,,
mspi1_lam05_linear+sat&age2,mspi1_lam05,3,2021,linear+sat&age2,linear+sat&age2,1.589,1.81189,0.76337,2.71503,0.00907,-0.22408,0.78022,-2.94207,-0.09912,0.10301,,,,
mspi1_lam05_linear+sat&age2,mspi1_lam05,3,2022,linear+sat&age2,linear+sat&age2,1.589,1.81189,0.76721,2.83287,0.02086,-0.22889,0.77074,-2.7963,-0.11496,0.10933,,,,
mspi1_lam05_linear+sat&age2,mspi1_lam05,3,2023,linear+sat&age2,linear+sat&age2,1.589,1.81189,0.77054,2.71803,0.04251,-0.24306,0.78227,-2.98009,-0.10376,0.11187,,,,
mspi1_lam05_linear+sat&age2,mspi1_lam05,3,2024,linear+sat&age2,linear+sat&age2,1.589,1.81189,0.77533,2.58319,0.01148,-0.23658,0.7669,-2.98359,-0.11885,0.09895,,,,
mspi1_lam05_linear+sat&age2,mspi1_lam05,3,2025,linear+sat&age2,linear+sat&age2,1.589,1.81189,0.76864,2.65923,0.0178,-0.22031,0.77725,-2.98408,-0.10428,0.10365,,,,
mspi1_lam05_linear+sat&age2,mspi1_lam05,3,-1,linear+sat&age2,linear+sat&age2,1.589,1.81189,0.76804,2.72278,0.02715,-0.2375,0.77472,-2.99536,-0.10169,0.10137,,,,
mspi1_lam05_linear+sat&age2&xsat,mspi1_lam05,3,1998,linear+sat&age2&xsat,linear+sat&age2&xsat,1.589,1.81189,-0.03081,3.53926,-0.00495,-0.23541,1.17564,-2.79005,-0.11923,0.09744,1.39186,-0.81395,,
mspi1_lam05_linear+sat&age2&xsat,mspi1_lam05,3,1999,linear+sat&age2&xsat,linear+sat&age2&xsat,1.589,1.81189,-0.14432,3.56234,0.00624,-0.21798,1.21978,-2.83266,-0.10874,0.09807,1.59534,-0.9077,,
mspi1_lam05_linear+sat&age2&xsat,mspi1_lam05,3,2000,linear+sat&age2&xsat,linear+sat&age2&xsat,1.589,1.81189,-0.09271,3.53515,-0.00409,-0.20849,1.26767,-2.81143,-0.10742,0.10903,1.50262,-1.00995,,
mspi1_lam05_linear+sat&age2&xsat,mspi1_lam05,3,2001,linear+sat&age2&xsat,linear+sat&age2&xsat,1.589,1.81189,-0.14365,3.55948,0.0088,-0.23194,1.2871,-2.78026,-0.10639,0.09998,1.58984,-1.0402,,
mspi1_lam05_linear+sat&age2&xsat,mspi1_lam05,3,2002,linear+sat&age2&xsat,linear+sat&age2&xsat,1.589,1.81189,-0.03353,3.43571,0.02445,-0.21841,1.27624,-2.80973,-0.11511,0.119,1.3913,-1.01505,,
mspi1_lam05_linear+sat&age2&xsat,mspi1_lam05,3,2003,linear+sat&age2&xsat,linear+sat&age2&xsat,1.589,1.81189,-0.15157,3.43587,-0.0024,-0.21933,1.21493,-2.95513,-0.10819,0.09674,1.62628,-0.8978,,
mspi1_lam05_linear+sat&age2&xsat,mspi1_lam05,3,2004,linear+sat&age2&xsat,linear+sat&age2&xsat,1.589,1.81189,-0.14666,3.65187,0.0074,-0.20626,1.22945,-2.87016,-0.10202,0.10435,1.58501,-0.94173,,
mspi1_lam05_linear+sat&age2&xsat,mspi1_lam05,3,2005,linear+sat&age2&xsat,linear+sat&age2&xsat,1.589,1.81189,-0.07397,3.45949,0.01694,-0.21545,1.3641,-2.74248,-0.11953,0.11263,1.46907,-1.21253,,
mspi1_lam05_linear+sat&age2&xsat,mspi1_lam05,3,2006,linear+sat&age2&xsat,linear+sat&age2&xsat,1.589,1.81189,-0.05862,3.49448,0.02094,-0.2206,1.27048,-2.85737,-0.09848,0.09901,1.43857,-1.02101,,
mspi1_lam05_linear+sat&age2&xsat,mspi1_lam05,3,2007,linear+sat&age2&xsat,linear+sat&age2&xsat,1.589,1.81189,-0.13529,3.62113,-0.00564,-0.20608,1.28253,-2.76667,-0.11731,0.11658,1.58497,-1.03609,,
mspi1_lam05_linear+sat&age2&xsat,mspi1_lam05,3,2008,linear+sat&age2&xsat,linear+sat&age2&xsat,1.589,1.81189,-0.29025,3.71814,0.01391,-0.20362,1.28554,-2.81151,-0.10138,0.10323,1.82918,-1.0501,,
mspi1_lam05_linear+sat&age2&xsat,mspi1_lam05,3,2009,linear+sat&age2&xsat,linear+sat&age2&xsat,1.589,1.81189,-0.1822,3.57603,0.00392,-0.20931,1.2491,-2.80918,-0.11847,0.09666,1.67133,-0.97639,,
mspi1_lam05_linear+sat&age2&xsat,mspi1_lam05,3,2010,linear+sat&age2&xsat,linear+sat&age2&xsat,1.589,1.81189,-0.18434,3.69412,0.01395,-0.2245,1.23201,-2.8061,-0.11892,0.1071,1.65771,-0.92938,,
mspi1_lam05_linear+sat&age2&xsat,mspi1_lam05,3,2011,linear+sat&age2&xsat,linear+sat&age2&xsat,1.589,1.81189,-0.19394,3.63551,0.00923,-0.21679,1.28974,-2.75501,-0.1111,0.10318,1.68194,-1.05345,,
mspi1_lam05_linear+sat&age2&xsat,mspi1_lam05,3,2012,linear+sat&age2&xsat,linear+sat&age2&xsat,1.589,1.81189,-0.19926,3.5814,0.00759,-0.20943,1.31421,-2.81036,-0.10986,0.10148,1.69122,-1.09997,,
mspi1_lam05_linear+sat&age2&xsat,mspi1_lam05,3,2013,linear+sat&age2&xsat,linear+sat&age2&xsat,1.589,1.81189,-0.20478,3.72138,0.00817,-0.22624,1.25689,-2.8138,-0.10233,0.09004,1.6837,-0.97497,,
mspi1_lam05_linear+sat&age2&xsat,mspi1_lam05,3,2014,linear+sat&age2&xsat,linear+sat&age2&xsat,1.589,1.81189,-0.0817,3.50667,-1e-05,-0.21895,1.33346,-2.71662,-0.09533,0.08984,1.49335,-1.11276,,
mspi1_lam05_linear+sat&age2&xsat,mspi1_lam05,3,2015,linear+sat&age2&xsat,linear+sat&age2&xsat,1.589,1.81189,-0.20201,3.64648,-0.01674,-0.1991,1.13522,-2.84407,-0.11429,0.09764,1.68934,-0.72991,,
mspi1_lam05_linear+sat&age2&xsat,mspi1_lam05,3,2016,linear+sat&age2&xsat,linear+sat&age2&xsat,1.589,1.81189,-0.08605,3.54526,0.01385,-0.21389,1.2528,-2.75269,-0.10874,0.10627,1.49458,-0.96761,,
mspi1_lam05_linear+sat&age2&xsat,mspi1_lam05,3,2017,linear+sat&age2&xsat,linear+sat&age2&xsat,1.589,1.81189,-0.12951,3.60769,0.00893,-0.22601,1.33938,-2.87561,-0.10065,0.09396,1.5606,-1.14919,,
mspi1_lam05_linear+sat&age2&xsat,mspi1_lam05,3,2018,linear+sat&age2&xsat,linear+sat&age2&xsat,1.589,1.81189,-0.07053,3.61337,-0.00109,-0.2117,1.26692,-2.9517,-0.11535,0.10388,1.46772,-1.01175,,
mspi1_lam05_linear+sat&age2&xsat,mspi1_lam05,3,2019,linear+sat&age2&xsat,linear+sat&age2&xsat,1.589,1.81189,-0.10254,3.59056,-0.00046,-0.20323,1.23296,-2.79546,-0.11717,0.10877,1.53316,-0.93485,,
mspi1_lam05_linear+sat&age2&xsat,mspi1_lam05,3,2020,linear+sat&age2&xsat,linear+sat&age2&xsat,1.589,1.81189,-0.13563,3.63905,0.00283,-0.2141,1.29835,-2.8193,-0.10198,0.09321,1.57913,-1.07621,,
mspi1_lam05_linear+sat&age2&xsat,mspi1_lam05,3,2021,linear+sat&age2&xsat,linear+sat&age2&xsat,1.589,1.81189,-0.09741,3.52915,-0.01311,-0.20105,1.30376,-2.73698,-0.10884,0.10484,1.50257,-1.06744,,
mspi1_lam05_linear+sat&age2&xsat,mspi1_lam05,3,2022,linear+sat&age2&xsat,linear+sat&age2&xsat,1.589,1.81189,-0.15296,3.71383,-0.0032,-0.20461,1.21043,-2.62731,-0.12314,0.11094,1.60609,-0.89613,,
mspi1_lam05_linear+sat&age2&xsat,mspi1_lam05,3,2023,linear+sat&age2&xsat,linear+sat&age2&xsat,1.589,1.81189,-0.07342,3.51231,0.02056,-0.22043,1.27779,-2.78816,-0.11351,0.11383,1.47282,-1.01033,,
mspi1_lam05_linear+sat&age2&xsat,mspi1_lam05,3,2024,linear+sat&age2&xsat,linear+sat&age2&xsat,1.589,1.81189,-0.17098,3.48489,-0.01175,-0.21193,1.37327,-2.75021,-0.12948,0.10023,1.6513,-1.23606,,
mspi1_lam05_linear+sat&age2&xsat,mspi1_lam05,3,2025,linear+sat&age2&xsat,linear+sat&age2&xsat,1.589,1.81189,-0.12434,3.50845,-0.0055,-0.19616,1.40795,-2.74061,-0.11605,0.10586,1.55871,-1.28506,,
mspi1_lam05_linear+sat&age2&xsat,mspi1_lam05,3,-1,linear+sat&age2&xsat,linear+sat&age2&xsat,1.589,1.81189,-0.13194,3.57548,0.00429,-0.21395,1.27294,-2.80074,-0.111,0.10299,1.57149,-1.01596,,
mspi1_lam05_linear+sat&age2&xsat300,mspi1_lam05,3,1998,linear+sat&age2&xsat300,linear+sat&age2&xsat300,1.589,1.81189,-0.31655,3.40813,0.00074,-0.24186,1.41505,-2.80755,-0.11826,0.09791,1.76745,-1.20306,,
mspi1_lam05_linear+sat&age2&xsat300,mspi1_lam05,3,1999,linear+sat&age2&xsat300,linear+sat&age2&xsat300,1.589,1.81189,-0.53805,3.45264,0.01134,-0.22503,1.52559,-2.84294,-0.10788,0.09861,2.13315,-1.41435,,
mspi1_lam05_linear+sat&age2&xsat300,mspi1_lam05,3,2000,linear+sat&age2&xsat300,linear+sat&age2&xsat300,1.589,1.81189,-0.45684,3.4273,0.00085,-0.21542,1.61989,-2.8207,-0.10638,0.10967,1.99855,-1.59607,,
mspi1_lam05_linear+sat&age2&xsat300,mspi1_lam05,3,2001,linear+sat&age2&xsat300,linear+sat&age2&xsat300,1.589,1.81189,-0.56684,3.46564,0.01347,-0.2382,1.67579,-2.78397,-0.10546,0.10063,2.17664,-1.6926,,
mspi1_lam05_linear+sat&age2&xsat300,mspi1_lam05,3,2002,linear+sat&age2&xsat300,linear+sat&age2&xsat300,1.589,1.81189,-0.40145,3.35028,0.02884,-0.22432,1.67909,-2.80909,-0.11454,0.11988,1.90052,-1.69582,,
mspi1_lam05_linear+sat&age2&xsat300,mspi1_lam05,3,2003,linear+sat&age2&xsat300,linear+sat&age2&xsat300,1.589,1.81189,-0.44717,3.26109,0.00427,-0.227,1.54128,-2.96323,-0.10725,0.09726,2.00179,-1.44358,,
mspi1_lam05_linear+sat&age2&xsat300,mspi1_lam05,3,2004,linear+sat&age2&xsat300,linear+sat&age2&xsat300,1.589,1.81189,-0.58967,3.57435,0.01196,-0.21224,1.59267,-2.87184,-0.1012,0.10504,2.20323,-1.55352,,
mspi1_lam05_linear+sat&age2&xsat300,mspi1_lam05,3,2005,linear+sat&age2&xsat300,linear+sat&age2&xsat300,1.589,1.81189,-0.48458,3.38637,0.0209,-0.22093,1.81499,-2.74712,-0.11859,0.1135,2.04296,-1.96861,,
mspi1_lam05_linear+sat&age2&xsat300,mspi1_lam05,3,2006,linear+sat&age2&xsat300,linear+sat&age2&xsat300,1.589,1.81189,-0.34575,3.35686,0.02631,-0.22749,1.66455,-2.85927,-0.09785,0.09991,1.81268,-1.68491,,
mspi1_lam05_linear+sat&age2&xsat300,mspi1_lam05,3,2007,linear+sat&age2&xsat300,linear+sat&age2&xsat300,1.589,1.81189,-0.50022,3.49211,-7e-05,-0.21346,1.73092,-2.75749,-0.11736,0.11758,2.07676,-1.80142,,
mspi1_lam05_linear+sat&age2&xsat300,mspi1_lam05,3,2008,linear+sat&age2&xsat300,linear+sat&age2&xsat300,1.589,1.81189,-0.78336,3.61707,0.01889,-0.21084,1.69124,-2.81237,-0.10094,0.1041,2.5136,-1.73399,,
mspi1_lam05_linear+sat&age2&xsat300,mspi1_lam05,3,2009,linear+sat&age2&xsat300,linear+sat&age2&xsat300,1.589,1.81189,-0.62261,3.47652,0.00851,-0.21623,1.57815,-2.82047,-0.11749,0.09728,2.28037,-1.52172,,
mspi1_lam05_linear+sat&age2&xsat300,mspi1_lam05,3,2010,linear+sat&age2&xsat300,linear+sat&age2&xsat300,1.589,1.81189,-0.61815,3.59209,0.01857,-0.23144,1.59821,-2.80529,-0.11859,0.10791,2.25683,-1.54815,,
mspi1_lam05_linear+sat&age2&xsat300,mspi1_lam05,3,2011,linear+sat&age2&xsat300,linear+sat&age2&xsat300,1.589,1.81189,-0.56948,3.4964,0.01473,-0.22432,1.71907,-2.75286,-0.11093,0.10421,2.18476,-1.78164,,
mspi1_lam05_linear+sat&age2&xsat300,mspi1_lam05,3,2012,linear+sat&age2&xsat300,linear+sat&age2&xsat300,1.589,1.81189,-0.62679,3.47137,0.01254,-0.21654,1.77456,-2.80552,-0.10953,0.10261,2.27859,-1.883,,
mspi1_lam05_linear+sat&age2&xsat300,mspi1_lam05,3,2013,linear+sat&age2&xsat300,linear+sat&age2&xsat300,1.589,1.81189,-0.61523,3.60196,0.01401,-0.2336,1.63723,-2.81523,-0.10188,0.09085,2.24352,-1.61697,,
mspi1_lam05_linear+sat&age2&xsat300,mspi1_lam05,3,2014,linear+sat&age2&xsat300,linear+sat&age2&xsat300,1.589,1.81189,-0.50275,3.43291,0.00421,-0.22481,1.75726,-2.71903,-0.09454,0.09081,2.0825,-1.82608,,
mspi1_lam05_linear+sat&age2&xsat300,mspi1_lam05,3,2015,linear+sat&age2&xsat300,linear+sat&age2&xsat300,1.589,1.81189,-0.57645,3.50489,-0.01042,-0.20683,1.34752,-2.86129,-0.11327,0.09796,2.18934,-1.07421,,
mspi1_lam05_linear+sat&age2&xsat300,mspi1_lam05,3,2016,linear+sat&age2&xsat300,linear+sat&age2&xsat300,1.589,1.81189,-0.47561,3.45365,0.01824,-0.21988,1.64263,-2.7507,-0.10814,0.10688,2.03237,-1.62795,,
mspi1_lam05_linear+sat&age2&xsat300,mspi1_lam05,3,2017,linear+sat&age2&xsat300,linear+sat&age2&xsat300,1.589,1.81189,-0.46977,3.47054,0.01497,-0.23354,1.73738,-2.88933,-0.09919,0.09459,2.01315,-1.81099,,
mspi1_lam05_linear+sat&age2&xsat300,mspi1_lam05,3,2018,linear+sat&age2&xsat300,linear+sat&age2&xsat300,1.589,1.81189,-0.32069,3.44568,0.00544,-0.21957,1.73083,-2.94091,-0.1154,0.10487,1.77935,-1.80815,,
mspi1_lam05_linear+sat&age2&xsat300,mspi1_lam05,3,2019,linear+sat&age2&xsat300,linear+sat&age2&xsat300,1.589,1.81189,-0.50548,3.49854,0.00417,-0.20922,1.60463,-2.79566,-0.11668,0.10942,2.09064,-1.56363,,
mspi1_lam05_linear+sat&age2&xsat300,mspi1_lam05,3,2020,linear+sat&age2&xsat300,linear+sat&age2&xsat300,1.589,1.81189,-0.51366,3.52462,0.00824,-0.22135,1.74997,-2.81469,-0.10179,0.09423,2.09249,-1.84465,,
mspi1_lam05_linear+sat&age2&xsat300,mspi1_lam05,3,2021,linear+sat&age2&xsat300,linear+sat&age2&xsat300,1.589,1.81189,-0.47451,3.42704,-0.0081,-0.20774,1.71576,-2.73792,-0.1082,0.10569,2.01984,-1.76175,,
mspi1_lam05_linear+sat&age2&xsat300,mspi1_lam05,3,2022,linear+sat&age2&xsat300,linear+sat&age2&xsat300,1.589,1.81189,-0.53679,3.59112,0.00231,-0.21183,1.56334,-2.62844,-0.12269,0.11152,2.12758,-1.49262,,
mspi1_lam05_linear+sat&age2&xsat300,mspi1_lam05,3,2023,linear+sat&age2&xsat300,linear+sat&age2&xsat300,1.589,1.81189,-0.43314,3.40778,0.02571,-0.22718,1.65428,-2.79273,-0.11263,0.11443,1.96382,-1.64232,,
mspi1_lam05_linear+sat&age2&xsat300,mspi1_lam05,3,2024,linear+sat&age2&xsat300,linear+sat&age2&xsat300,1.589,1.81189,-0.57237,3.36733,-0.00671,-0.21908,1.89433,-2.74071,-0.12928,0.10146,2.19846,-2.12327,,
mspi1_lam05_linear+sat&age2&xsat300,mspi1_lam05,3,2025,linear+sat&age2&xsat300,linear+sat&age2&xsat300,1.589,1.81189,-0.47023,3.37936,0.0001,-0.20364,2.05102,-2.7129,-0.1166,0.10747,2.02139,-2.39799,,
mspi1_lam05_linear+sat&age2&xsat300,mspi1_lam05,3,-1,linear+sat&age2&xsat300,linear+sat&age2&xsat300,1.589,1.81189,-0.51257,3.46205,0.00947,-0.22082,1.66732,-2.80224,-0.11041,0.10379,2.08968,-1.68114,,
mspi1_lam05_linear+sat&age2&xsat3000,mspi1_lam05,3,1998,linear+sat&age2&xsat3000,linear+sat&age2&xsat3000,1.589,1.81189,0.28369,3.3981,-0.00493,-0.23356,1.01276,-2.81141,-0.11915,0.09669,0.99163,-0.57879,,
mspi1_lam05_linear+sat&age2&xsat3000,mspi1_lam05,3,1999,linear+sat&age2&xsat3000,linear+sat&age2&xsat3000,1.589,1.81189,0.22946,3.37998,0.00724,-0.2161,1.03089,-2.86018,-0.1084,0.09733,1.11014,-0.62802,,
mspi1_lam05_linear+sat&age2&xsat3000,mspi1_lam05,3,2000,linear+sat&age2&xsat3000,linear+sat&age2&xsat3000,1.589,1.81189,0.2571,3.36672,-0.00328,-0.20658,1.06233,-2.83899,-0.10727,0.10832,1.04997,-0.71059,,
mspi1_lam05_linear+sat&age2&xsat3000,mspi1_lam05,3,2001,linear+sat&age2&xsat3000,linear+sat&age2&xsat3000,1.589,1.81189,0.23755,3.3652,0.01008,-0.23066,1.06884,-2.81302,-0.10597,0.09911,1.08787,-0.71551,,
mspi1_lam05_linear+sat&age2&xsat3000,mspi1_lam05,3,2002,linear+sat&age2&xsat3000,linear+sat&age2&xsat3000,1.589,1.81189,0.29365,3.27849,0.02507,-0.21695,1.06173,-2.84171,-0.1146,0.11804,0.96545,-0.69456,,
mspi1_lam05_linear+sat&age2&xsat3000,mspi1_lam05,3,2003,linear+sat&age2&xsat3000,linear+sat&age2&xsat3000,1.589,1.81189,0.2161,3.26098,-0.00226,-0.21725,1.02748,-2.98027,-0.108,0.09619,1.16009,-0.61978,,
mspi1_lam05_linear+sat&age2&xsat3000,mspi1_lam05,3,2004,linear+sat&age2&xsat3000,linear+sat&age2&xsat3000,1.589,1.81189,0.23892,3.45268,0.00859,-0.2051,1.03016,-2.9006,-0.10172,0.10354,1.07435,-0.64379,,
mspi1_lam05_linear+sat&age2&xsat3000,mspi1_lam05,3,2005,linear+sat&age2&xsat3000,linear+sat&age2&xsat3000,1.589,1.81189,0.2898,3.26723,0.01849,-0.21467,1.10945,-2.78091,-0.11913,0.11164,0.98193,-0.83379,,
mspi1_lam05_linear+sat&age2&xsat3000,mspi1_lam05,3,2006,linear+sat&age2&xsat3000,linear+sat&age2&xsat3000,1.589,1.81189,0.26451,3.34725,0.02147,-0.21863,1.05592,-2.88937,-0.09802,0.09808,1.02961,-0.70161,,
mspi1_lam05_linear+sat&age2&xsat3000,mspi1_lam05,3,2007,linear+sat&age2&xsat3000,linear+sat&age2&xsat3000,1.589,1.81189,0.23519,3.43988,-0.00461,-0.20437,1.05583,-2.80527,-0.11634,0.11553,1.1049,-0.68959,,
mspi1_lam05_linear+sat&age2&xsat3000,mspi1_lam05,3,2008,linear+sat&age2&xsat3000,linear+sat&age2&xsat3000,1.589,1.81189,0.16056,3.47862,0.01604,-0.20254,1.06054,-2.84879,-0.10074,0.10234,1.2274,-0.71084,,
mspi1_lam05_linear+sat&age2&xsat3000,mspi1_lam05,3,2009,linear+sat&age2&xsat3000,linear+sat&age2&xsat3000,1.589,1.81189,0.22877,3.36063,0.00602,-0.20829,1.06521,-2.82912,-0.11879,0.09587,1.12296,-0.7229,,
mspi1_lam05_linear+sat&age2&xsat3000,mspi1_lam05,3,2010,linear+sat&age2&xsat3000,linear+sat&age2&xsat3000,1.589,1.81189,0.21798,3.48673,0.01627,-0.2235,1.03062,-2.83936,-0.11819,0.10617,1.12452,-0.62342,,
mspi1_lam05_linear+sat&age2&xsat3000,mspi1_lam05,3,2011,linear+sat&age2&xsat3000,linear+sat&age2&xsat3000,1.589,1.81189,0.1864,3.46201,0.01012,-0.21455,1.06642,-2.78942,-0.11047,0.10214,1.19819,-0.71866,,
mspi1_lam05_linear+sat&age2&xsat3000,mspi1_lam05,3,2012,linear+sat&age2&xsat3000,linear+sat&age2&xsat3000,1.589,1.81189,0.19472,3.39054,0.00875,-0.20749,1.07953,-2.84689,-0.10927,0.10042,1.18102,-0.74693,,
mspi1_lam05_linear+sat&age2&xsat3000,mspi1_lam05,3,2013,linear+sat&age2&xsat3000,linear+sat&age2&xsat3000,1.589,1.81189,0.19777,3.51892,0.00963,-0.22464,1.04926,-2.84615,-0.10176,0.0892,1.15437,-0.66269,,
mspi1_lam05_linear+sat&age2&xsat3000,mspi1_lam05,3,2014,linear+sat&age2&xsat3000,linear+sat&age2&xsat3000,1.589,1.81189,0.28152,3.31995,0.00158,-0.218,1.10229,-2.75058,-0.09481,0.08874,1.0115,-0.77063,,
mspi1_lam05_linear+sat&age2&xsat3000,mspi1_lam05,3,2015,linear+sat&age2&xsat3000,linear+sat&age2&xsat3000,1.589,1.81189,0.18255,3.46679,-0.01605,-0.19692,0.98487,-2.86592,-0.11403,0.097,1.19862,-0.50862,,
mspi1_lam05_linear+sat&age2&xsat3000,mspi1_lam05,3,2016,linear+sat&age2&xsat3000,linear+sat&age2&xsat3000,1.589,1.81189,0.26795,3.36919,0.01529,-0.2127,1.0435,-2.7869,-0.10818,0.10555,1.03166,-0.6499,,
mspi1_lam05_linear+sat&age2&xsat3000,mspi1_lam05,3,2017,linear+sat&age2&xsat3000,linear+sat&age2&xsat3000,1.589,1.81189,0.22468,3.44423,0.00924,-0.22381,1.10235,-2.90843,-0.10051,0.09313,1.10986,-0.80042,,
mspi1_lam05_linear+sat&age2&xsat3000,mspi1_lam05,3,2018,linear+sat&age2&xsat3000,linear+sat&age2&xsat3000,1.589,1.81189,0.25226,3.47385,-0.00131,-0.20891,1.04004,-2.99049,-0.1145,0.103,1.06471,-0.65993,,
mspi1_lam05_linear+sat&age2&xsat3000,mspi1_lam05,3,2019,linear+sat&age2&xsat3000,linear+sat&age2&xsat3000,1.589,1.81189,0.27059,3.39679,0.00091,-0.2021,1.02932,-2.82825,-0.11654,0.10795,1.03773,-0.62458,,
mspi1_lam05_linear+sat&age2&xsat3000,mspi1_lam05,3,2020,linear+sat&age2&xsat3000,linear+sat&age2&xsat3000,1.589,1.81189,0.23261,3.45824,0.00373,-0.21218,1.0619,-2.85838,-0.10125,0.09234,1.10228,-0.71409,,
mspi1_lam05_linear+sat&age2&xsat3000,mspi1_lam05,3,2021,linear+sat&age2&xsat3000,linear+sat&age2&xsat3000,1.589,1.81189,0.24678,3.36785,-0.01265,-0.19885,1.07527,-2.77334,-0.10818,0.10383,1.0612,-0.72312,,
mspi1_lam05_linear+sat&age2&xsat3000,mspi1_lam05,3,2022,linear+sat&age2&xsat3000,linear+sat&age2&xsat3000,1.589,1.81189,0.21961,3.53505,-0.00243,-0.2025,1.02103,-2.6553,-0.12266,0.11023,1.12477,-0.61266,,
mspi1_lam05_linear+sat&age2&xsat3000,mspi1_lam05,3,2023,linear+sat&age2&xsat3000,linear+sat&age2&xsat3000,1.589,1.81189,0.27346,3.34293,0.02132,-0.21869,1.06649,-2.81968,-0.1132,0.11314,1.02059,-0.69639,,
mspi1_lam05_linear+sat&age2&xsat3000,mspi1_lam05,3,2024,linear+sat&age2&xsat3000,linear+sat&age2&xsat3000,1.589,1.81189,0.20914,3.30267,-0.01099,-0.20975,1.10183,-2.7958,-0.12868,0.09919,1.1627,-0.82014,,
mspi1_lam05_linear+sat&age2&xsat3000,mspi1_lam05,3,2025,linear+sat&age2&xsat3000,linear+sat&age2&xsat3000,1.589,1.81189,0.23923,3.33162,-0.00444,-0.19436,1.10882,-2.79584,-0.11464,0.10442,1.08753,-0.8116,,
mspi1_lam05_linear+sat&age2&xsat3000,mspi1_lam05,3,-1,linear+sat&age2&xsat3000,linear+sat&age2&xsat3000,1.589,1.81189,0.23693,3.39484,0.00529,-0.21226,1.05725,-2.8339,-0.1105,0.10211,1.09192,-0.69248,,
mspi1_lam05_linear+sat&age2&xlog,mspi1_lam05,3,1998,linear+sat&age2&xlog,linear+sat&age2&xlog,1.589,1.81189,0.39774,3.27628,-0.00313,-0.23251,0.95506,-2.83137,-0.11893,0.09642,0.2362,-0.13936,,
mspi1_lam05_linear+sat&age2&xlog,mspi1_lam05,3,1999,linear+sat&age2&xlog,linear+sat&age2&xlog,1.589,1.81189,0.36297,3.23442,0.00962,-0.21532,0.96503,-2.8836,-0.10793,0.0971,0.26083,-0.14867,,
mspi1_lam05_linear+sat&age2&xlog,mspi1_lam05,3,2000,linear+sat&age2&xlog,linear+sat&age2&xlog,1.589,1.81189,0.384,3.22856,-0.00085,-0.20599,0.99167,-2.8629,-0.10692,0.1082,0.24619,-0.17125,,
mspi1_lam05_linear+sat&age2&xlog,mspi1_lam05,3,2001,linear+sat&age2&xlog,linear+sat&age2&xlog,1.589,1.81189,0.37406,3.21341,0.01277,-0.23016,0.99705,-2.83794,-0.10551,0.09883,0.25186,-0.17196,,
mspi1_lam05_linear+sat&age2&xlog,mspi1_lam05,3,2002,linear+sat&age2&xlog,linear+sat&age2&xlog,1.589,1.81189,0.41156,3.15028,0.0271,-0.2165,0.99165,-2.86591,-0.11416,0.11768,0.22574,-0.16664,,
mspi1_lam05_linear+sat&age2&xlog,mspi1_lam05,3,2003,linear+sat&age2&xlog,linear+sat&age2&xlog,1.589,1.81189,0.35808,3.10156,0.00027,-0.21683,0.96278,-3.00282,-0.10755,0.09604,0.27118,-0.147,,
mspi1_lam05_linear+sat&age2&xlog,mspi1_lam05,3,2004,linear+sat&age2&xlog,linear+sat&age2&xlog,1.589,1.81189,0.37005,3.30913,0.01099,-0.20444,0.96345,-2.92455,-0.10128,0.10321,0.25128,-0.15308,,
mspi1_lam05_linear+sat&age2&xlog,mspi1_lam05,3,2005,linear+sat&age2&xlog,linear+sat&age2&xlog,1.589,1.81189,0.41569,3.12855,0.02087,-0.21447,1.02186,-2.81278,-0.11854,0.11133,0.22577,-0.1974,,
mspi1_lam05_linear+sat&age2&xlog,mspi1_lam05,3,2006,linear+sat&age2&xlog,linear+sat&age2&xlog,1.589,1.81189,0.38714,3.21354,0.02374,-0.21795,0.98613,-2.91365,-0.0976,0.09778,0.24269,-0.16913,,
mspi1_lam05_linear+sat&age2&xlog,mspi1_lam05,3,2007,linear+sat&age2&xlog,linear+sat&age2&xlog,1.589,1.81189,0.36794,3.29277,-0.00219,-0.2037,0.9853,-2.83088,-0.1158,0.11518,0.25981,-0.16467,,
mspi1_lam05_linear+sat&age2&xlog,mspi1_lam05,3,2008,linear+sat&age2&xlog,linear+sat&age2&xlog,1.589,1.81189,0.31784,3.30301,0.01913,-0.20215,0.98656,-2.87597,-0.10028,0.10213,0.28226,-0.16877,,
mspi1_lam05_linear+sat&age2&xlog,mspi1_lam05,3,2009,linear+sat&age2&xlog,linear+sat&age2&xlog,1.589,1.81189,0.37431,3.19923,0.00904,-0.20812,1.00738,-2.84591,-0.11904,0.0956,0.2571,-0.18523,,
mspi1_lam05_linear+sat&age2&xlog,mspi1_lam05,3,2010,linear+sat&age2&xlog,linear+sat&age2&xlog,1.589,1.81189,0.36151,3.32772,0.0196,-0.22335,0.96216,-2.86499,-0.1175,0.10582,0.25878,-0.14518,,
mspi1_lam05_linear+sat&age2&xlog,mspi1_lam05,3,2011,linear+sat&age2&xlog,linear+sat&age2&xlog,1.589,1.81189,0.32772,3.30883,0.01273,-0.21349,0.99394,-2.81521,-0.11007,0.10181,0.28324,-0.17237,,
mspi1_lam05_linear+sat&age2&xlog,mspi1_lam05,3,2012,linear+sat&age2&xlog,linear+sat&age2&xlog,1.589,1.81189,0.33487,3.23807,0.01126,-0.20656,1.00358,-2.87358,-0.10882,0.10013,0.27872,-0.17873,,
mspi1_lam05_linear+sat&age2&xlog,mspi1_lam05,3,2013,linear+sat&age2&xlog,linear+sat&age2&xlog,1.589,1.81189,0.34625,3.35448,0.01284,-0.22447,0.98094,-2.87091,-0.10129,0.08898,0.26494,-0.15775,,
mspi1_lam05_linear+sat&age2&xlog,mspi1_lam05,3,2014,linear+sat&age2&xlog,linear+sat&age2&xlog,1.589,1.81189,0.40533,3.18419,0.00403,-0.21748,1.02658,-2.77635,-0.09428,0.08835,0.23617,-0.18636,,
mspi1_lam05_linear+sat&age2&xlog,mspi1_lam05,3,2015,linear+sat&age2&xlog,linear+sat&age2&xlog,1.589,1.81189,0.32516,3.31028,-0.01327,-0.19621,0.93063,-2.88627,-0.11364,0.09675,0.2826,-0.11969,,
mspi1_lam05_linear+sat&age2&xlog,mspi1_lam05,3,2016,linear+sat&age2&xlog,linear+sat&age2&xlog,1.589,1.81189,0.39222,3.23297,0.0178,-0.21228,0.97537,-2.81161,-0.10767,0.10532,0.2422,-0.15385,,
mspi1_lam05_linear+sat&age2&xlog,mspi1_lam05,3,2017,linear+sat&age2&xlog,linear+sat&age2&xlog,1.589,1.81189,0.35488,3.30164,0.01146,-0.22295,1.02108,-2.93673,-0.10008,0.09293,0.26293,-0.19159,,
mspi1_lam05_linear+sat&age2&xlog,mspi1_lam05,3,2018,linear+sat&age2&xlog,linear+sat&age2&xlog,1.589,1.81189,0.37464,3.34123,0.00078,-0.20785,0.96868,-3.01699,-0.11389,0.10276,0.25383,-0.15453,,
mspi1_lam05_linear+sat&age2&xlog,mspi1_lam05,3,2019,linear+sat&age2&xlog,linear+sat&age2&xlog,1.589,1.81189,0.40355,3.24982,0.00341,-0.20161,0.96494,-2.85098,-0.11615,0.10767,0.23846,-0.1488,,
mspi1_lam05_linear+sat&age2&xlog,mspi1_lam05,3,2020,linear+sat&age2&xlog,linear+sat&age2&xlog,1.589,1.81189,0.36572,3.3115,0.0063,-0.21149,0.98565,-2.88592,-0.1008,0.09217,0.2586,-0.16805,,
mspi1_lam05_linear+sat&age2&xlog,mspi1_lam05,3,2021,linear+sat&age2&xlog,linear+sat&age2&xlog,1.589,1.81189,0.36999,3.23359,-0.01054,-0.19778,0.99871,-2.80132,-0.10757,0.10348,0.2521,-0.17066,,
mspi1_lam05_linear+sat&age2&xlog,mspi1_lam05,3,2022,linear+sat&age2&xlog,linear+sat&age2&xlog,1.589,1.81189,0.35326,3.38684,-0.00014,-0.2015,0.95948,-2.67651,-0.12226,0.10998,0.26526,-0.14714,,
mspi1_lam05_linear+sat&age2&xlog,mspi1_lam05,3,2023,linear+sat&age2&xlog,linear+sat&age2&xlog,1.589,1.81189,0.39612,3.20949,0.02347,-0.21788,0.99591,-2.8446,-0.11281,0.11297,0.23977,-0.16677,,
mspi1_lam05_linear+sat&age2&xlog,mspi1_lam05,3,2024,linear+sat&age2&xlog,linear+sat&age2&xlog,1.589,1.81189,0.34723,3.15169,-0.00868,-0.20876,1.01385,-2.82743,-0.12822,0.099,0.27426,-0.19266,,
mspi1_lam05_linear+sat&age2&xlog,mspi1_lam05,3,2025,linear+sat&age2&xlog,linear+sat&age2&xlog,1.589,1.81189,0.37138,3.18601,-0.00181,-0.19382,1.01782,-2.82969,-0.11377,0.10397,0.25459,-0.18756,,
mspi1_lam05_linear+sat&age2&xlog,mspi1_lam05,3,-1,linear+sat&age2&xlog,linear+sat&age2&xlog,1.589,1.81189,0.36973,3.24905,0.00778,-0.21162,0.98613,-2.85915,-0.11005,0.10184,0.25559,-0.16513,,
mspi1_lam05_linear+sat&age2&xage,mspi1_lam05,3,1998,linear+sat&age2&xage,linear+sat&age2&xage,1.589,1.81189,0.76531,2.81211,0.00865,-0.26119,0.77615,-2.94673,-0.11273,0.09554,0.02104,-0.00324,,
mspi1_lam05_linear+sat&age2&xage,mspi1_lam05,3,1999,linear+sat&age2&xage,linear+sat&age2&xage,1.589,1.81189,0.76865,2.71134,0.02647,-0.24397,0.77468,-3.00597,-0.10075,0.09626,0.00819,-0.00117,,
mspi1_lam05_linear+sat&age2&xage,mspi1_lam05,3,2000,linear+sat&age2&xage,linear+sat&age2&xage,1.589,1.81189,0.76888,2.71241,0.01982,-0.23009,0.77209,-3.00589,-0.09712,0.11038,-0.00679,0.01367,,
mspi1_lam05_linear+sat&age2&xage,mspi1_lam05,3,2001,linear+sat&age2&xage,linear+sat&age2&xage,1.589,1.81189,0.76562,2.72167,0.02275,-0.26209,0.77686,-2.98413,-0.09492,0.10065,0.02417,0.01201,,
mspi1_lam05_linear+sat&age2&xage,mspi1_lam05,3,2002,linear+sat&age2&xage,linear+sat&age2&xage,1.589,1.81189,0.76344,2.67339,0.04895,-0.23683,0.77891,-3.00226,-0.10542,0.11736,-0.01237,0.00115,,
mspi1_lam05_linear+sat&age2&xage,mspi1_lam05,3,2003,linear+sat&age2&xage,linear+sat&age2&xage,1.589,1.81189,0.77962,2.54693,0.0175,-0.24474,0.77465,-3.13431,-0.09856,0.09793,0.0088,0.01224,,
mspi1_lam05_linear+sat&age2&xage,mspi1_lam05,3,2004,linear+sat&age2&xage,linear+sat&age2&xage,1.589,1.81189,0.75991,2.81262,0.02654,-0.23211,0.76744,-3.05717,-0.09092,0.10767,0.00978,0.02276,,
mspi1_lam05_linear+sat&age2&xage,mspi1_lam05,3,2005,linear+sat&age2&xage,linear+sat&age2&xage,1.589,1.81189,0.76803,2.65502,0.04043,-0.23397,0.76999,-2.97073,-0.10831,0.1119,-0.00873,0.00491,,
mspi1_lam05_linear+sat&age2&xage,mspi1_lam05,3,2006,linear+sat&age2&xage,linear+sat&age2&xage,1.589,1.81189,0.76485,2.71613,0.04205,-0.24236,0.77017,-3.05068,-0.08904,0.09731,-0.0001,-0.0011,,
mspi1_lam05_linear+sat&age2&xage,mspi1_lam05,3,2007,linear+sat&age2&xage,linear+sat&age2&xage,1.589,1.81189,0.77223,2.76054,0.01346,-0.23413,0.77441,-2.96899,-0.10695,0.11612,0.01244,0.00776,,
mspi1_lam05_linear+sat&age2&xage,mspi1_lam05,3,2008,linear+sat&age2&xage,linear+sat&age2&xage,1.589,1.81189,0.75656,2.73111,0.03772,-0.23203,0.77047,-3.01671,-0.09207,0.10214,0.00593,0.00102,,
mspi1_lam05_linear+sat&age2&xage,mspi1_lam05,3,2009,linear+sat&age2&xage,linear+sat&age2&xage,1.589,1.81189,0.77496,2.67009,0.02767,-0.23385,0.7698,-2.99812,-0.10934,0.09747,-0.00115,0.01036,,
mspi1_lam05_linear+sat&age2&xage,mspi1_lam05,3,2010,linear+sat&age2&xage,linear+sat&age2&xage,1.589,1.81189,0.76387,2.80831,0.03325,-0.25417,0.77571,-2.98835,-0.10918,0.10874,0.01491,0.01573,,
mspi1_lam05_linear+sat&age2&xage,mspi1_lam05,3,2011,linear+sat&age2&xage,linear+sat&age2&xage,1.589,1.81189,0.76901,2.73788,0.03003,-0.24452,0.77306,-2.95956,-0.10174,0.10194,0.00939,0.0023,,
mspi1_lam05_linear+sat&age2&xage,mspi1_lam05,3,2012,linear+sat&age2&xage,linear+sat&age2&xage,1.589,1.81189,0.76944,2.67172,0.03082,-0.23517,0.77457,-3.02464,-0.099,0.10068,0.00195,0.00425,,
mspi1_lam05_linear+sat&age2&xage,mspi1_lam05,3,2013,linear+sat&age2&xage,linear+sat&age2&xage,1.589,1.81189,0.75854,2.83018,0.02648,-0.25599,0.77928,-2.99908,-0.09476,0.08542,0.01988,-0.01567,,
mspi1_lam05_linear+sat&age2&xage,mspi1_lam05,3,2014,linear+sat&age2&xage,linear+sat&age2&xage,1.589,1.81189,0.77341,2.69985,0.02216,-0.24202,0.78739,-2.92993,-0.08431,0.08917,9e-05,0.0052,,
mspi1_lam05_linear+sat&age2&xage,mspi1_lam05,3,2015,linear+sat&age2&xage,linear+sat&age2&xage,1.589,1.81189,0.76389,2.74941,0.004,-0.22767,0.7767,-2.99406,-0.10696,0.09839,0.01317,0.00991,,
mspi1_lam05_linear+sat&age2&xage,mspi1_lam05,3,2016,linear+sat&age2&xage,linear+sat&age2&xage,1.589,1.81189,0.76908,2.74508,0.03237,-0.23817,0.77761,-2.94514,-0.09738,0.10831,0.0095,0.02028,,
mspi1_lam05_linear+sat&age2&xage,mspi1_lam05,3,2017,linear+sat&age2&xage,linear+sat&age2&xage,1.589,1.81189,0.76305,2.77758,0.02699,-0.25316,0.7759,-3.09527,-0.09031,0.09138,0.01336,-0.00452,,
mspi1_lam05_linear+sat&age2&xage,mspi1_lam05,3,2018,linear+sat&age2&xage,linear+sat&age2&xage,1.589,1.81189,0.76913,2.82678,0.01829,-0.23485,0.77063,-3.14716,-0.10632,0.10342,0.00542,0.00257,,
mspi1_lam05_linear+sat&age2&xage,mspi1_lam05,3,2019,linear+sat&age2&xage,linear+sat&age2&xage,1.589,1.81189,0.77626,2.75114,0.02376,-0.22415,0.77371,-2.9758,-0.10771,0.10892,-0.00532,0.00987,,
mspi1_lam05_linear+sat&age2&xage,mspi1_lam05,3,2020,linear+sat&age2&xage,linear+sat&age2&xage,1.589,1.81189,0.76766,2.80191,0.02026,-0.24249,0.77025,-3.02484,-0.09271,0.09267,0.01601,0.00238,,
mspi1_lam05_linear+sat&age2&xage,mspi1_lam05,3,2021,linear+sat&age2&xage,linear+sat&age2&xage,1.589,1.81189,0.76256,2.72995,0.00477,-0.22714,0.78059,-2.93927,-0.09986,0.10083,0.01226,-0.01043,,
mspi1_lam05_linear+sat&age2&xage,mspi1_lam05,3,2022,linear+sat&age2&xage,linear+sat&age2&xage,1.589,1.81189,0.76718,2.83368,0.02061,-0.22911,0.77057,-2.79757,-0.11462,0.11025,0.00071,0.00441,,
mspi1_lam05_linear+sat&age2&xage,mspi1_lam05,3,2023,linear+sat&age2&xage,linear+sat&age2&xage,1.589,1.81189,0.77042,2.72026,0.04186,-0.24353,0.7822,-2.98058,-0.10363,0.11221,0.00183,0.0017,,
mspi1_lam05_linear+sat&age2&xage,mspi1_lam05,3,2024,linear+sat&age2&xage,linear+sat&age2&xage,1.589,1.81189,0.7751,2.58803,0.01009,-0.23763,0.76661,-2.9855,-0.11844,0.10046,0.00399,0.007,,
mspi1_lam05_linear+sat&age2&xage,mspi1_lam05,3,2025,linear+sat&age2&xage,linear+sat&age2&xage,1.589,1.81189,0.76847,2.66251,0.01689,-0.22095,0.77734,-2.98357,-0.10442,0.10321,0.0026,-0.00212,,
mspi1_lam05_linear+sat&age2&xage,mspi1_lam05,3,-1,linear+sat&age2&xage,linear+sat&age2&xage,1.589,1.81189,0.76767,2.73063,0.02485,-0.23921,0.77455,-2.99687,-0.1013,0.10236,0.0065,0.00474,,
mspi1_lam05_linear+sat&age2&xsat&xage,mspi1_lam05,3,1998,linear+sat&age2&xsat&xage,linear+sat&age2&xsat&xage,1.589,1.81189,-0.04124,3.54054,-0.00253,-0.23328,1.19788,-2.78674,-0.1183,0.10094,1.41078,-0.86063,-0.00749,0.0162
mspi1_lam05_linear+sat&age2&xsat&xage,mspi1_lam05,3,1999,linear+sat&age2&xsat&xage,linear+sat&age2&xsat&xage,1.589,1.81189,-0.172,3.56257,0.0134,-0.21174,1.24942,-2.8265,-0.1077,0.10267,1.64584,-0.96963,-0.02209,0.02139
mspi1_lam05_linear+sat&age2&xsat&xage,mspi1_lam05,3,2000,linear+sat&age2&xsat&xage,linear+sat&age2&xsat&xage,1.589,1.81189,-0.13687,3.53534,0.00744,-0.19843,1.32323,-2.80114,-0.10549,0.11756,1.5835,-1.12606,-0.03608,0.03957
mspi1_lam05_linear+sat&age2&xsat&xage,mspi1_lam05,3,2001,linear+sat&age2&xsat&xage,linear+sat&age2&xsat&xage,1.589,1.81189,-0.15181,3.55954,0.01094,-0.23029,1.34237,-2.76959,-0.10439,0.10856,1.60485,-1.15545,-0.00649,0.03899
mspi1_lam05_linear+sat&age2&xsat&xage,mspi1_lam05,3,2002,linear+sat&age2&xsat&xage,linear+sat&age2&xsat&xage,1.589,1.81189,-0.07431,3.43126,0.03656,-0.20861,1.31194,-2.80234,-0.11385,0.12472,1.46651,-1.08928,-0.03643,0.02568
mspi1_lam05_linear+sat&age2&xsat&xage,mspi1_lam05,3,2003,linear+sat&age2&xsat&xage,linear+sat&age2&xsat&xage,1.589,1.81189,-0.18068,3.43812,0.00495,-0.21337,1.26258,-2.94798,-0.10648,0.10443,1.67945,-0.99763,-0.02213,0.03493
mspi1_lam05_linear+sat&age2&xsat&xage,mspi1_lam05,3,2004,linear+sat&age2&xsat&xage,linear+sat&age2&xsat&xage,1.589,1.81189,-0.16986,3.65235,0.01359,-0.201,1.29512,-2.85706,-0.09992,0.11487,1.62744,-1.07906,-0.01899,0.04743
mspi1_lam05_linear+sat&age2&xsat&xage,mspi1_lam05,3,2005,linear+sat&age2&xsat&xage,linear+sat&age2&xsat&xage,1.589,1.81189,-0.11775,3.45903,0.02871,-0.20487,1.41149,-2.73473,-0.11795,0.1201,1.54918,-1.31162,-0.0359,0.03415
mspi1_lam05_linear+sat&age2&xsat&xage,mspi1_lam05,3,2006,linear+sat&age2&xsat&xage,linear+sat&age2&xsat&xage,1.589,1.81189,-0.09057,3.49456,0.02963,-0.21299,1.30299,-2.85056,-0.09748,0.10406,1.49691,-1.08894,-0.0263,0.02354
mspi1_lam05_linear+sat&age2&xsat&xage,mspi1_lam05,3,2007,linear+sat&age2&xsat&xage,linear+sat&age2&xsat&xage,1.589,1.81189,-0.15375,3.62033,-0.00051,-0.2017,1.32968,-2.75871,-0.11582,0.12357,1.61888,-1.13461,-0.01554,0.03352
mspi1_lam05_linear+sat&age2&xsat&xage,mspi1_lam05,3,2008,linear+sat&age2&xsat&xage,linear+sat&age2&xsat&xage,1.589,1.81189,-0.3256,3.71858,0.02322,-0.19555,1.32327,-2.80316,-0.10026,0.10878,1.89375,-1.12888,-0.02826,0.02694
mspi1_lam05_linear+sat&age2&xsat&xage,mspi1_lam05,3,2009,linear+sat&age2&xsat&xage,linear+sat&age2&xsat&xage,1.589,1.81189,-0.2216,3.57599,0.01416,-0.20009,1.29688,-2.7994,-0.11698,0.10386,1.74354,-1.07641,-0.03221,0.03433
mspi1_lam05_linear+sat&age2&xsat&xage,mspi1_lam05,3,2010,linear+sat&age2&xsat&xage,linear+sat&age2&xsat&xage,1.589,1.81189,-0.19925,3.69289,0.01836,-0.22089,1.28713,-2.7951,-0.11706,0.11541,1.68509,-1.04463,-0.01347,0.03965
mspi1_lam05_linear+sat&age2&xsat&xage,mspi1_lam05,3,2011,linear+sat&age2&xsat&xage,linear+sat&age2&xsat&xage,1.589,1.81189,-0.22149,3.63642,0.01609,-0.21062,1.32852,-2.74766,-0.10964,0.109,1.73248,-1.13455,-0.02191,0.02808
mspi1_lam05_linear+sat&age2&xsat&xage,mspi1_lam05,3,2012,linear+sat&age2&xsat&xage,linear+sat&age2&xsat&xage,1.589,1.81189,-0.23571,3.58207,0.0168,-0.20121,1.35798,-2.80172,-0.10821,0.10808,1.75822,-1.19129,-0.02909,0.03148
mspi1_lam05_linear+sat&age2&xsat&xage,mspi1_lam05,3,2013,linear+sat&age2&xsat&xage,linear+sat&age2&xsat&xage,1.589,1.81189,-0.2173,3.72119,0.01143,-0.22344,1.26723,-2.81166,-0.10198,0.09162,1.70669,-0.99659,-0.01012,0.00737
mspi1_lam05_linear+sat&age2&xsat&xage,mspi1_lam05,3,2014,linear+sat&age2&xsat&xage,linear+sat&age2&xsat&xage,1.589,1.81189,-0.11673,3.50757,0.00878,-0.21094,1.37789,-2.70791,-0.0939,0.09656,1.5579,-1.20569,-0.02803,0.03224
mspi1_lam05_linear+sat&age2&xsat&xage,mspi1_lam05,3,2015,linear+sat&age2&xsat&xage,linear+sat&age2&xsat&xage,1.589,1.81189,-0.225,3.64687,-0.01078,-0.19401,1.17405,-2.83644,-0.11285,0.10355,1.7315,-0.81104,-0.01812,0.02818
mspi1_lam05_linear+sat&age2&xsat&xage,mspi1_lam05,3,2016,linear+sat&age2&xsat&xage,linear+sat&age2&xsat&xage,1.589,1.81189,-0.10747,3.54525,0.0195,-0.20902,1.31356,-2.74248,-0.10622,0.11545,1.53411,-1.09443,-0.01765,0.045
mspi1_lam05_linear+sat&age2&xsat&xage,mspi1_lam05,3,2017,linear+sat&age2&xsat&xage,linear+sat&age2&xsat&xage,1.589,1.81189,-0.14779,3.60817,0.01367,-0.22178,1.37092,-2.86994,-0.0994,0.09871,1.59416,-1.2152,-0.01481,0.0229
mspi1_lam05_linear+sat&age2&xsat&xage,mspi1_lam05,3,2018,linear+sat&age2&xsat&xage,linear+sat&age2&xsat&xage,1.589,1.81189,-0.09665,3.61372,0.00576,-0.20566,1.30666,-2.94296,-0.11383,0.10979,1.5156,-1.09482,-0.02116,0.02798
mspi1_lam05_linear+sat&age2&xsat&xage,mspi1_lam05,3,2019,linear+sat&age2&xsat&xage,linear+sat&age2&xsat&xage,1.589,1.81189,-0.13859,3.58836,0.00971,-0.19398,1.275,-2.78742,-0.1156,0.11548,1.59952,-1.02314,-0.03174,0.03171
mspi1_lam05_linear+sat&age2&xsat&xage,mspi1_lam05,3,2020,linear+sat&age2&xsat&xage,linear+sat&age2&xsat&xage,1.589,1.81189,-0.15016,3.63856,0.00668,-0.21068,1.33768,-2.81242,-0.10058,0.09918,1.60595,-1.15861,-0.01217,0.02835
mspi1_lam05_linear+sat&age2&xsat&xage,mspi1_lam05,3,2021,linear+sat&age2&xsat&xage,linear+sat&age2&xsat&xage,1.589,1.81189,-0.11475,3.52909,-0.00856,-0.19698,1.32407,-2.73302,-0.10818,0.10797,1.53449,-1.10994,-0.01435,0.01467
mspi1_lam05_linear+sat&age2&xsat&xage,mspi1_lam05,3,2022,linear+sat&age2&xsat&xage,linear+sat&age2&xsat&xage,1.589,1.81189,-0.18928,3.71451,0.00626,-0.19651,1.24622,-2.62058,-0.12196,0.11651,1.67279,-0.97114,-0.02912,0.02615
mspi1_lam05_linear+sat&age2&xsat&xage,mspi1_lam05,3,2023,linear+sat&age2&xsat&xage,linear+sat&age2&xsat&xage,1.589,1.81189,-0.10459,3.51185,0.02873,-0.21338,1.31314,-2.78085,-0.11248,0.11934,1.53019,-1.08448,-0.02543,0.02599
mspi1_lam05_linear+sat&age2&xsat&xage,mspi1_lam05,3,2024,linear+sat&age2&xsat&xage,linear+sat&age2&xsat&xage,1.589,1.81189,-0.2019,3.48445,-0.00364,-0.20486,1.42275,-2.74015,-0.1284,0.10823,1.70818,-1.34004,-0.02567,0.03667
mspi1_lam05_linear+sat&age2&xsat&xage,mspi1_lam05,3,2025,linear+sat&age2&xsat&xage,linear+sat&age2&xsat&xage,1.589,1.81189,-0.15534,3.50718,0.00261,-0.18894,1.44535,-2.73264,-0.11487,0.11176,1.61578,-1.36357,-0.02573,0.02741
mspi1_lam05_linear+sat&age2&xsat&xage,mspi1_lam05,3,-1,linear+sat&age2&xsat&xage,linear+sat&age2&xsat&xage,1.589,1.81189,-0.15941,3.57557,0.01149,-0.20766,1.31392,-2.79292,-0.10959,0.1093,1.62187,-1.10168,-0.02234,0.02965
mspi1_lam05_linear+log2&age2&xlog,mspi1_lam05,3,1998,linear+log2&age2&xlog,linear+log2&age2&xlog,1.589,1.81189,0.28207,2.61123,-0.55315,0.00542,0.94383,-2.67277,0.60723,-0.1658,-0.25008,0.13771,0.32979,-0.12245
mspi1_lam05_linear+log2&age2&xlog,mspi1_lam05,3,1999,linear+log2&age2&xlog,linear+log2&age2&xlog,1.589,1.81189,0.24588,2.58509,-0.54774,0.01762,0.95528,-2.65025,0.59568,-0.14927,-0.23251,0.1363,0.35494,-0.13325
mspi1_lam05_linear+log2&age2&xlog,mspi1_lam05,3,2000,linear+log2&age2&xlog,linear+log2&age2&xlog,1.589,1.81189,0.2655,2.62019,-0.56009,0.0087,0.98149,-2.63969,0.59396,-0.14888,-0.22548,0.14848,0.34309,-0.15576
mspi1_lam05_linear+log2&age2&xlog,mspi1_lam05,3,2001,linear+log2&age2&xlog,linear+log2&age2&xlog,1.589,1.81189,0.26116,2.54834,-0.53869,0.02105,0.98619,-2.65361,0.59989,-0.14941,-0.24731,0.13964,0.34295,-0.15568
mspi1_lam05_linear+log2&age2&xlog,mspi1_lam05,3,2002,linear+log2&age2&xlog,linear+log2&age2&xlog,1.589,1.81189,0.30014,2.49556,-0.52672,0.03419,0.97925,-2.56619,0.57117,-0.15174,-0.23186,0.15277,0.31495,-0.15046
mspi1_lam05_linear+log2&age2&xlog,mspi1_lam05,3,2003,linear+log2&age2&xlog,linear+log2&age2&xlog,1.589,1.81189,0.24719,2.48788,-0.52925,0.00798,0.95042,-2.73178,0.61194,-0.14965,-0.23317,0.13315,0.36189,-0.12989
mspi1_lam05_linear+log2&age2&xlog,mspi1_lam05,3,2004,linear+log2&age2&xlog,linear+log2&age2&xlog,1.589,1.81189,0.25856,2.56123,-0.53487,0.01686,0.95428,-2.69861,0.60859,-0.14337,-0.21894,0.1432,0.33967,-0.13681
mspi1_lam05_linear+log2&age2&xlog,mspi1_lam05,3,2005,linear+log2&age2&xlog,linear+log2&age2&xlog,1.589,1.81189,0.29893,2.55611,-0.54822,0.03106,1.01422,-2.59012,0.58387,-0.16013,-0.23428,0.14893,0.32139,-0.18321
mspi1_lam05_linear+log2&age2&xlog,mspi1_lam05,3,2006,linear+log2&age2&xlog,linear+log2&age2&xlog,1.589,1.81189,0.26743,2.62728,-0.56343,0.03378,0.97837,-2.66945,0.59984,-0.13921,-0.23899,0.13754,0.34071,-0.15533
mspi1_lam05_linear+log2&age2&xlog,mspi1_lam05,3,2007,linear+log2&age2&xlog,linear+log2&age2&xlog,1.589,1.81189,0.25884,2.56848,-0.5403,0.00532,0.981,-2.66542,0.60601,-0.16232,-0.22068,0.15728,0.34856,-0.15307
mspi1_lam05_linear+log2&age2&xlog,mspi1_lam05,3,2008,linear+log2&age2&xlog,linear+log2&age2&xlog,1.589,1.81189,0.20032,2.62905,-0.55607,0.02742,0.97766,-2.6666,0.60125,-0.14355,-0.21932,0.14173,0.37677,-0.15441
mspi1_lam05_linear+log2&age2&xlog,mspi1_lam05,3,2009,linear+log2&age2&xlog,linear+log2&age2&xlog,1.589,1.81189,0.25639,2.51534,-0.52751,0.0157,1.00423,-2.69091,0.61201,-0.16624,-0.22257,0.13828,0.34962,-0.17447
mspi1_lam05_linear+log2&age2&xlog,mspi1_lam05,3,2010,linear+log2&age2&xlog,linear+log2&age2&xlog,1.589,1.81189,0.2405,2.66447,-0.56541,0.02924,0.95426,-2.71845,0.6191,-0.16531,-0.24239,0.1507,0.35592,-0.13062
mspi1_lam05_linear+log2&age2&xlog,mspi1_lam05,3,2011,linear+log2&age2&xlog,linear+log2&age2&xlog,1.589,1.81189,0.20581,2.65032,-0.56179,0.02116,0.98564,-2.6518,0.60206,-0.15566,-0.23179,0.14463,0.38097,-0.15843
mspi1_lam05_linear+log2&age2&xlog,mspi1_lam05,3,2012,linear+log2&age2&xlog,linear+log2&age2&xlog,1.589,1.81189,0.21931,2.57885,-0.54602,0.01966,0.99481,-2.67649,0.60481,-0.15362,-0.22388,0.1408,0.37186,-0.16473
mspi1_lam05_linear+log2&age2&xlog,mspi1_lam05,3,2013,linear+log2&age2&xlog,linear+log2&age2&xlog,1.589,1.81189,0.2284,2.63322,-0.55304,0.01972,0.9741,-2.69244,0.61028,-0.1468,-0.24041,0.13095,0.35874,-0.14417
mspi1_lam05_linear+log2&age2&xlog,mspi1_lam05,3,2014,linear+log2&age2&xlog,linear+log2&age2&xlog,1.589,1.81189,0.29328,2.49536,-0.52353,0.01109,1.01835,-2.55581,0.57514,-0.13679,-0.23245,0.12679,0.32527,-0.17285
mspi1_lam05_linear+log2&age2&xlog,mspi1_lam05,3,2015,linear+log2&age2&xlog,linear+log2&age2&xlog,1.589,1.81189,0.2028,2.66384,-0.5666,-0.00474,0.91955,-2.72025,0.61719,-0.15898,-0.21458,0.1381,0.38131,-0.10296
mspi1_lam05_linear+log2&age2&xlog,mspi1_lam05,3,2016,linear+log2&age2&xlog,linear+log2&age2&xlog,1.589,1.81189,0.27544,2.56973,-0.54321,0.02589,0.96763,-2.63708,0.59883,-0.15379,-0.22942,0.14665,0.3355,-0.14051
mspi1_lam05_linear+log2&age2&xlog,mspi1_lam05,3,2017,linear+log2&age2&xlog,linear+log2&age2&xlog,1.589,1.81189,0.24133,2.58849,-0.54426,0.01935,1.00931,-2.66165,0.59415,-0.14008,-0.23876,0.12926,0.35414,-0.17544
mspi1_lam05_linear+log2&age2&xlog,mspi1_lam05,3,2018,linear+log2&age2&xlog,linear+log2&age2&xlog,1.589,1.81189,0.25526,2.69752,-0.57566,0.01112,0.95847,-2.75542,0.61777,-0.15584,-0.22767,0.14223,0.35154,-0.13896
mspi1_lam05_linear+log2&age2&xlog,mspi1_lam05,3,2019,linear+log2&age2&xlog,linear+log2&age2&xlog,1.589,1.81189,0.29062,2.55746,-0.53867,0.01141,0.95725,-2.67336,0.60535,-0.16145,-0.21815,0.14877,0.32931,-0.13493
mspi1_lam05_linear+log2&age2&xlog,mspi1_lam05,3,2020,linear+log2&age2&xlog,linear+log2&age2&xlog,1.589,1.81189,0.25272,2.53708,-0.52492,0.01064,0.97767,-2.67066,0.60134,-0.14384,-0.22392,0.13248,0.34627,-0.15443
mspi1_lam05_linear+log2&age2&xlog,mspi1_lam05,3,2021,linear+log2&age2&xlog,linear+log2&age2&xlog,1.589,1.81189,0.25517,2.58203,-0.54723,-0.00158,0.99067,-2.58858,0.58242,-0.14949,-0.21564,0.14215,0.34485,-0.15711
mspi1_lam05_linear+log2&age2&xlog,mspi1_lam05,3,2022,linear+log2&age2&xlog,linear+log2&age2&xlog,1.589,1.81189,0.22558,2.81113,-0.60616,0.0121,0.94954,-2.45178,0.54835,-0.15927,-0.22435,0.14434,0.37067,-0.13306
mspi1_lam05_linear+log2&age2&xlog,mspi1_lam05,3,2023,linear+log2&age2&xlog,linear+log2&age2&xlog,1.589,1.81189,0.2843,2.52075,-0.53007,0.03113,0.98997,-2.65188,0.5996,-0.1582,-0.23399,0.1544,0.32916,-0.15416
mspi1_lam05_linear+log2&age2&xlog,mspi1_lam05,3,2024,linear+log2&age2&xlog,linear+log2&age2&xlog,1.589,1.81189,0.23867,2.41587,-0.50087,-0.00392,1.00468,-2.59906,0.58396,-0.16953,-0.22082,0.13644,0.35893,-0.17851
mspi1_lam05_linear+log2&age2&xlog,mspi1_lam05,3,2025,linear+log2&age2&xlog,linear+log2&age2&xlog,1.589,1.81189,0.26269,2.4716,-0.51613,0.00426,1.01025,-2.59899,0.58349,-0.155,-0.20778,0.14184,0.34073,-0.17468
mspi1_lam05_linear+log2&age2&xlog,mspi1_lam05,3,-1,linear+log2&age2&xlog,linear+log2&age2&xlog,1.589,1.81189,0.25413,2.57942,-0.54514,0.01579,0.97738,-2.64985,0.59765,-0.15328,-0.22857,0.14161,0.3485,-0.15069
