system,base,k,held_out,map_o,map_d,scale_o,scale_d,o0,o1,d0,d1,o2,d2,o3,d3,o4,d4
ship_rapm1_linear+sat,ship_rapm1,3,1998,linear+sat,linear+sat,1.34613,1.50567,0.83859,3.00315,0.89165,-3.13107,,,,,,
ship_rapm1_linear+sat,ship_rapm1,3,1999,linear+sat,linear+sat,1.34613,1.50567,0.84714,2.93133,0.88865,-3.16637,,,,,,
ship_rapm1_linear+sat,ship_rapm1,3,2000,linear+sat,linear+sat,1.34613,1.50567,0.84692,2.92706,0.885,-3.15692,,,,,,
ship_rapm1_linear+sat,ship_rapm1,3,2001,linear+sat,linear+sat,1.34613,1.50567,0.84375,2.9329,0.89184,-3.13383,,,,,,
ship_rapm1_linear+sat,ship_rapm1,3,2002,linear+sat,linear+sat,1.34613,1.50567,0.84525,2.91153,0.89243,-3.16807,,,,,,
ship_rapm1_linear+sat,ship_rapm1,3,2003,linear+sat,linear+sat,1.34613,1.50567,0.85768,2.77388,0.88967,-3.2983,,,,,,
ship_rapm1_linear+sat,ship_rapm1,3,2004,linear+sat,linear+sat,1.34613,1.50567,0.83952,3.02495,0.88012,-3.19498,,,,,,
ship_rapm1_linear+sat,ship_rapm1,3,2005,linear+sat,linear+sat,1.34613,1.50567,0.84636,2.89957,0.88523,-3.12978,,,,,,
ship_rapm1_linear+sat,ship_rapm1,3,2006,linear+sat,linear+sat,1.34613,1.50567,0.84474,2.9606,0.88127,-3.18514,,,,,,
ship_rapm1_linear+sat,ship_rapm1,3,2007,linear+sat,linear+sat,1.34613,1.50567,0.84618,2.98068,0.88949,-3.13984,,,,,,
ship_rapm1_linear+sat,ship_rapm1,3,2008,linear+sat,linear+sat,1.34613,1.50567,0.83837,2.94603,0.88315,-3.15318,,,,,,
ship_rapm1_linear+sat,ship_rapm1,3,2009,linear+sat,linear+sat,1.34613,1.50567,0.85596,2.87935,0.88555,-3.16694,,,,,,
ship_rapm1_linear+sat,ship_rapm1,3,2010,linear+sat,linear+sat,1.34613,1.50567,0.84275,3.043,0.89235,-3.15498,,,,,,
ship_rapm1_linear+sat,ship_rapm1,3,2011,linear+sat,linear+sat,1.34613,1.50567,0.84857,2.95531,0.88751,-3.11709,,,,,,
ship_rapm1_linear+sat,ship_rapm1,3,2012,linear+sat,linear+sat,1.34613,1.50567,0.8502,2.88865,0.88709,-3.17877,,,,,,
ship_rapm1_linear+sat,ship_rapm1,3,2013,linear+sat,linear+sat,1.34613,1.50567,0.83858,3.03011,0.89192,-3.14817,,,,,,
ship_rapm1_linear+sat,ship_rapm1,3,2014,linear+sat,linear+sat,1.34613,1.50567,0.85086,2.91144,0.89997,-3.05102,,,,,,
ship_rapm1_linear+sat,ship_rapm1,3,2015,linear+sat,linear+sat,1.34613,1.50567,0.83831,2.93084,0.89428,-3.16226,,,,,,
ship_rapm1_linear+sat,ship_rapm1,3,2016,linear+sat,linear+sat,1.34613,1.50567,0.85293,2.93265,0.89124,-3.08792,,,,,,
ship_rapm1_linear+sat,ship_rapm1,3,2017,linear+sat,linear+sat,1.34613,1.50567,0.84085,2.99453,0.88768,-3.2469,,,,,,
ship_rapm1_linear+sat,ship_rapm1,3,2018,linear+sat,linear+sat,1.34613,1.50567,0.84806,3.0434,0.88428,-3.33741,,,,,,
ship_rapm1_linear+sat,ship_rapm1,3,2019,linear+sat,linear+sat,1.34613,1.50567,0.85463,2.95213,0.88903,-3.13651,,,,,,
ship_rapm1_linear+sat,ship_rapm1,3,2020,linear+sat,linear+sat,1.34613,1.50567,0.84751,2.98093,0.88182,-3.16714,,,,,,
ship_rapm1_linear+sat,ship_rapm1,3,2021,linear+sat,linear+sat,1.34613,1.50567,0.83718,2.88718,0.89428,-3.0836,,,,,,
ship_rapm1_linear+sat,ship_rapm1,3,2022,linear+sat,linear+sat,1.34613,1.50567,0.84353,3.04299,0.88706,-2.97315,,,,,,
ship_rapm1_linear+sat,ship_rapm1,3,2023,linear+sat,linear+sat,1.34613,1.50567,0.85075,2.94728,0.8931,-3.13486,,,,,,
ship_rapm1_linear+sat,ship_rapm1,3,2024,linear+sat,linear+sat,1.34613,1.50567,0.84951,2.78235,0.88415,-3.15424,,,,,,
ship_rapm1_linear+sat,ship_rapm1,3,2025,linear+sat,linear+sat,1.34613,1.50567,0.84522,2.87575,0.8926,-3.1496,,,,,,
ship_rapm1_linear+sat,ship_rapm1,3,-1,linear+sat,linear+sat,1.34613,1.50567,0.84606,2.94178,0.88865,-3.15374,,,,,,
ship_rapm1_linear+log2,ship_rapm1,3,1998,linear+log2,linear+log2,1.34613,1.50567,0.82624,1.6125,0.90636,-2.6875,-0.26802,0.58282,,,,
ship_rapm1_linear+log2,ship_rapm1,3,1999,linear+log2,linear+log2,1.34613,1.50567,0.83299,1.54772,0.90186,-2.66909,-0.25306,0.57443,,,,
ship_rapm1_linear+log2,ship_rapm1,3,2000,linear+log2,linear+log2,1.34613,1.50567,0.83832,1.61842,0.89807,-2.66048,-0.27666,0.57228,,,,
ship_rapm1_linear+log2,ship_rapm1,3,2001,linear+log2,linear+log2,1.34613,1.50567,0.82793,1.51565,0.90611,-2.68906,-0.24317,0.58259,,,,
ship_rapm1_linear+log2,ship_rapm1,3,2002,linear+log2,linear+log2,1.34613,1.50567,0.83183,1.55482,0.90321,-2.58529,-0.25639,0.54908,,,,
ship_rapm1_linear+log2,ship_rapm1,3,2003,linear+log2,linear+log2,1.34613,1.50567,0.8459,1.47437,0.90437,-2.79448,-0.24396,0.60348,,,,
ship_rapm1_linear+log2,ship_rapm1,3,2004,linear+log2,linear+log2,1.34613,1.50567,0.82458,1.59532,0.89587,-2.72685,-0.26055,0.5911,,,,
ship_rapm1_linear+log2,ship_rapm1,3,2005,linear+log2,linear+log2,1.34613,1.50567,0.83559,1.57987,0.89894,-2.62202,-0.26576,0.56362,,,,
ship_rapm1_linear+log2,ship_rapm1,3,2006,linear+log2,linear+log2,1.34613,1.50567,0.83147,1.58168,0.89483,-2.6937,-0.26114,0.58089,,,,
ship_rapm1_linear+log2,ship_rapm1,3,2007,linear+log2,linear+log2,1.34613,1.50567,0.83177,1.54482,0.90401,-2.67748,-0.25001,0.57994,,,,
ship_rapm1_linear+log2,ship_rapm1,3,2008,linear+log2,linear+log2,1.34613,1.50567,0.82472,1.55843,0.89699,-2.69528,-0.25581,0.58349,,,,
ship_rapm1_linear+log2,ship_rapm1,3,2009,linear+log2,linear+log2,1.34613,1.50567,0.83917,1.49337,0.90001,-2.71534,-0.23895,0.58871,,,,
ship_rapm1_linear+log2,ship_rapm1,3,2010,linear+log2,linear+log2,1.34613,1.50567,0.82719,1.59363,0.90667,-2.70663,-0.25848,0.58707,,,,
ship_rapm1_linear+log2,ship_rapm1,3,2011,linear+log2,linear+log2,1.34613,1.50567,0.83278,1.53967,0.90116,-2.67472,-0.24811,0.58007,,,,
ship_rapm1_linear+log2,ship_rapm1,3,2012,linear+log2,linear+log2,1.34613,1.50567,0.83635,1.51942,0.90023,-2.7111,-0.2477,0.58598,,,,
ship_rapm1_linear+log2,ship_rapm1,3,2013,linear+log2,linear+log2,1.34613,1.50567,0.8212,1.56095,0.90723,-2.72704,-0.24882,0.59374,,,,
ship_rapm1_linear+log2,ship_rapm1,3,2014,linear+log2,linear+log2,1.34613,1.50567,0.83525,1.52283,0.91383,-2.60739,-0.24612,0.56441,,,,
ship_rapm1_linear+log2,ship_rapm1,3,2015,linear+log2,linear+log2,1.34613,1.50567,0.82938,1.60036,0.90865,-2.7219,-0.27151,0.5909,,,,
ship_rapm1_linear+log2,ship_rapm1,3,2016,linear+log2,linear+log2,1.34613,1.50567,0.84138,1.59052,0.90506,-2.65731,-0.26645,0.57773,,,,
ship_rapm1_linear+log2,ship_rapm1,3,2017,linear+log2,linear+log2,1.34613,1.50567,0.8257,1.56546,0.9006,-2.72827,-0.25401,0.58578,,,,
ship_rapm1_linear+log2,ship_rapm1,3,2018,linear+log2,linear+log2,1.34613,1.50567,0.83958,1.67143,0.89721,-2.78678,-0.28522,0.59745,,,,
ship_rapm1_linear+log2,ship_rapm1,3,2019,linear+log2,linear+log2,1.34613,1.50567,0.84407,1.60307,0.9028,-2.68356,-0.26967,0.58067,,,,
ship_rapm1_linear+log2,ship_rapm1,3,2020,linear+log2,linear+log2,1.34613,1.50567,0.82855,1.51937,0.89559,-2.70932,-0.23878,0.5862,,,,
ship_rapm1_linear+log2,ship_rapm1,3,2021,linear+log2,linear+log2,1.34613,1.50567,0.82881,1.58446,0.90705,-2.61337,-0.26972,0.563,,,,
ship_rapm1_linear+log2,ship_rapm1,3,2022,linear+log2,linear+log2,1.34613,1.50567,0.84084,1.74179,0.89746,-2.46581,-0.30866,0.52547,,,,
ship_rapm1_linear+log2,ship_rapm1,3,2023,linear+log2,linear+log2,1.34613,1.50567,0.83451,1.52587,0.90667,-2.6606,-0.24436,0.57412,,,,
ship_rapm1_linear+log2,ship_rapm1,3,2024,linear+log2,linear+log2,1.34613,1.50567,0.82999,1.37548,0.89619,-2.62923,-0.20993,0.56294,,,,
ship_rapm1_linear+log2,ship_rapm1,3,2025,linear+log2,linear+log2,1.34613,1.50567,0.83127,1.49808,0.90487,-2.64563,-0.24267,0.56769,,,,
ship_rapm1_linear+log2,ship_rapm1,3,-1,linear+log2,linear+log2,1.34613,1.50567,0.83274,1.55997,0.90221,-2.67672,-0.25645,0.57774,,,,
ship_rapm1_linear+log2&xlog,ship_rapm1,3,1998,linear+log2&xlog,linear+log2&xlog,1.34613,1.50567,0.04542,2.57145,1.28848,-2.56153,-0.49378,0.56008,0.43247,-0.24167,,
ship_rapm1_linear+log2&xlog,ship_rapm1,3,1999,linear+log2&xlog,linear+log2&xlog,1.34613,1.50567,0.00906,2.56416,1.30646,-2.54171,-0.49325,0.55187,0.45802,-0.25656,,
ship_rapm1_linear+log2&xlog,ship_rapm1,3,2000,linear+log2&xlog,linear+log2&xlog,1.34613,1.50567,0.03221,2.6127,1.33653,-2.52294,-0.51133,0.54788,0.44713,-0.27802,,
ship_rapm1_linear+log2&xlog,ship_rapm1,3,2001,linear+log2&xlog,linear+log2&xlog,1.34613,1.50567,0.01888,2.5248,1.34985,-2.54425,-0.48169,0.55627,0.44929,-0.28153,,
ship_rapm1_linear+log2&xlog,ship_rapm1,3,2002,linear+log2&xlog,linear+log2&xlog,1.34613,1.50567,0.0674,2.49692,1.34504,-2.44344,-0.47899,0.52363,0.42506,-0.28064,,
ship_rapm1_linear+log2&xlog,ship_rapm1,3,2003,linear+log2&xlog,linear+log2&xlog,1.34613,1.50567,0.02977,2.50495,1.3034,-2.6601,-0.48806,0.57912,0.45424,-0.25366,,
ship_rapm1_linear+log2&xlog,ship_rapm1,3,2004,linear+log2&xlog,linear+log2&xlog,1.34613,1.50567,0.04251,2.55881,1.31313,-2.59096,-0.48898,0.56631,0.43575,-0.26522,,
ship_rapm1_linear+log2&xlog,ship_rapm1,3,2005,linear+log2&xlog,linear+log2&xlog,1.34613,1.50567,0.0794,2.51184,1.37862,-2.47482,-0.4861,0.5377,0.42034,-0.30508,,
ship_rapm1_linear+log2&xlog,ship_rapm1,3,2006,linear+log2&xlog,linear+log2&xlog,1.34613,1.50567,0.053,2.55256,1.34096,-2.55696,-0.4915,0.55701,0.43337,-0.28344,,
ship_rapm1_linear+log2&xlog,ship_rapm1,3,2007,linear+log2&xlog,linear+log2&xlog,1.34613,1.50567,0.02254,2.56726,1.35199,-2.54378,-0.49195,0.55711,0.45019,-0.28416,,
ship_rapm1_linear+log2&xlog,ship_rapm1,3,2008,linear+log2&xlog,linear+log2&xlog,1.34613,1.50567,-0.03876,2.63555,1.34259,-2.55795,-0.51084,0.55966,0.48093,-0.28261,,
ship_rapm1_linear+log2&xlog,ship_rapm1,3,2009,linear+log2&xlog,linear+log2&xlog,1.34613,1.50567,0.01782,2.52036,1.37239,-2.5788,-0.48256,0.56585,0.45736,-0.29933,,
ship_rapm1_linear+log2&xlog,ship_rapm1,3,2010,linear+log2&xlog,linear+log2&xlog,1.34613,1.50567,-0.0216,2.65466,1.30366,-2.58542,-0.50941,0.56598,0.47214,-0.2517,,
ship_rapm1_linear+log2&xlog,ship_rapm1,3,2011,linear+log2&xlog,linear+log2&xlog,1.34613,1.50567,-0.03563,2.61106,1.35319,-2.53522,-0.50086,0.55596,0.48211,-0.28649,,
ship_rapm1_linear+log2&xlog,ship_rapm1,3,2012,linear+log2&xlog,linear+log2&xlog,1.34613,1.50567,-0.02411,2.57607,1.34551,-2.5695,-0.49732,0.561,0.47786,-0.2821,,
ship_rapm1_linear+log2&xlog,ship_rapm1,3,2013,linear+log2&xlog,linear+log2&xlog,1.34613,1.50567,-0.01807,2.60377,1.34911,-2.59166,-0.49519,0.57055,0.4655,-0.27963,,
ship_rapm1_linear+log2&xlog,ship_rapm1,3,2014,linear+log2&xlog,linear+log2&xlog,1.34613,1.50567,0.07492,2.46931,1.39182,-2.4579,-0.47036,0.53794,0.42257,-0.30229,,
ship_rapm1_linear+log2&xlog,ship_rapm1,3,2015,linear+log2&xlog,linear+log2&xlog,1.34613,1.50567,-0.02177,2.66006,1.26755,-2.60641,-0.52273,0.57075,0.47351,-0.22723,,
ship_rapm1_linear+log2&xlog,ship_rapm1,3,2016,linear+log2&xlog,linear+log2&xlog,1.34613,1.50567,0.07079,2.53756,1.31486,-2.53117,-0.48901,0.55564,0.42733,-0.25946,,
ship_rapm1_linear+log2&xlog,ship_rapm1,3,2017,linear+log2&xlog,linear+log2&xlog,1.34613,1.50567,0.00518,2.59315,1.38355,-2.57514,-0.49785,0.55858,0.45718,-0.30605,,
ship_rapm1_linear+log2&xlog,ship_rapm1,3,2018,linear+log2&xlog,linear+log2&xlog,1.34613,1.50567,0.02946,2.68148,1.31328,-2.65749,-0.52453,0.57506,0.451,-0.2636,,
ship_rapm1_linear+log2&xlog,ship_rapm1,3,2019,linear+log2&xlog,linear+log2&xlog,1.34613,1.50567,0.07753,2.54219,1.3152,-2.55878,-0.49067,0.55897,0.42493,-0.26103,,
ship_rapm1_linear+log2&xlog,ship_rapm1,3,2020,linear+log2&xlog,linear+log2&xlog,1.34613,1.50567,0.02409,2.51964,1.33249,-2.57786,-0.47504,0.56373,0.4471,-0.27672,,
ship_rapm1_linear+log2&xlog,ship_rapm1,3,2021,linear+log2&xlog,linear+log2&xlog,1.34613,1.50567,0.03183,2.57443,1.34958,-2.47623,-0.5034,0.53918,0.44218,-0.28048,,
ship_rapm1_linear+log2&xlog,ship_rapm1,3,2022,linear+log2&xlog,linear+log2&xlog,1.34613,1.50567,-0.0025,2.80956,1.30377,-2.34244,-0.56069,0.50397,0.46794,-0.25721,,
ship_rapm1_linear+log2&xlog,ship_rapm1,3,2023,linear+log2&xlog,linear+log2&xlog,1.34613,1.50567,0.05339,2.49088,1.3398,-2.52995,-0.47271,0.5516,0.43339,-0.2743,,
ship_rapm1_linear+log2&xlog,ship_rapm1,3,2024,linear+log2&xlog,linear+log2&xlog,1.34613,1.50567,0.01703,2.39532,1.37092,-2.48748,-0.45123,0.53878,0.45164,-0.30044,,
ship_rapm1_linear+log2&xlog,ship_rapm1,3,2025,linear+log2&xlog,linear+log2&xlog,1.34613,1.50567,0.04821,2.47955,1.38804,-2.49578,-0.47499,0.54159,0.43508,-0.3055,,
ship_rapm1_linear+log2&xlog,ship_rapm1,3,-1,linear+log2&xlog,linear+log2&xlog,1.34613,1.50567,0.02459,2.56438,1.33749,-2.54123,-0.49393,0.55398,0.4491,-0.27589,,
ship_rapm1_linear+log2&prior,ship_rapm1,3,1998,linear+log2&prior,linear+log2&prior,1.34613,1.50567,1.06666,1.8671,0.82304,-2.66034,-0.29144,0.58618,-0.81894,0.44015,,
ship_rapm1_linear+log2&prior,ship_rapm1,3,1999,linear+log2&prior,linear+log2&prior,1.34613,1.50567,1.06853,1.77482,0.82042,-2.63768,-0.27021,0.5765,-0.79881,0.42485,,
ship_rapm1_linear+log2&prior,ship_rapm1,3,2000,linear+log2&prior,linear+log2&prior,1.34613,1.50567,1.07189,1.8572,0.82393,-2.62758,-0.29866,0.5734,-0.78651,0.391,,
ship_rapm1_linear+log2&prior,ship_rapm1,3,2001,linear+log2&prior,linear+log2&prior,1.34613,1.50567,1.06315,1.7691,0.81136,-2.65717,-0.26854,0.585,-0.78965,0.498,,
ship_rapm1_linear+log2&prior,ship_rapm1,3,2002,linear+log2&prior,linear+log2&prior,1.34613,1.50567,1.0589,1.76334,0.82633,-2.56853,-0.26914,0.55497,-0.76891,0.40114,,
ship_rapm1_linear+log2&prior,ship_rapm1,3,2003,linear+log2&prior,linear+log2&prior,1.34613,1.50567,1.08085,1.69468,0.82201,-2.76646,-0.25907,0.60662,-0.79437,0.42481,,
ship_rapm1_linear+log2&prior,ship_rapm1,3,2004,linear+log2&prior,linear+log2&prior,1.34613,1.50567,1.04664,1.79212,0.81288,-2.70161,-0.27202,0.59458,-0.75089,0.43348,,
ship_rapm1_linear+log2&prior,ship_rapm1,3,2005,linear+log2&prior,linear+log2&prior,1.34613,1.50567,1.07161,1.83446,0.81477,-2.59481,-0.29287,0.56739,-0.78955,0.44159,,
ship_rapm1_linear+log2&prior,ship_rapm1,3,2006,linear+log2&prior,linear+log2&prior,1.34613,1.50567,1.06953,1.83133,0.8194,-2.66064,-0.28788,0.58189,-0.7885,0.39311,,
ship_rapm1_linear+log2&prior,ship_rapm1,3,2007,linear+log2&prior,linear+log2&prior,1.34613,1.50567,1.06926,1.79712,0.82858,-2.64697,-0.27722,0.58157,-0.7836,0.39342,,
ship_rapm1_linear+log2&prior,ship_rapm1,3,2008,linear+log2&prior,linear+log2&prior,1.34613,1.50567,1.05318,1.81375,0.81514,-2.66235,-0.28274,0.58494,-0.76898,0.42864,,
ship_rapm1_linear+log2&prior,ship_rapm1,3,2009,linear+log2&prior,linear+log2&prior,1.34613,1.50567,1.06195,1.71845,0.82141,-2.68544,-0.25874,0.59072,-0.75061,0.41199,,
ship_rapm1_linear+log2&prior,ship_rapm1,3,2010,linear+log2&prior,linear+log2&prior,1.34613,1.50567,1.06775,1.85402,0.82945,-2.67556,-0.28666,0.58877,-0.80495,0.40274,,
ship_rapm1_linear+log2&prior,ship_rapm1,3,2011,linear+log2&prior,linear+log2&prior,1.34613,1.50567,1.0684,1.7939,0.81056,-2.64479,-0.27482,0.5832,-0.79106,0.47195,,
ship_rapm1_linear+log2&prior,ship_rapm1,3,2012,linear+log2&prior,linear+log2&prior,1.34613,1.50567,1.06941,1.75527,0.81935,-2.67934,-0.26907,0.58774,-0.78542,0.42179,,
ship_rapm1_linear+log2&prior,ship_rapm1,3,2013,linear+log2&prior,linear+log2&prior,1.34613,1.50567,1.05055,1.81348,0.82573,-2.7023,-0.27482,0.59722,-0.77789,0.42694,,
ship_rapm1_linear+log2&prior,ship_rapm1,3,2014,linear+log2&prior,linear+log2&prior,1.34613,1.50567,1.06884,1.75918,0.84003,-2.58138,-0.2674,0.56721,-0.7859,0.38901,,
ship_rapm1_linear+log2&prior,ship_rapm1,3,2015,linear+log2&prior,linear+log2&prior,1.34613,1.50567,1.0624,1.84076,0.83311,-2.69043,-0.29362,0.59273,-0.78563,0.40094,,
ship_rapm1_linear+log2&prior,ship_rapm1,3,2016,linear+log2&prior,linear+log2&prior,1.34613,1.50567,1.06203,1.80048,0.82365,-2.63349,-0.27981,0.58155,-0.75325,0.42831,,
ship_rapm1_linear+log2&prior,ship_rapm1,3,2017,linear+log2&prior,linear+log2&prior,1.34613,1.50567,1.06255,1.79242,0.81477,-2.70313,-0.2701,0.58954,-0.80017,0.44973,,
ship_rapm1_linear+log2&prior,ship_rapm1,3,2018,linear+log2&prior,linear+log2&prior,1.34613,1.50567,1.0673,1.91658,0.81166,-2.75076,-0.30915,0.59781,-0.77568,0.45116,,
ship_rapm1_linear+log2&prior,ship_rapm1,3,2019,linear+log2&prior,linear+log2&prior,1.34613,1.50567,1.06903,1.82875,0.81735,-2.65341,-0.28766,0.58295,-0.76444,0.45434,,
ship_rapm1_linear+log2&prior,ship_rapm1,3,2020,linear+log2&prior,linear+log2&prior,1.34613,1.50567,1.05797,1.75181,0.82501,-2.67908,-0.25761,0.58786,-0.77967,0.37287,,
ship_rapm1_linear+log2&prior,ship_rapm1,3,2021,linear+log2&prior,linear+log2&prior,1.34613,1.50567,1.05725,1.81479,0.82332,-2.58275,-0.28741,0.56554,-0.77667,0.43961,,
ship_rapm1_linear+log2&prior,ship_rapm1,3,2022,linear+log2&prior,linear+log2&prior,1.34613,1.50567,1.07594,1.97249,0.82038,-2.43916,-0.32553,0.52861,-0.79775,0.40559,,
ship_rapm1_linear+log2&prior,ship_rapm1,3,2023,linear+log2&prior,linear+log2&prior,1.34613,1.50567,1.06913,1.76489,0.83011,-2.62635,-0.2666,0.57489,-0.78744,0.39575,,
ship_rapm1_linear+log2&prior,ship_rapm1,3,2024,linear+log2&prior,linear+log2&prior,1.34613,1.50567,1.06469,1.60282,0.81542,-2.60174,-0.22766,0.56634,-0.79418,0.42306,,
ship_rapm1_linear+log2&prior,ship_rapm1,3,2025,linear+log2&prior,linear+log2&prior,1.34613,1.50567,1.05549,1.71829,0.8294,-2.61836,-0.2614,0.57013,-0.75537,0.39092,,
ship_rapm1_linear+log2&prior,ship_rapm1,3,-1,linear+log2&prior,linear+log2&prior,1.34613,1.50567,1.06463,1.7957,0.82173,-2.64767,-0.27728,0.58025,-0.78227,0.42164,,
ship_rapm1_linear+sat&prior,ship_rapm1,3,1998,linear+sat&prior,linear+sat&prior,1.34613,1.50567,1.08726,3.65039,0.8096,-2.98071,-0.80276,0.4227,,,,
ship_rapm1_linear+sat&prior,ship_rapm1,3,1999,linear+sat&prior,linear+sat&prior,1.34613,1.50567,1.09081,3.5458,0.80785,-3.01601,-0.78035,0.41143,,,,
ship_rapm1_linear+sat&prior,ship_rapm1,3,2000,linear+sat&prior,linear+sat&prior,1.34613,1.50567,1.08862,3.532,0.81123,-3.01262,-0.77204,0.37944,,,,
ship_rapm1_linear+sat&prior,ship_rapm1,3,2001,linear+sat&prior,linear+sat&prior,1.34613,1.50567,1.08615,3.558,0.79778,-2.9764,-0.77424,0.48348,,,,
ship_rapm1_linear+sat&prior,ship_rapm1,3,2002,linear+sat&prior,linear+sat&prior,1.34613,1.50567,1.0808,3.50775,0.81694,-3.02687,-0.75063,0.38291,,,,
ship_rapm1_linear+sat&prior,ship_rapm1,3,2003,linear+sat&prior,linear+sat&prior,1.34613,1.50567,1.10244,3.39531,0.80905,-3.14766,-0.78025,0.40508,,,,
ship_rapm1_linear+sat&prior,ship_rapm1,3,2004,linear+sat&prior,linear+sat&prior,1.34613,1.50567,1.06943,3.59393,0.79806,-3.05126,-0.73219,0.41784,,,,
ship_rapm1_linear+sat&prior,ship_rapm1,3,2005,linear+sat&prior,linear+sat&prior,1.34613,1.50567,1.08907,3.50574,0.80156,-2.97509,-0.77489,0.42707,,,,
ship_rapm1_linear+sat&prior,ship_rapm1,3,2006,linear+sat&prior,linear+sat&prior,1.34613,1.50567,1.08903,3.55411,0.80652,-3.04192,-0.77378,0.38031,,,,
ship_rapm1_linear+sat&prior,ship_rapm1,3,2007,linear+sat&prior,linear+sat&prior,1.34613,1.50567,1.0902,3.57988,0.81516,-2.99766,-0.76931,0.37813,,,,
ship_rapm1_linear+sat&prior,ship_rapm1,3,2008,linear+sat&prior,linear+sat&prior,1.34613,1.50567,1.07358,3.55897,0.80212,-3.0049,-0.75391,0.41449,,,,
ship_rapm1_linear+sat&prior,ship_rapm1,3,2009,linear+sat&prior,linear+sat&prior,1.34613,1.50567,1.08539,3.45849,0.80754,-3.02452,-0.73276,0.39896,,,,
ship_rapm1_linear+sat&prior,ship_rapm1,3,2010,linear+sat&prior,linear+sat&prior,1.34613,1.50567,1.08932,3.65651,0.81567,-3.01019,-0.78796,0.39032,,,,
ship_rapm1_linear+sat&prior,ship_rapm1,3,2011,linear+sat&prior,linear+sat&prior,1.34613,1.50567,1.09045,3.56395,0.79776,-2.95948,-0.77446,0.45676,,,,
ship_rapm1_linear+sat&prior,ship_rapm1,3,2012,linear+sat&prior,linear+sat&prior,1.34613,1.50567,1.09078,3.4912,0.807,-3.03099,-0.76982,0.40801,,,,
ship_rapm1_linear+sat&prior,ship_rapm1,3,2013,linear+sat&prior,linear+sat&prior,1.34613,1.50567,1.07433,3.64028,0.81147,-3.00654,-0.76085,0.41109,,,,
ship_rapm1_linear+sat&prior,ship_rapm1,3,2014,linear+sat&prior,linear+sat&prior,1.34613,1.50567,1.09163,3.51495,0.82704,-2.91318,-0.76845,0.37439,,,,
ship_rapm1_linear+sat&prior,ship_rapm1,3,2015,linear+sat&prior,linear+sat&prior,1.34613,1.50567,1.07916,3.54334,0.81932,-3.0148,-0.77106,0.38763,,,,
ship_rapm1_linear+sat&prior,ship_rapm1,3,2016,linear+sat&prior,linear+sat&prior,1.34613,1.50567,1.08178,3.52396,0.81111,-2.94644,-0.73419,0.41112,,,,
ship_rapm1_linear+sat&prior,ship_rapm1,3,2017,linear+sat&prior,linear+sat&prior,1.34613,1.50567,1.08663,3.62302,0.80238,-3.10002,-0.78263,0.43596,,,,
ship_rapm1_linear+sat&prior,ship_rapm1,3,2018,linear+sat&prior,linear+sat&prior,1.34613,1.50567,1.0836,3.65743,0.7985,-3.18991,-0.76273,0.4428,,,,
ship_rapm1_linear+sat&prior,ship_rapm1,3,2019,linear+sat&prior,linear+sat&prior,1.34613,1.50567,1.08807,3.55354,0.80401,-2.9886,-0.74865,0.44161,,,,
ship_rapm1_linear+sat&prior,ship_rapm1,3,2020,linear+sat&prior,linear+sat&prior,1.34613,1.50567,1.08387,3.59199,0.81227,-3.02703,-0.75865,0.358,,,,
ship_rapm1_linear+sat&prior,ship_rapm1,3,2021,linear+sat&prior,linear+sat&prior,1.34613,1.50567,1.07436,3.50908,0.81086,-2.93035,-0.76037,0.42713,,,,
ship_rapm1_linear+sat&prior,ship_rapm1,3,2022,linear+sat&prior,linear+sat&prior,1.34613,1.50567,1.08829,3.68085,0.81053,-2.8247,-0.78325,0.39249,,,,
ship_rapm1_linear+sat&prior,ship_rapm1,3,2023,linear+sat&prior,linear+sat&prior,1.34613,1.50567,1.09244,3.5519,0.81738,-2.99051,-0.77121,0.38226,,,,
ship_rapm1_linear+sat&prior,ship_rapm1,3,2024,linear+sat&prior,linear+sat&prior,1.34613,1.50567,1.09175,3.39,0.80436,-3.00275,-0.77501,0.40705,,,,
ship_rapm1_linear+sat&prior,ship_rapm1,3,2025,linear+sat&prior,linear+sat&prior,1.34613,1.50567,1.07634,3.45011,0.8178,-3.01029,-0.73848,0.37798,,,,
ship_rapm1_linear+sat&prior,ship_rapm1,3,-1,linear+sat&prior,linear+sat&prior,1.34613,1.50567,1.08554,3.54927,0.80896,-3.00705,-0.76585,0.4073,,,,
ship_rapm1_linear+log2&xlog&prior,ship_rapm1,3,1998,linear+log2&xlog&prior,linear+log2&xlog&prior,1.34613,1.50567,0.6273,2.36189,1.16194,-2.55118,-0.41099,0.56549,0.23196,-0.21195,-0.74946,0.41915
ship_rapm1_linear+log2&xlog&prior,ship_rapm1,3,1999,linear+log2&xlog&prior,linear+log2&xlog&prior,1.34613,1.50567,0.56448,2.34594,1.18087,-2.52714,-0.40889,0.55584,0.26675,-0.22586,-0.71706,0.40137
ship_rapm1_linear+log2&xlog&prior,ship_rapm1,3,2000,linear+log2&xlog&prior,linear+log2&xlog&prior,1.34613,1.50567,0.58331,2.40853,1.22579,-2.50369,-0.43224,0.55025,0.25781,-0.25201,-0.70691,0.36644
ship_rapm1_linear+log2&xlog&prior,ship_rapm1,3,2001,linear+log2&xlog&prior,linear+log2&xlog&prior,1.34613,1.50567,0.56809,2.33327,1.20582,-2.53133,-0.40533,0.56105,0.26166,-0.24718,-0.70992,0.47146
ship_rapm1_linear+log2&xlog&prior,ship_rapm1,3,2002,linear+log2&xlog&prior,linear+log2&xlog&prior,1.34613,1.50567,0.61186,2.26968,1.2307,-2.44066,-0.39221,0.53083,0.2366,-0.25402,-0.69632,0.37663
ship_rapm1_linear+log2&xlog&prior,ship_rapm1,3,2003,linear+log2&xlog&prior,linear+log2&xlog&prior,1.34613,1.50567,0.56944,2.29096,1.18361,-2.64586,-0.40391,0.58364,0.27175,-0.22755,-0.71648,0.40514
ship_rapm1_linear+log2&xlog&prior,ship_rapm1,3,2004,linear+log2&xlog&prior,linear+log2&xlog&prior,1.34613,1.50567,0.55909,2.34586,1.19208,-2.58036,-0.40692,0.57136,0.25874,-0.23869,-0.67298,0.41269
ship_rapm1_linear+log2&xlog&prior,ship_rapm1,3,2005,linear+log2&xlog&prior,linear+log2&xlog&prior,1.34613,1.50567,0.6362,2.32464,1.2556,-2.4613,-0.41165,0.54264,0.23026,-0.27744,-0.71926,0.41592
ship_rapm1_linear+log2&xlog&prior,ship_rapm1,3,2006,linear+log2&xlog&prior,linear+log2&xlog&prior,1.34613,1.50567,0.60045,2.3661,1.22767,-2.53797,-0.41787,0.55932,0.24835,-0.25641,-0.71283,0.36746
ship_rapm1_linear+log2&xlog&prior,ship_rapm1,3,2007,linear+log2&xlog&prior,linear+log2&xlog&prior,1.34613,1.50567,0.5718,2.37129,1.23979,-2.52579,-0.41639,0.55972,0.26317,-0.25805,-0.70349,0.36941
ship_rapm1_linear+log2&xlog&prior,ship_rapm1,3,2008,linear+log2&xlog&prior,linear+log2&xlog&prior,1.34613,1.50567,0.49026,2.45293,1.2173,-2.5418,-0.43803,0.5629,0.29821,-0.25191,-0.6768,0.40135
ship_rapm1_linear+log2&xlog&prior,ship_rapm1,3,2009,linear+log2&xlog&prior,linear+log2&xlog&prior,1.34613,1.50567,0.53695,2.32045,1.25367,-2.56295,-0.40523,0.56902,0.27834,-0.27057,-0.66658,0.3829
ship_rapm1_linear+log2&xlog&prior,ship_rapm1,3,2010,linear+log2&xlog&prior,linear+log2&xlog&prior,1.34613,1.50567,0.54292,2.45303,1.18734,-2.56806,-0.43181,0.56896,0.27778,-0.22443,-0.72019,0.38111
ship_rapm1_linear+log2&xlog&prior,ship_rapm1,3,2011,linear+log2&xlog&prior,linear+log2&xlog&prior,1.34613,1.50567,0.51414,2.41762,1.21931,-2.52153,-0.42571,0.56077,0.29274,-0.25617,-0.70105,0.44715
ship_rapm1_linear+log2&xlog&prior,ship_rapm1,3,2012,linear+log2&xlog&prior,linear+log2&xlog&prior,1.34613,1.50567,0.52141,2.37167,1.22562,-2.55413,-0.41852,0.56455,0.28973,-0.25454,-0.69722,0.39707
ship_rapm1_linear+log2&xlog&prior,ship_rapm1,3,2013,linear+log2&xlog&prior,linear+log2&xlog&prior,1.34613,1.50567,0.52622,2.40745,1.22843,-2.58072,-0.41883,0.57519,0.27669,-0.25211,-0.69193,0.40299
ship_rapm1_linear+log2&xlog&prior,ship_rapm1,3,2014,linear+log2&xlog&prior,linear+log2&xlog&prior,1.34613,1.50567,0.63215,2.25596,1.27929,-2.44587,-0.38833,0.54196,0.2305,-0.27456,-0.71253,0.3606
ship_rapm1_linear+log2&xlog&prior,ship_rapm1,3,2015,linear+log2&xlog&prior,linear+log2&xlog&prior,1.34613,1.50567,0.51089,2.46888,1.15407,-2.58895,-0.44638,0.57392,0.29217,-0.20125,-0.69728,0.38316
ship_rapm1_linear+log2&xlog&prior,ship_rapm1,3,2016,linear+log2&xlog&prior,linear+log2&xlog&prior,1.34613,1.50567,0.5799,2.34584,1.19149,-2.52186,-0.41159,0.56088,0.25485,-0.23017,-0.67659,0.4042
ship_rapm1_linear+log2&xlog&prior,ship_rapm1,3,2017,linear+log2&xlog&prior,linear+log2&xlog&prior,1.34613,1.50567,0.56026,2.36918,1.25342,-2.56612,-0.41084,0.56395,0.26608,-0.27446,-0.71716,0.41955
ship_rapm1_linear+log2&xlog&prior,ship_rapm1,3,2018,linear+log2&xlog&prior,linear+log2&xlog&prior,1.34613,1.50567,0.56882,2.48479,1.18378,-2.63833,-0.4473,0.57727,0.26418,-0.23295,-0.69469,0.4265
ship_rapm1_linear+log2&xlog&prior,ship_rapm1,3,2019,linear+log2&xlog&prior,linear+log2&xlog&prior,1.34613,1.50567,0.61354,2.34094,1.18523,-2.5437,-0.41149,0.56276,0.24057,-0.23027,-0.69178,0.43139
ship_rapm1_linear+log2&xlog&prior,ship_rapm1,3,2020,linear+log2&xlog&prior,linear+log2&xlog&prior,1.34613,1.50567,0.5703,2.30648,1.2267,-2.56046,-0.39235,0.56639,0.25767,-0.2518,-0.69847,0.3494
ship_rapm1_linear+log2&xlog&prior,ship_rapm1,3,2021,linear+log2&xlog&prior,linear+log2&xlog&prior,1.34613,1.50567,0.57058,2.36912,1.22431,-2.46126,-0.42199,0.54331,0.25697,-0.25132,-0.69722,0.41472
ship_rapm1_linear+log2&xlog&prior,ship_rapm1,3,2022,linear+log2&xlog&prior,linear+log2&xlog&prior,1.34613,1.50567,0.55068,2.58136,1.18918,-2.32988,-0.47333,0.50849,0.27703,-0.23112,-0.71004,0.38479
ship_rapm1_linear+log2&xlog&prior,ship_rapm1,3,2023,linear+log2&xlog&prior,linear+log2&xlog&prior,1.34613,1.50567,0.6092,2.2842,1.22433,-2.50993,-0.39276,0.55366,0.2425,-0.24647,-0.71129,0.36861
ship_rapm1_linear+log2&xlog&prior,ship_rapm1,3,2024,linear+log2&xlog&prior,linear+log2&xlog&prior,1.34613,1.50567,0.56991,2.17136,1.25211,-2.47273,-0.3659,0.54304,0.26118,-0.27349,-0.71139,0.39777
ship_rapm1_linear+log2&xlog&prior,ship_rapm1,3,2025,linear+log2&xlog&prior,linear+log2&xlog&prior,1.34613,1.50567,0.57429,2.27139,1.27879,-2.48213,-0.39583,0.54529,0.25416,-0.28118,-0.67585,0.36521
ship_rapm1_linear+log2&xlog&prior,ship_rapm1,3,-1,linear+log2&xlog&prior,linear+log2&xlog&prior,1.34613,1.50567,0.56909,2.35971,1.21703,-2.52693,-0.41419,0.55793,0.26205,-0.24776,-0.70186,0.39727
ship_rapm1_linear+sat&xlog&prior,ship_rapm1,3,1998,linear+sat&xlog&prior,linear+sat&xlog&prior,1.34613,1.50567,0.72505,4.0115,1.18345,-2.79748,0.18575,-0.23378,-0.74728,0.39895,,
ship_rapm1_linear+sat&xlog&prior,ship_rapm1,3,1999,linear+sat&xlog&prior,linear+sat&xlog&prior,1.34613,1.50567,0.66461,3.96589,1.2013,-2.82753,0.21915,-0.24657,-0.71395,0.38512,,
ship_rapm1_linear+sat&xlog&prior,ship_rapm1,3,2000,linear+sat&xlog&prior,linear+sat&xlog&prior,1.34613,1.50567,0.69413,3.92245,1.24583,-2.80417,0.20206,-0.27253,-0.70959,0.35205,,
ship_rapm1_linear+sat&xlog&prior,ship_rapm1,3,2001,linear+sat&xlog&prior,linear+sat&xlog&prior,1.34613,1.50567,0.66251,3.97859,1.22804,-2.76834,0.21741,-0.26956,-0.70818,0.45391,,
ship_rapm1_linear+sat&xlog&prior,ship_rapm1,3,2002,linear+sat&xlog&prior,linear+sat&xlog&prior,1.34613,1.50567,0.70397,3.88006,1.25496,-2.81612,0.19386,-0.27517,-0.69222,0.35565,,
ship_rapm1_linear+sat&xlog&prior,ship_rapm1,3,2003,linear+sat&xlog&prior,linear+sat&xlog&prior,1.34613,1.50567,0.66334,3.84246,1.20715,-2.94497,0.22643,-0.25042,-0.71707,0.38291,,
ship_rapm1_linear+sat&xlog&prior,ship_rapm1,3,2004,linear+sat&xlog&prior,linear+sat&xlog&prior,1.34613,1.50567,0.65126,4.00505,1.2114,-2.85314,0.2157,-0.26011,-0.66889,0.39457,,
ship_rapm1_linear+sat&xlog&prior,ship_rapm1,3,2005,linear+sat&xlog&prior,linear+sat&xlog&prior,1.34613,1.50567,0.74044,3.8501,1.27222,-2.75225,0.17897,-0.29628,-0.71952,0.39871,,
ship_rapm1_linear+sat&xlog&prior,ship_rapm1,3,2006,linear+sat&xlog&prior,linear+sat&xlog&prior,1.34613,1.50567,0.70457,3.93422,1.24426,-2.83213,0.19754,-0.27499,-0.71303,0.35198,,
ship_rapm1_linear+sat&xlog&prior,ship_rapm1,3,2007,linear+sat&xlog&prior,linear+sat&xlog&prior,1.34613,1.50567,0.66444,4.01125,1.25327,-2.78422,0.21848,-0.27501,-0.70252,0.35168,,
ship_rapm1_linear+sat&xlog&prior,ship_rapm1,3,2008,linear+sat&xlog&prior,linear+sat&xlog&prior,1.34613,1.50567,0.59801,4.02698,1.23388,-2.79444,0.24462,-0.27051,-0.67829,0.38434,,
ship_rapm1_linear+sat&xlog&prior,ship_rapm1,3,2009,linear+sat&xlog&prior,linear+sat&xlog&prior,1.34613,1.50567,0.63827,3.90352,1.26597,-2.80458,0.23008,-0.28708,-0.66398,0.36701,,
ship_rapm1_linear+sat&xlog&prior,ship_rapm1,3,2010,linear+sat&xlog&prior,linear+sat&xlog&prior,1.34613,1.50567,0.64943,4.09595,1.20501,-2.82267,0.22612,-0.24418,-0.71857,0.36601,,
ship_rapm1_linear+sat&xlog&prior,ship_rapm1,3,2011,linear+sat&xlog&prior,linear+sat&xlog&prior,1.34613,1.50567,0.6228,4.02699,1.23625,-2.7446,0.23998,-0.27487,-0.70044,0.42905,,
ship_rapm1_linear+sat&xlog&prior,ship_rapm1,3,2012,linear+sat&xlog&prior,linear+sat&xlog&prior,1.34613,1.50567,0.62538,3.94981,1.24438,-2.81817,0.23906,-0.27406,-0.6975,0.38053,,
ship_rapm1_linear+sat&xlog&prior,ship_rapm1,3,2013,linear+sat&xlog&prior,linear+sat&xlog&prior,1.34613,1.50567,0.62701,4.08348,1.24362,-2.79328,0.2292,-0.27063,-0.68971,0.38432,,
ship_rapm1_linear+sat&xlog&prior,ship_rapm1,3,2014,linear+sat&xlog&prior,linear+sat&xlog&prior,1.34613,1.50567,0.72263,3.87769,1.29528,-2.6876,0.18897,-0.29271,-0.70855,0.34322,,
ship_rapm1_linear+sat&xlog&prior,ship_rapm1,3,2015,linear+sat&xlog&prior,linear+sat&xlog&prior,1.34613,1.50567,0.62338,3.99136,1.17428,-2.8358,0.23457,-0.22254,-0.70076,0.36714,,
ship_rapm1_linear+sat&xlog&prior,ship_rapm1,3,2016,linear+sat&xlog&prior,linear+sat&xlog&prior,1.34613,1.50567,0.68485,3.92329,1.20963,-2.75533,0.20403,-0.24939,-0.67378,0.38409,,
ship_rapm1_linear+sat&xlog&prior,ship_rapm1,3,2017,linear+sat&xlog&prior,linear+sat&xlog&prior,1.34613,1.50567,0.65343,4.04995,1.27448,-2.86958,0.22278,-0.29538,-0.71461,0.40264,,
ship_rapm1_linear+sat&xlog&prior,ship_rapm1,3,2018,linear+sat&xlog&prior,linear+sat&xlog&prior,1.34613,1.50567,0.67916,4.05406,1.20178,-2.99292,0.20815,-0.25246,-0.69908,0.41488,,
ship_rapm1_linear+sat&xlog&prior,ship_rapm1,3,2019,linear+sat&xlog&prior,linear+sat&xlog&prior,1.34613,1.50567,0.71398,3.92536,1.20269,-2.79918,0.19195,-0.24958,-0.69103,0.4159,,
ship_rapm1_linear+sat&xlog&prior,ship_rapm1,3,2020,linear+sat&xlog&prior,linear+sat&xlog&prior,1.34613,1.50567,0.66156,4.0086,1.24208,-2.81956,0.2168,-0.2695,-0.69107,0.33188,,
ship_rapm1_linear+sat&xlog&prior,ship_rapm1,3,2021,linear+sat&xlog&prior,linear+sat&xlog&prior,1.34613,1.50567,0.67382,3.90566,1.24079,-2.7219,0.20542,-0.26952,-0.69755,0.39939,,
ship_rapm1_linear+sat&xlog&prior,ship_rapm1,3,2022,linear+sat&xlog&prior,linear+sat&xlog&prior,1.34613,1.50567,0.67259,4.09499,1.20866,-2.63682,0.21294,-0.24955,-0.71663,0.36921,,
ship_rapm1_linear+sat&xlog&prior,ship_rapm1,3,2023,linear+sat&xlog&prior,linear+sat&xlog&prior,1.34613,1.50567,0.70091,3.93593,1.24059,-2.78919,0.20047,-0.26467,-0.70853,0.35225,,
ship_rapm1_linear+sat&xlog&prior,ship_rapm1,3,2024,linear+sat&xlog&prior,linear+sat&xlog&prior,1.34613,1.50567,0.65275,3.82824,1.27117,-2.7773,0.225,-0.29249,-0.70461,0.37921,,
ship_rapm1_linear+sat&xlog&prior,ship_rapm1,3,2025,linear+sat&xlog&prior,linear+sat&xlog&prior,1.34613,1.50567,0.66617,3.85602,1.29511,-2.77793,0.21036,-0.29872,-0.67316,0.34956,,
ship_rapm1_linear+sat&xlog&prior,ship_rapm1,3,-1,linear+sat&xlog&prior,linear+sat&xlog&prior,1.34613,1.50567,0.66926,3.96201,1.23523,-2.80058,0.21379,-0.26719,-0.70069,0.38015,,
