window,side,n,poss_pct_mean,poss_pct_sd,gs_pct_mean,gs_pct_sd,age_mean,age_sd,apm_mean,apm_sd,spm_mean,spm_sd,u_mean,u_sd,rapm1_mean,rapm1_sd
1997-1997,D,441,0.5206376916786986,0.21123435434477913,0.6472274633482261,0.38368283145223747,28.07991941945379,4.015330919895912,-0.41232867509915316,3.864285156800846,-6.662507258369092e-18,0.6616426631685532,-0.0538915582438848,0.6510557743286325,-0.05389155824388481,0.9819555350924632
1997-1997,O,441,0.5208504398179362,0.2111362842880332,0.6477334482456073,0.38353200630536366,28.078598997321613,4.014772686224895,1.3608223783872746,3.569118785066232,-1.0660011613390547e-16,1.770472890132209,-0.013958981031181003,0.47848692855588837,-0.013958981031181079,1.7912399512717356
1998-1998,D,439,0.5061557969403926,0.19569917463343128,0.6314730143971808,0.3825311126714379,28.08089487954424,4.206694808025502,-0.37452539542314484,3.5066891038765813,-1.3306980653343318e-17,0.6484220598995795,-0.036693210958118436,0.6082295542484428,-0.03669321095811844,0.9016484021575826
1998-1998,O,439,0.5063868420894055,0.19558048571334913,0.6320858140072497,0.38232571525722914,28.07767967774826,4.205751443967989,1.1232546597370838,3.5916725237677842,-2.6613961306686637e-16,1.6303120192886627,-0.005230045974503594,0.4909389102987353,-0.0052300459745038335,1.6874819166268222
1999-1999,D,440,0.5107891171657482,0.19601542869342325,0.6233034514705372,0.3988390795557398,28.278152990602376,4.360646008076577,-0.3891084834541598,3.8185754869161843,5.527625078199657e-18,0.6762133984880253,-0.031776858164385996,0.5127861754039189,-0.031776858164385996,0.8438003972747238
1999-1999,O,440,0.5109720010865252,0.19594801402468826,0.6238359676903582,0.39870628989301604,28.277118264212294,4.360567110122642,1.1373079041736778,4.212763605722743,1.547735021895904e-16,1.6211557852649208,-0.00178902456460849,0.33863204212436065,-0.0017890245646083117,1.643485577175637
2000-2000,D,439,0.5048749637916118,0.20065084216799836,0.626004637916948,0.4077931762448362,28.189537400003548,4.302078336242146,-0.10619557143560024,3.6395088706806624,-1.290589711084915e-17,0.6714703509716519,-0.03180382071887164,0.55007550288902,-0.03180382071887163,0.8916144547864103
2000-2000,O,439,0.5051299891155553,0.20054168768972785,0.6266130827371877,0.4076263564912111,28.1881707079128,4.301327775620866,1.306113702166884,3.795559983896193,5.16235884433966e-17,1.6722253928045903,-0.01275873920424681,0.42684285238443154,-0.012758739204246753,1.6973251043863267
2001-2001,D,441,0.5113514317818558,0.20924042832238063,0.627994515525252,0.3802146392260359,28.0915731099431,4.414357985277705,-0.4750436324679678,3.6688381537653023,-6.582253877982817e-18,0.6624910848350772,-0.07025103768050739,0.6173975322581461,-0.07025103768050737,0.8990052706217083
2001-2001,O,441,0.5116337558501267,0.2091134328400293,0.6286775796668856,0.37996605170541575,28.088721627660824,4.414001207996297,1.3430458917960193,3.8415169276692382,0.0,1.7916824839477472,0.005337115040599317,0.4754672641354404,0.005337115040599385,1.8266469830298069
2002-2002,D,440,0.5066872440523896,0.20268228254857154,0.6329580631566571,0.392036472722733,27.839813247046045,4.485454281420146,-0.3672552702228996,3.329659598593859,5.313026695218212e-17,0.6809981371527142,-0.044878758175085985,0.5596155312197534,-0.044878758175085895,0.8501634619975564
2002-2002,O,440,0.5069544582989972,0.20259397765911166,0.6336612338119503,0.39181615079596543,27.838884046131447,4.484785637418226,1.4918330371895436,3.6284283171010356,0.0,1.7423308149811643,0.007870470169506158,0.44762678764767977,0.007870470169506191,1.7905850736761548
2003-2003,D,428,0.51558249179788,0.20166956671660066,0.6326228059480166,0.3866405627598935,27.639629230985825,4.3593781027692176,-0.04345360527013416,3.388062606827771,-3.965261585178373e-17,0.6314079900653234,0.0010943211744012579,0.5441056573586963,0.0010943211744011852,0.8312487633695455
2003-2003,O,428,0.5158562222348376,0.2015674785139146,0.6333532964998758,0.3863894549456358,27.637442038957087,4.36006616351827,1.4399620195624137,3.8553098424856818,1.3217538617261243e-16,1.7137455739162144,0.013901273967928262,0.46349196066823145,0.013901273967928335,1.7995955706933986
2004-2004,D,442,0.5087089951327519,0.20361687070172949,0.6359303215735179,0.38677587561109844,27.451924655680866,4.149515219409689,-0.40320698072706773,3.3020565407434725,0.0,0.6486234203229695,-0.043860580042984265,0.6263947729906817,-0.04386058004298425,0.8753156915021787
2004-2004,O,442,0.509033755886573,0.20349504461804493,0.6366927664813127,0.38656416594613113,27.449543430303752,4.149040612586392,1.412704554755437,3.569457783663061,-9.343595099827825e-17,1.7137493452232084,-0.001089841686415547,0.4693394714105395,-0.0010898416864157034,1.7389049261666583
2005-2005,D,464,0.49294483907774106,0.19670573287673626,0.6251609431809444,0.3887895241919105,27.29639174352218,4.011620688820502,-0.38540363335159594,3.595599640934575,0.0,0.6375096668222583,-0.0379658436504552,0.576268331193301,-0.03796584365045521,0.9012856069919026
2005-2005,O,464,0.4932200967945544,0.1965983162623894,0.6258409264388455,0.38857549850289624,27.2946332894159,4.010593154666811,1.3752593196499936,3.815957908553707,-7.668993532736154e-17,1.672394643728741,0.0028233617083112225,0.40111187849934044,0.0028233617083111237,1.718232487551414
2006-2006,D,458,0.5087825359086694,0.20718671939429387,0.6292821749974932,0.37885485269084185,26.999902903194485,3.876003820546458,-0.32966974928994247,3.243921668240702,-3.853484953093465e-17,0.6515492684171189,-0.044328024693881245,0.5488624254794539,-0.044328024693881245,0.8597960909697363
2006-2006,O,458,0.5091079315903594,0.20708396800320816,0.6299707501147249,0.3786548730773642,26.998900158002982,3.8745253894658287,1.3046797107997201,4.147739239323787,-7.70696990618693e-17,1.7778709615212298,0.001065455371394036,0.3936372587197199,0.0010654553713939621,1.8171711682482974
2007-2007,D,458,0.4925890879951062,0.18559633552856636,0.6231538493703266,0.3772804828541189,27.038741677154142,3.977287979590483,-0.3653451914242275,3.4180654017492786,-2.534746315454579e-17,0.6468770302417209,-0.02498247136907515,0.5723699957657612,-0.024982471369075145,0.8494555394864647
2007-2007,O,458,0.49284865485849905,0.18546362230246694,0.6236873591634392,0.37712093879319175,27.03689791368191,3.9763864751977804,1.3341987060261813,3.7491952639538275,-2.534746315454579e-17,1.5810450422923745,0.0024694594272629583,0.41004951366744014,0.002469459427262905,1.6105163132617186
2008-2008,D,451,0.5059368561598381,0.1954641422735058,0.6310739515748954,0.3906556955804122,27.219442163927877,3.925255135037078,-0.2126907185469987,3.274034272574772,0.0,0.666172445133591,-0.030224027361237457,0.5395882327205418,-0.030224027361237447,0.8972370037618814
2008-2008,O,451,0.5061525193132718,0.19540842301663727,0.6315048153085114,0.3905550787331462,27.217479616525708,3.9250789548247975,1.3135232719187235,3.7276875712484703,7.585344867986422e-17,1.6542486064878825,0.008942436446472128,0.4500439510584137,0.008942436446472211,1.731984557321237
2009-2009,D,445,0.5021357400856166,0.1909490329007669,0.6289811803460134,0.3811854613016898,27.034621100853265,4.110265914475431,-0.19027199222761768,3.163011971781133,1.2721984917791694e-17,0.6533174697860975,-0.02000845157383273,0.5633577645008389,-0.020008451573832735,0.875755657171589
2009-2009,O,445,0.5023634166100659,0.19084993631231809,0.6295583424647688,0.3810297240706435,27.032494055112604,4.11006557840007,1.4232481394454204,3.768834393219387,1.2721984917791693e-16,1.5923332322187893,0.00888247710764844,0.43783488201811244,0.008882477107648558,1.6400002218889087
2010-2010,D,442,0.49659050505305885,0.18738640824207217,0.6239721434954069,0.3926734547571877,27.04358045839929,4.1301452084166534,-0.4380121604104627,3.360208761255138,3.7865208651994324e-17,0.6467000525595257,-0.052369647900783474,0.5564074929693708,-0.052369647900783474,0.8322451180671678
2010-2010,O,442,0.49685765698757545,0.18726347010438793,0.6245264651208274,0.39249662467873775,27.043307240280157,4.130575738991961,0.9661491191814262,3.5632792984083763,2.5243472434662884e-17,1.554550493248875,-0.020080602317675885,0.47542980074745267,-0.020080602317675857,1.5627002139124424
2011-2011,D,452,0.4861478923816575,0.18686526851371257,0.6110072219026569,0.3903400473838277,27.015834715071122,4.12121888936256,-0.19151884997570606,3.4755833555488813,-1.2699114432644081e-17,0.6474615090702894,-0.03449668532558044,0.5739095096538186,-0.03449668532558043,0.8514703045215442
2011-2011,O,452,0.4864550553885026,0.18675228125426058,0.611723121246959,0.39017111492047013,27.01566628850685,4.12097526987991,1.169445104116126,3.6921168287694965,-2.5398228865288162e-17,1.5419088990035534,0.013257535672611483,0.3882305735409747,0.01325753567261148,1.59749074240846
2012-2012,D,478,0.4613927550846309,0.17868824459897437,0.591356547880667,0.39650305063502084,27.04690384384319,4.190248950919336,-0.29215221876127717,3.557648829107676,-1.5895220295543208e-17,0.68969105746729,-0.01741555252456098,0.508776761235517,-0.017415552524561017,0.8487295512201355
2012-2012,O,478,0.4616674421483736,0.1786333741980826,0.5920535900353313,0.39638489666567084,27.046643873772517,4.189590979128547,1.178607445436074,4.158224537983072,6.358088118217283e-17,1.4497435788664659,0.02103247883107343,0.34494081788154235,0.02103247883107351,1.5146136650290767
2013-2013,D,469,0.4730617714339448,0.18442900939301862,0.6005010283885153,0.4080515332981613,27.119752224052718,4.174972591872962,-0.25195805795040743,3.54557431115034,-2.5571734613275083e-17,0.6561269043477527,-0.04180688839760913,0.5364926082236079,-0.041806888397609154,0.8885327265806415
2013-2013,O,469,0.4733761934136764,0.18435923736033047,0.601030474583623,0.4079997079184115,27.119997364085666,4.1754972313537735,1.036603474441567,3.5799280878194324,7.671520383982524e-17,1.5566362394074367,-0.017016906821729506,0.4432857159745359,-0.01701690682172943,1.5641826121642692
2014-2014,D,482,0.47492119104375907,0.1831414807661559,0.6093425460385997,0.3994365114453017,26.97279086672083,4.045817393029095,-0.21921302427554157,3.245299408396228,-2.4888895930845087e-17,0.6532351151377029,-0.028993415517302355,0.541379795928431,-0.028993415517302362,0.8852168446969378
2014-2014,O,482,0.4752113219850192,0.18307496857546,0.6100459527128442,0.3992933316318637,26.974353273185958,4.045755625992585,1.012429490323388,3.672445772972762,1.7422227151591563e-16,1.4986923406341144,-0.008323504257799614,0.4707925245713066,-0.008323504257799496,1.5441685728430037
2015-2015,D,492,0.4454233277594258,0.16877188325474116,0.5863750765788249,0.3871791907780294,27.21280835973657,4.112288188153844,-0.4745171179370972,3.316954386527972,-6.24744134547747e-17,0.647312328183897,-0.03618201843519693,0.5147916963530952,-0.03618201843519702,0.8432865257825554
2015-2015,O,492,0.44560292038527566,0.16874611795743788,0.5868733949262152,0.3871623786857551,27.212127456788853,4.112129912736652,1.1720880692226305,3.9310348758616565,-4.997953076381976e-17,1.3668269174304017,0.02953382118886856,0.4206758250949339,0.029533821188868475,1.5024347689201087
2016-2016,D,476,0.4588233779145071,0.17326466844655639,0.5845926596169373,0.402653493987106,27.123608517939143,4.190093120648042,-0.24312519325384702,3.2206171657621865,0.0,0.6833748075561417,-0.027872469741069807,0.5235359153420636,-0.027872469741069793,0.861215039360367
2016-2016,O,476,0.4590536431419826,0.17321256792493472,0.5851482479373599,0.4025803283904955,27.124183781601655,4.190630259821748,1.0252647281314062,3.6732837102930445,-7.34314741301249e-17,1.4214225345708589,0.003347152018221503,0.4338741419935001,0.003347152018221475,1.5387203066909247
2017-2017,D,486,0.45479573897529063,0.1705109543568242,0.5841455101315235,0.39729216830135966,27.054746001901165,4.078420069105901,-0.5011332928358732,3.172242782638888,0.0,0.6814679274883335,-0.02330079041139155,0.4342422290158923,-0.02330079041139161,0.8157125649746603
2017-2017,O,486,0.45502114772638,0.17044346041659725,0.5845558225976222,0.3972583687147683,27.055797086276858,4.07909647467796,1.3069146003883843,4.062201140022747,-1.218748265574001e-16,1.407310417494902,0.02498984226081095,0.4550591308431047,0.024989842260810805,1.524305942706574
2018-2018,D,540,0.4455262948164593,0.17190514766954598,0.5860792621245731,0.4001471671077287,26.897841237181826,4.170233155927976,-0.17448729860354842,2.9058878152988736,0.0,0.7263168236477985,-0.027204601209657352,0.46758752736375886,-0.02720460120965733,0.8488464425517915
2018-2018,O,540,0.445736000504448,0.1718245198194138,0.5866347740744394,0.40009115802823697,26.899197723426145,4.171298862291202,1.120637753067449,3.608815583902577,-1.2073072070791866e-16,1.3995372549387013,0.010842634916140048,0.39581588393248146,0.010842634916139897,1.4810558413890793
2019-2019,D,530,0.43974774513564735,0.17001787173985006,0.583109942276597,0.39630331802324814,26.725375944406288,4.109122912561076,-0.2394167251123222,2.994058182907166,2.3517296639920573e-17,0.6497939412835404,-0.033736407656260334,0.4831766155981356,-0.03373640765626032,0.8467928634189144
2019-2019,O,530,0.4399666501899538,0.16997443085642755,0.5836464646338231,0.39626952885934885,26.725443820451698,4.109346507416568,1.1143221986841179,3.685759529951163,-9.406918655968229e-17,1.3914858137766313,0.0174736943602408,0.3955319441427574,0.017473694360240745,1.465641143340879
2020-2020,D,529,0.43917911118355807,0.16578329387509314,0.5843232440351709,0.4031022652801127,26.50154536950421,4.088282950196767,-0.027657926320917195,3.186103704576466,0.0,0.7186592419482186,-0.0034711444198518774,0.45841209143672274,-0.003471144419851857,0.8883480347180751
2020-2020,O,529,0.43939297289510554,0.1657374617975945,0.5848966672456258,0.4030288094175342,26.502236669784846,4.088783700995816,0.7614937357483084,3.6099526832467883,-1.0890114296252088e-16,1.3295227359250372,0.008916461380718813,0.385106379533467,0.008916461380718737,1.3820249075443518
2021-2021,D,540,0.42132490893376195,0.1659930257521094,0.5896790686427215,0.3903079058305246,26.537258745546517,4.147870754496408,-0.2934733107206854,2.996923495337352,5.407598525970003e-17,0.7147030396081093,-0.018716834503836988,0.39433041754494413,-0.018716834503836925,0.8033843926021622
2021-2021,O,540,0.4215277749113814,0.165951702629555,0.5901646239730909,0.39027710035679364,26.53812180359623,4.147330713001384,1.3300154077617712,3.9905945088049597,-5.407598525970003e-17,1.3348112268980776,0.02869116720371822,0.4233274105509904,0.028691167203718143,1.4543062243545863
2022-2022,D,605,0.41509601763574816,0.1663618361236827,0.5921145194490274,0.3931149609623531,26.550800367530417,4.286149513400044,-0.2571687632361552,2.9887537055946147,-2.3983280214530392e-17,0.7272836344373066,-0.015925914540142302,0.42642481355631684,-0.01592591454014233,0.8500474565316094
2022-2022,O,605,0.4152498178237422,0.1663415974011327,0.5925694591007111,0.39309359013401535,26.550170786276116,4.286488758090789,1.3241604206172213,3.8394163201571634,-1.1991640107265196e-16,1.3319971223834988,0.016220222572348626,0.4138962571859885,0.016220222572348512,1.4275189170236906
2023-2023,D,539,0.4327648052182202,0.1679537072487587,0.6020493326474776,0.39548816683779836,26.493804689949467,4.230983869081586,-0.08893566223935023,2.851860714096101,9.480499682553764e-17,0.7190763765090689,-0.009479868595544996,0.46615197261720953,-0.009479868595544937,0.8290957889679146
2023-2023,O,539,0.43298708228237154,0.16790705221078472,0.6027063377377758,0.39541204081534725,26.49343659528725,4.23035540616545,1.0608472717714632,3.734914982496217,1.4220749523830645e-16,1.3237571878439622,0.012450706542727336,0.38847724559818475,0.01245070654272746,1.3740087066889772
2024-2024,D,572,0.4363090990056093,0.17619118630106517,0.601084135052294,0.387823151405634,26.79326768760954,4.327207415848308,-0.23592176147384875,3.1401526035810057,2.3891730080928702e-17,0.6723985144869646,-0.018737961072890195,0.5057232111828012,-0.018737961072890195,0.8395368836976635
2024-2024,O,572,0.43655839272287167,0.17614422058711085,0.601672999447593,0.38773431984420775,26.793225821016208,4.32607772789207,1.2648832202248894,3.514483170999166,0.0,1.4342570730317807,0.012403149436522863,0.4318366199955307,0.012403149436522968,1.4973410696906357
2025-2025,D,569,0.41971075077540837,0.17219082484097875,0.5936961298792744,0.3879170832800712,26.72516877809563,4.355117742823916,-0.12139139517636434,3.144387159052294,0.0,0.7159629552073837,-0.022776391213284272,0.5380738805039467,-0.022776391213284272,0.8836325903868381
2025-2025,O,569,0.4199176054919945,0.17214939337765134,0.5941140257755751,0.38791390945025706,26.727811197384554,4.355722892861823,1.0525808761894624,3.633939587294565,0.0,1.4167859604310307,0.012906598450141754,0.4407619020971662,0.012906598450141634,1.5004895082840555
2026-2026,D,582,0.40472799983305346,0.16548146626265284,0.5794200535615773,0.3845004529948942,26.50400315664013,4.262695928279635,-0.2012904693447986,3.1186351645870447,-2.3677917314523963e-17,0.7430441086810127,-0.028422200546082983,0.5744236738600298,-0.028422200546083017,0.8943114766473461
2026-2026,O,582,0.40489886332205016,0.16545250254287722,0.579825063030955,0.38444356951992636,26.502993519938496,4.2617541990296015,1.1358439784335999,3.774146060455126,-2.3677917314523963e-17,1.3120939369315423,0.010216850873205861,0.4095459789235801,0.010216850873205828,1.3726667908644483
