side,input,coef_std,coef_raw,window,n
O,poss_pct,0.7647189695934279,4.242512985975235,1997-1997,11279
O,poss_pct2,0.6628523826012541,3.9390942780552884,1997-1997,11279
O,gs_pct,-1.6076801481517442,-4.138584426287703,1997-1997,11279
O,gs_pct2,1.6713254380260267,3.8754741550569864,1997-1997,11279
O,age,10.748938967260164,2.5585404122978317,1997-1997,11279
O,age2,-19.146321075519754,-0.08071153097922061,1997-1997,11279
O,age3,8.55085083024923,0.0008285102561629727,1997-1997,11279
D,poss_pct,-0.6216586255379155,-3.446659255612493,1997-1997,11289
D,poss_pct2,1.3010675945754981,7.730591238244973,1997-1997,11289
D,gs_pct,-0.372133741990105,-0.9576059975272344,1997-1997,11289
D,gs_pct2,-0.48061968422841617,-1.1142987862881222,1997-1997,11289
D,age,-8.435169105631568,-2.007529751662051,1997-1997,11289
D,age2,15.523239932396502,0.06542790063800479,1997-1997,11289
D,age3,-7.313080485722386,-0.0007084493478053495,1997-1997,11289
O,poss_pct,0.8211701498289394,4.53897155178162,1998-1998,11279
O,poss_pct2,0.606166481522937,3.5838806690443312,1998-1998,11279
O,gs_pct,-1.5897445021797119,-4.091701561386802,1998-1998,11279
O,gs_pct2,1.6507395877089976,3.8277616450636147,1998-1998,11279
O,age,11.00793202498106,2.624173105341879,1998-1998,11279
O,age2,-19.61172357404254,-0.08282016409119759,1998-1998,11279
O,age3,8.751349064421374,0.0008496436693243109,1998-1998,11279
D,poss_pct,-0.6065449577819727,-3.350548809340816,1998-1998,11289
D,poss_pct2,1.2823943468585968,7.580822017322746,1998-1998,11289
D,gs_pct,-0.39650094265581237,-1.0201368999414306,1998-1998,11289
D,gs_pct2,-0.4584612953544796,-1.0629309417204296,1998-1998,11289
D,age,-8.481545298080889,-2.0216504101966106,1998-1998,11289
D,age2,15.556779768662375,0.06568620534405556,1998-1998,11289
D,age3,-7.311756083793314,-0.0007097547768039358,1998-1998,11289
O,poss_pct,0.8555817216316212,4.723745017226553,1999-1999,11306
O,poss_pct2,0.5681931137116133,3.354441743564743,1999-1999,11306
O,gs_pct,-1.620117709309052,-4.1743297458867294,1999-1999,11306
O,gs_pct2,1.6864741875561173,3.913010250764504,1999-1999,11306
O,age,10.336308173261639,2.465535456623613,1999-1999,11306
O,age2,-18.284594185280298,-0.07725908926730782,1999-1999,11306
O,age3,8.098588211061124,0.0007867174513378179,1999-1999,11306
D,poss_pct,-0.6296081511353611,-3.4739280343353314,1999-1999,11316
D,poss_pct2,1.3139629333526872,7.755984615086532,1999-1999,11316
D,gs_pct,-0.37116913609672436,-0.9559753537441583,1999-1999,11316
D,gs_pct2,-0.49250502269000007,-1.1425539994565557,1999-1999,11316
D,age,-8.315696025366698,-1.9832786391163546,1999-1999,11316
D,age2,15.302128800235842,0.06464638347180014,1999-1999,11316
D,age3,-7.221437509460891,-0.0007013757164192051,1999-1999,11316
O,poss_pct,0.8643328758217763,4.78382849209955,2000-2000,11265
O,poss_pct2,0.5469183251946172,3.237536848424314,2000-2000,11265
O,gs_pct,-1.6233853637723483,-4.188295182719093,2000-2000,11265
O,gs_pct2,1.7053019974280361,3.960383020621399,2000-2000,11265
O,age,10.729720000342398,2.56046577693944,2000-2000,11265
O,age2,-19.136860631889054,-0.08092703290126718,2000-2000,11265
O,age3,8.569571948556591,0.0008334743737666418,2000-2000,11265
D,poss_pct,-0.5606132283263762,-3.100864135810148,2000-2000,11275
D,poss_pct2,1.224973419434249,7.250203705512627,2000-2000,11275
D,gs_pct,-0.3724334333994568,-0.9605043883683669,2000-2000,11275
D,gs_pct2,-0.4841816147084342,-1.1242935710121604,2000-2000,11275
D,age,-8.173200134792861,-1.9501355101790636,2000-2000,11275
D,age2,14.893833775469949,0.0629739176934491,2000-2000,11275
D,age3,-6.952326727726655,-0.0006760587519031587,2000-2000,11275
O,poss_pct,0.8288883010570376,4.595351560390714,2001-2001,11276
O,poss_pct2,0.5695901708608575,3.3825812035567315,2001-2001,11276
O,gs_pct,-1.6679823694336473,-4.292240120951066,2001-2001,11276
O,gs_pct2,1.745923437294384,4.049289972365293,2001-2001,11276
O,age,10.012895085238062,2.3912803457176888,2001-2001,11276
O,age2,-17.62927878094587,-0.07462895281488487,2001-2001,11276
O,age3,7.770528889414361,0.0007567762179611855,2001-2001,11276
D,poss_pct,-0.6214929578061235,-3.4433789897584997,2001-2001,11286
D,poss_pct2,1.3021997199759858,7.73204645160489,2001-2001,11286
D,gs_pct,-0.358096769498899,-0.9211530477050278,2001-2001,11286
D,gs_pct2,-0.49999914014959096,-1.1594688000282793,2001-2001,11286
D,age,-8.256012240704322,-1.9714408351983999,2001-2001,11286
D,age2,15.01121958142076,0.06353610626178993,2001-2001,11286
D,age3,-6.991130642037693,-0.0006807473124612491,2001-2001,11286
O,poss_pct,0.8161879906937982,4.51701310307804,2002-2002,11279
O,poss_pct2,0.5815570706215919,3.446100869701523,2002-2002,11279
O,gs_pct,-1.583414791997316,-4.078845612707626,2002-2002,11279
O,gs_pct2,1.668701316083921,3.8722448832763106,2002-2002,11279
O,age,9.184911281584878,2.1939299118274227,2002-2002,11279
O,age2,-15.979378726696272,-0.06765764757565652,2002-2002,11279
O,age3,6.939426223815221,0.0006760717729367883,2002-2002,11279
D,poss_pct,-0.5338761363858604,-2.9527380808718906,2002-2002,11289
D,poss_pct2,1.212798243699264,7.185431820852456,2002-2002,11289
D,gs_pct,-0.4292289969467635,-1.1052718271349182,2002-2002,11289
D,gs_pct2,-0.44034016855063124,-1.021665747475081,2002-2002,11289
D,age,-8.04130354040884,-1.9205062014899643,2002-2002,11289
D,age2,14.671615116943018,0.062110506605281314,2002-2002,11289
D,age3,-6.873354743574194,-0.0006695103988985358,2002-2002,11289
O,poss_pct,0.8706848728289474,4.820898626067213,2003-2003,11282
O,poss_pct2,0.521698655485553,3.094527576453251,2003-2003,11282
O,gs_pct,-1.5858858300906595,-4.083447080665764,2003-2003,11282
O,gs_pct2,1.6670146027028965,3.865331100276369,2003-2003,11282
O,age,10.418412373734435,2.4854350369433442,2003-2003,11282
O,age2,-18.54269015286282,-0.07839637662250272,2003-2003,11282
O,age3,8.278708074832357,0.0008052803090471584,2003-2003,11282
D,poss_pct,-0.5779410549840514,-3.1979791775402773,2003-2003,11292
D,poss_pct2,1.2279313686375715,7.282474281041279,2003-2003,11292
D,gs_pct,-0.4060310918745838,-1.0450891499929356,2003-2003,11292
D,gs_pct2,-0.4464578244141034,-1.03505794794996,2003-2003,11292
D,age,-8.148655175330315,-1.9436762651358355,2003-2003,11292
D,age2,14.902581556638305,0.06299570157055438,2003-2003,11292
D,age3,-6.982135872351879,-0.0006790290085177527,2003-2003,11292
O,poss_pct,0.8142045396736489,4.508791170059982,2004-2004,11273
O,poss_pct2,0.6086765343011644,3.6054208326335937,2004-2004,11273
O,gs_pct,-1.6312419723071185,-4.200375223629466,2004-2004,11273
O,gs_pct2,1.6913538889525865,3.923534343006064,2004-2004,11273
O,age,10.082021322807456,2.400541036566556,2004-2004,11273
O,age2,-17.920045248668497,-0.07557432679003834,2004-2004,11273
O,age3,7.992321238805929,0.0007748858087513911,2004-2004,11273
D,poss_pct,-0.586295783815645,-3.2447763523372046,2004-2004,11282
D,poss_pct2,1.2687152209046502,7.5139817683361025,2004-2004,11282
D,gs_pct,-0.3775976637175821,-0.97194509743288,2004-2004,11282
D,gs_pct2,-0.4861875805708885,-1.127676943975219,2004-2004,11282
D,age,-8.19724947796288,-1.9515131467221654,2004-2004,11282
D,age2,15.010063442421242,0.06329204488135164,2004-2004,11282
D,age3,-7.045019818391846,-0.0006829180831681086,2004-2004,11282
O,poss_pct,0.8759859982355441,4.8418592399004625,2005-2005,11255
O,poss_pct2,0.5366802119559252,3.1717374182022966,2005-2005,11255
O,gs_pct,-1.6123900541765896,-4.152299963444562,2005-2005,11255
O,gs_pct2,1.6842145119696854,3.906535282121721,2005-2005,11255
O,age,11.30450946602341,2.688363843972317,2005-2005,11255
O,age2,-20.407968237481086,-0.08591774630907456,2005-2005,11255
O,age3,9.260298653331876,0.000895832442045988,2005-2005,11255
D,poss_pct,-0.5724858484995301,-3.1623049932879352,2005-2005,11265
D,poss_pct2,1.2205027038250795,7.211890872298935,2005-2005,11265
D,gs_pct,-0.42894804707437706,-1.1042317255370468,2005-2005,11265
D,gs_pct2,-0.4086075863019245,-0.9476226986155489,2005-2005,11265
D,age,-7.590623528934584,-1.8049157727110483,2005-2005,11265
D,age2,13.751896912520115,0.05788669155868335,2005-2005,11265
D,age3,-6.39821696824788,-0.0006188484719785921,2005-2005,11265
O,poss_pct,0.9156783772009612,5.073698713704452,2006-2006,11262
O,poss_pct2,0.4913395141012164,2.915086372061049,2006-2006,11262
O,gs_pct,-1.6599150875438868,-4.270591692048231,2006-2006,11262
O,gs_pct2,1.7230667355803404,3.995356384928104,2006-2006,11262
O,age,11.033033653799288,2.6209594197084454,2006-2006,11262
O,age2,-19.62558416233427,-0.08251983637557463,2006-2006,11262
O,age3,8.751705089306778,0.0008454074407018741,2006-2006,11262
D,poss_pct,-0.604182465066189,-3.3457062642051327,2006-2006,11271
D,poss_pct2,1.2664088568621654,7.512338137248575,2006-2006,11271
D,gs_pct,-0.3307939027895492,-0.8507484191624375,2006-2006,11271
D,gs_pct2,-0.5190330906252943,-1.2033322310635772,2006-2006,11271
D,age,-9.079034631877882,-2.1565194989128162,2006-2006,11271
D,age2,16.635704021005115,0.06993808718579524,2006-2006,11271
D,age3,-7.798136423571136,-0.0007531656834314525,2006-2006,11271
O,poss_pct,0.8383246023579456,4.6225817703529115,2007-2007,11261
O,poss_pct2,0.5812146858679863,3.422078932993921,2007-2007,11261
O,gs_pct,-1.6021160560923038,-4.121475224304827,2007-2007,11261
O,gs_pct2,1.6729283646908972,3.878889234582336,2007-2007,11261
O,age,12.00084906002623,2.8531131825565956,2007-2007,11261
O,age2,-21.742195838403656,-0.09150054915608542,2007-2007,11261
O,age3,9.897204878258483,0.0009570279547774361,2007-2007,11261
D,poss_pct,-0.6412458518510453,-3.533671312144147,2007-2007,11271
D,poss_pct2,1.314541465456251,7.738555938658133,2007-2007,11271
D,gs_pct,-0.37720523521218063,-0.9700012753528903,2007-2007,11271
D,gs_pct2,-0.4767639243112317,-1.1052669009440221,2007-2007,11271
D,age,-8.974728430661786,-2.1333944486025516,2007-2007,11271
D,age2,16.407821447822077,0.06904045823753642,2007-2007,11271
D,age3,-7.665525076126203,-0.0007411001438777476,2007-2007,11271
O,poss_pct,0.8587154400806724,4.747624988215144,2008-2008,11256
O,poss_pct2,0.547836081048783,3.238840619648687,2008-2008,11256
O,gs_pct,-1.5942921134912402,-4.106791225071991,2008-2008,11256
O,gs_pct2,1.6720022735122315,3.8797338890732096,2008-2008,11256
O,age,10.727159779689616,2.549179568999593,2008-2008,11256
O,age2,-19.11822183465316,-0.08040999949455391,2008-2008,11256
O,age3,8.54753569108028,0.0008258317813148541,2008-2008,11256
D,poss_pct,-0.5981406462628898,-3.3048535352589474,2008-2008,11266
D,poss_pct2,1.265751546261224,7.481922391752115,2008-2008,11266
D,gs_pct,-0.3836602893782183,-0.9879042764701328,2008-2008,11266
D,gs_pct2,-0.4656245485975792,-1.0802757163353525,2008-2008,11266
D,age,-8.371681302878029,-1.9891573095768247,2008-2008,11266
D,age2,15.394668648508429,0.06473860705283987,2008-2008,11266
D,age3,-7.251318077087517,-0.0007004680916185617,2008-2008,11266
O,poss_pct,0.8006737399493296,4.421772467211179,2009-2009,11263
O,poss_pct2,0.6128418545373973,3.6160307723684104,2009-2009,11263
O,gs_pct,-1.6011023198962326,-4.120619367224634,2009-2009,11263
O,gs_pct2,1.6748993959111929,3.8823872914292203,2009-2009,11263
O,age,9.872454507826893,2.3497847358060215,2009-2009,11263
O,age2,-17.494696819904178,-0.07368670307695732,2009-2009,11263
O,age3,7.765258520140009,0.0007511873838571054,2009-2009,11263
D,poss_pct,-0.569452565382218,-3.142953229823634,2009-2009,11272
D,poss_pct2,1.2410999648915406,7.32192519934517,2009-2009,11272
D,gs_pct,-0.332689351093585,-0.8558828193135019,2009-2009,11272
D,gs_pct2,-0.5265188447277233,-1.2202689339125943,2009-2009,11272
D,age,-7.731318812454365,-1.8399020070950465,2009-2009,11272
D,age2,13.98366495723507,0.058888589823699676,2009-2009,11272
D,age3,-6.478678984574674,-0.0006266081350767269,2009-2009,11272
O,poss_pct,0.8498810485103702,4.689642620680563,2010-2010,11259
O,poss_pct2,0.5744192876623472,3.384323094365751,2010-2010,11259
O,gs_pct,-1.6201832024299594,-4.174023214969475,2010-2010,11259
O,gs_pct2,1.6984198191749675,3.940062780571763,2010-2010,11259
O,age,11.167628718748514,2.658669409458382,2010-2010,11259
O,age2,-20.0330123095674,-0.08441676181579147,2010-2010,11259
O,age3,9.018559080209448,0.0008730013676257974,2010-2010,11259
D,poss_pct,-0.5883679049475349,-3.2446770589678082,2010-2010,11268
D,poss_pct2,1.278245738455302,7.529966678811398,2010-2010,11268
D,gs_pct,-0.3616258497086184,-0.9313033225994893,2010-2010,11268
D,gs_pct2,-0.5089473934076439,-1.1805026539579941,2010-2010,11268
D,age,-7.545998806643082,-1.7962762314296088,2010-2010,11268
D,age2,13.750638853856312,0.0579363452075999,2010-2010,11268
D,age3,-6.425664820804002,-0.00062192117890905,2010-2010,11268
O,poss_pct,0.8093556219768845,4.465770239304567,2011-2011,11246
O,poss_pct2,0.6066591591020595,3.572221788417444,2011-2011,11246
O,gs_pct,-1.6027471371350266,-4.1283120998348,2011-2011,11246
O,gs_pct2,1.677501927926784,3.891192916851797,2011-2011,11246
O,age,10.823046465668243,2.5762720230310108,2011-2011,11246
O,age2,-19.39014961901742,-0.08172712575105531,2011-2011,11246
O,age3,8.711789023686906,0.0008438502731767843,2011-2011,11246
D,poss_pct,-0.6435679097566925,-3.5487812395075222,2011-2011,11256
D,poss_pct2,1.327892491357317,7.8178244647392825,2011-2011,11256
D,gs_pct,-0.39472602138794094,-1.0163404384942696,2011-2011,11256
D,gs_pct2,-0.46724917750219613,-1.0836830091588023,2011-2011,11256
D,age,-7.883601443417179,-1.8763203188961153,2011-2011,11256
D,age2,14.456316965154988,0.060921630057937326,2011-2011,11256
D,age3,-6.796839628146653,-0.0006582381548884067,2011-2011,11256
O,poss_pct,0.8456943853918851,4.657566407567642,2012-2012,11244
O,poss_pct2,0.5765065499857615,3.385869694007335,2012-2012,11244
O,gs_pct,-1.6085380733190202,-4.144790509598508,2012-2012,11244
O,gs_pct2,1.6810604174869752,3.899944903114508,2012-2012,11244
O,age,10.409146847398237,2.479092120336857,2012-2012,11244
O,age2,-18.465852021551477,-0.07787869909475054,2012-2012,11244
O,age3,8.207728839606153,0.0007956143466683814,2012-2012,11244
D,poss_pct,-0.6113126733553715,-3.3645950049539026,2012-2012,11254
D,poss_pct2,1.2891868330771472,7.570245492763308,2012-2012,11254
D,gs_pct,-0.3945568832768792,-1.0162842057160963,2012-2012,11254
D,gs_pct2,-0.46329158170888607,-1.0746387000382487,2012-2012,11254
D,age,-7.969480989723867,-1.8977971740131707,2012-2012,11254
D,age2,14.539202465615862,0.06130854176731374,2012-2012,11254
D,age3,-6.80134040811682,-0.0006591656521017893,2012-2012,11254
O,poss_pct,0.889279358133585,4.904020859420912,2013-2013,11234
O,poss_pct2,0.5428207828466123,3.1926014830463787,2013-2013,11234
O,gs_pct,-1.680610095199428,-4.336311795021783,2013-2013,11234
O,gs_pct2,1.7510347481776714,4.0671513201479685,2013-2013,11234
O,age,11.719497516496336,2.7908327115294282,2013-2013,11234
O,age2,-21.068251695956583,-0.08885396391044327,2013-2013,11234
O,age3,9.492942618510092,0.0009203375924441777,2013-2013,11234
D,poss_pct,-0.5540896513418492,-3.0536544013762845,2013-2013,11244
D,poss_pct2,1.214007581615558,7.139021585121639,2013-2013,11244
D,gs_pct,-0.3821070551122492,-0.9855293199913902,2013-2013,11244
D,gs_pct2,-0.46285039916667636,-1.0749002254585722,2013-2013,11244
D,age,-7.998349093618095,-1.9044182860900112,2013-2013,11244
D,age2,14.511463799012049,0.06119058218588749,2013-2013,11244
D,age3,-6.7432789079332505,-0.0006536284512011051,2013-2013,11244
O,poss_pct,0.8640454657970736,4.761622013603469,2014-2014,11241
O,poss_pct2,0.5562995479445866,3.268600396465784,2014-2014,11241
O,gs_pct,-1.6303674551579237,-4.202699342760635,2014-2014,11241
O,gs_pct2,1.7030210868682596,3.954047255163315,2014-2014,11241
O,age,10.755147049208862,2.5584370802816796,2014-2014,11241
O,age2,-19.22838694242392,-0.08099408589266072,2014-2014,11241
O,age3,8.626554960464627,0.0008351222620138707,2014-2014,11241
D,poss_pct,-0.5834594737568978,-3.2133238706971556,2014-2014,11251
D,poss_pct2,1.254502374938317,7.369753027238737,2014-2014,11251
D,gs_pct,-0.3900792440760007,-1.0051500156927309,2014-2014,11251
D,gs_pct2,-0.46116973686762686,-1.070575358360752,2014-2014,11251
D,age,-8.435014332738108,-2.0062467394080112,2014-2014,11251
D,age2,15.428403747238772,0.06497704854482439,2014-2014,11251
D,age3,-7.223300800493764,-0.0006991426787751295,2014-2014,11251
O,poss_pct,0.8168214189771287,4.492195476466097,2015-2015,11225
O,poss_pct2,0.6112270091883789,3.581783055253137,2015-2015,11225
O,gs_pct,-1.5804415598372066,-4.069953836716623,2015-2015,11225
O,gs_pct2,1.6360867774586403,3.795918370482338,2015-2015,11225
O,age,10.267345663159185,2.443817770636008,2015-2015,11225
O,age2,-18.25359617135368,-0.07693994884605858,2015-2015,11225
O,age3,8.139088623843362,0.000788561998385952,2015-2015,11225
D,poss_pct,-0.560856645320149,-3.0825110740719035,2015-2015,11235
D,poss_pct2,1.236180933791,7.242770532287323,2015-2015,11235
D,gs_pct,-0.4199896209315696,-1.0811340523807311,2015-2015,11235
D,gs_pct2,-0.43313505841692745,-1.0047627208148475,2015-2015,11235
D,age,-8.263259092171536,-1.9665380309471605,2015-2015,11235
D,age2,15.028293511958578,0.06333468743472773,2015-2015,11235
D,age3,-6.997184041522947,-0.0006777985016673466,2015-2015,11235
O,poss_pct,0.9083005027203046,4.998188989027892,2016-2016,11231
O,poss_pct2,0.5120098351107388,3.002594333705832,2016-2016,11231
O,gs_pct,-1.6276981652372517,-4.198225670196876,2016-2016,11231
O,gs_pct2,1.6936287887910086,3.9323611283029973,2016-2016,11231
O,age,9.403115699437398,2.239406045984165,2016-2016,11231
O,age2,-16.62707722346961,-0.07011369665007304,2016-2016,11231
O,age3,7.363268914888996,0.0007136647838590368,2016-2016,11231
D,poss_pct,-0.600748913336841,-3.303791223029335,2016-2016,11240
D,poss_pct2,1.2725398451490457,7.461417267892486,2016-2016,11240
D,gs_pct,-0.39589609609036475,-1.0207267909407638,2016-2016,11240
D,gs_pct2,-0.45653542893064075,-1.0598460609836924,2016-2016,11240
D,age,-7.821476082485507,-1.8625098676061542,2016-2016,11240
D,age2,14.243026663121054,0.060052173268916424,2016-2016,11240
D,age3,-6.660836939262271,-0.0006454805588374441,2016-2016,11240
O,poss_pct,0.8762971498988739,4.819200164500055,2017-2017,11233
O,poss_pct2,0.5392019198615678,3.160448685309195,2017-2017,11233
O,gs_pct,-1.6234920287895451,-4.184910393072645,2017-2017,11233
O,gs_pct2,1.6885247380551085,3.9204834900099175,2017-2017,11233
O,age,10.444589117279133,2.484927824055038,2017-2017,11233
O,age2,-18.713200078196493,-0.07882614183994185,2017-2017,11233
O,age3,8.4192554520165,0.0008150516790545848,2017-2017,11233
D,poss_pct,-0.5767405459565862,-3.1698751837874584,2017-2017,11242
D,poss_pct2,1.2477327927340092,7.312267602435411,2017-2017,11242
D,gs_pct,-0.37172252892534424,-0.9578295896847404,2017-2017,11242
D,gs_pct2,-0.4816289924121276,-1.1180889062839572,2017-2017,11242
D,age,-8.496324732171194,-2.0211388051034938,2017-2017,11242
D,age2,15.601034693264907,0.06570622725726508,2017-2017,11242
D,age3,-7.343716546643034,-0.0007107990278294655,2017-2017,11242
O,poss_pct,0.8567419522368185,4.711646049276523,2018-2018,11227
O,poss_pct2,0.5720470762335021,3.3531608521228726,2018-2018,11227
O,gs_pct,-1.6083386568110705,-4.146560749149726,2018-2018,11227
O,gs_pct2,1.6731952916077095,3.885689009130932,2018-2018,11227
O,age,10.014934793688745,2.385037216390939,2018-2018,11227
O,age2,-17.80071132542604,-0.07504500356550196,2018-2018,11227
O,age3,7.929698735813329,0.0007682481406236836,2018-2018,11227
D,poss_pct,-0.6401808800960788,-3.5184416190997028,2018-2018,11237
D,poss_pct2,1.3223171678404335,7.749747358299033,2018-2018,11237
D,gs_pct,-0.3917517451192403,-1.009607627075065,2018-2018,11237
D,gs_pct2,-0.4675309508249042,-1.085584817075916,2018-2018,11237
D,age,-9.051130867852933,-2.155191639758786,2018-2018,11237
D,age2,16.642580175213983,0.07015010420597288,2018-2018,11237
D,age3,-7.834688327996197,-0.0007588870587787822,2018-2018,11237
O,poss_pct,0.8286066142534178,4.557302110146127,2019-2019,11217
O,poss_pct2,0.6083652464915236,3.563482229571378,2019-2019,11217
O,gs_pct,-1.639094019787807,-4.224784809721662,2019-2019,11217
O,gs_pct2,1.6936253444162168,3.9303136846596867,2019-2019,11217
O,age,11.408879228315689,2.715837012178071,2019-2019,11217
O,age2,-20.72607530989529,-0.0873066086019143,2019-2019,11217
O,age3,9.47199035172029,0.0009165907991689715,2019-2019,11217
D,poss_pct,-0.6116550141840559,-3.361939934083782,2019-2019,11227
D,poss_pct2,1.2937514942315695,7.576840199286782,2019-2019,11227
D,gs_pct,-0.335865742132538,-0.865359419903942,2019-2019,11227
D,gs_pct2,-0.5156912350158014,-1.1965477223468088,2019-2019,11227
D,age,-8.297750680588873,-1.9749675372322613,2019-2019,11227
D,age2,15.23141917419232,0.0641502350191971,2019-2019,11227
D,age3,-7.169370608732651,-0.000693637773432562,2019-2019,11227
O,poss_pct,0.8797505728310336,4.836681343168023,2020-2020,11222
O,poss_pct2,0.5481036265375582,3.2100435376383887,2020-2020,11222
O,gs_pct,-1.668410756243833,-4.302195963564299,2020-2020,11222
O,gs_pct2,1.7355299520238472,4.029442665155042,2020-2020,11222
O,age,10.867391492901726,2.5873558655642293,2020-2020,11222
O,age2,-19.472956311572823,-0.08202869600496285,2020-2020,11222
O,age3,8.74998211627287,0.000846545088694573,2020-2020,11222
D,poss_pct,-0.6204820638582655,-3.4091028462800135,2020-2020,11232
D,poss_pct2,1.2997768748917968,7.611050344557017,2020-2020,11232
D,gs_pct,-0.37580923825575235,-0.9686943232347616,2020-2020,11232
D,gs_pct2,-0.4854786571702845,-1.1269774264908872,2020-2020,11232
D,age,-7.927860174210369,-1.8872329218995585,2020-2020,11232
D,age2,14.59068948391109,0.06145210516726496,2020-2020,11232
D,age3,-6.883471355540809,-0.0006658341716144352,2020-2020,11232
O,poss_pct,0.7910134890644973,4.3517729335261635,2021-2021,11208
O,poss_pct2,0.6551280279474476,3.839600463153972,2021-2021,11208
O,gs_pct,-1.5496928333540723,-3.9913338223305197,2021-2021,11208
O,gs_pct2,1.5941386806585418,3.69860932416317,2021-2021,11208
O,age,10.272351034898314,2.446794208400732,2021-2021,11208
O,age2,-18.375469908373525,-0.07741714427716206,2021-2021,11208
O,age3,8.243140795904099,0.0007973348715451981,2021-2021,11208
D,poss_pct,-0.5794389160148407,-3.1858521015149233,2021-2021,11217
D,poss_pct2,1.2707208031313577,7.446304966903887,2021-2021,11217
D,gs_pct,-0.3884221404735355,-1.0000216505272355,2021-2021,11217
D,gs_pct2,-0.48468602856303655,-1.1243600268468033,2021-2021,11217
D,age,-7.127971558827316,-1.697600517805658,2021-2021,11217
D,age2,12.982056640503869,0.05468558151754447,2021-2021,11217
D,age3,-6.072301714446589,-0.0005872476806593465,2021-2021,11217
O,poss_pct,0.8434330223912988,4.640279090260542,2022-2022,11196
O,poss_pct2,0.6008788756462509,3.5184767129081633,2022-2022,11196
O,gs_pct,-1.6098387771580056,-4.147304219963158,2022-2022,11196
O,gs_pct2,1.660625007687141,3.856370066598929,2022-2022,11196
O,age,9.56750822535612,2.2819494714562993,2022-2022,11196
O,age2,-16.927705202817446,-0.0714246906346479,2022-2022,11196
O,age3,7.500520996773924,0.0007267096885458834,2022-2022,11196
D,poss_pct,-0.6355462008069233,-3.4944092383517456,2022-2022,11205
D,poss_pct2,1.3105194613763345,7.672572470938097,2022-2022,11205
D,gs_pct,-0.3351399547971164,-0.863066223329107,2022-2022,11205
D,gs_pct2,-0.5239589238732397,-1.216569806513359,2022-2022,11205
D,age,-7.806306468299039,-1.8616043108748848,2022-2022,11205
D,age2,14.267111506793674,0.06018799177890655,2022-2022,11205
D,age3,-6.687293918264728,-0.0006477880846346261,2022-2022,11205
O,poss_pct,0.8205336292688183,4.512138059808708,2023-2023,11211
O,poss_pct2,0.6443981173233343,3.7718911301311153,2023-2023,11211
O,gs_pct,-1.598553734349067,-4.119269666576005,2023-2023,11211
O,gs_pct2,1.6341547621372186,3.7940283191412973,2023-2023,11211
O,age,10.127191579500938,2.4137755270645913,2023-2023,11211
O,age2,-18.0566326349997,-0.0761459191612534,2023-2023,11211
O,age3,8.064100169372884,0.0007809732345204026,2023-2023,11211
D,poss_pct,-0.6292253445522789,-3.45802804090323,2023-2023,11220
D,poss_pct2,1.31296391454445,7.684038277111553,2023-2023,11220
D,gs_pct,-0.3537393169502457,-0.9112001139676427,2023-2023,11220
D,gs_pct2,-0.5097543889757543,-1.1833183048372065,2023-2023,11220
D,age,-7.928684752352565,-1.8895232186052704,2023-2023,11220
D,age2,14.474491054727194,0.061030133151561895,2023-2023,11220
D,age3,-6.778810820480888,-0.0006563772769101972,2023-2023,11220
O,poss_pct,0.8971901291579338,4.939625019492581,2024-2024,11206
O,poss_pct2,0.5451272613407455,3.1944607809483268,2024-2024,11206
O,gs_pct,-1.6783948953728718,-4.3211965052387695,2024-2024,11206
O,gs_pct2,1.7361180549041917,4.027232505605655,2024-2024,11206
O,age,10.223746974553919,2.4383723378770226,2024-2024,11206
O,age2,-18.251690755198588,-0.07705418068725597,2024-2024,11206
O,age3,8.16335275717696,0.0007918545721398696,2024-2024,11206
D,poss_pct,-0.6372368189679325,-3.5063095100155417,2024-2024,11215
D,poss_pct2,1.3129718195809252,7.692880908349511,2024-2024,11215
D,gs_pct,-0.3989107792426684,-1.0266554257158262,2024-2024,11215
D,gs_pct2,-0.45816222387995553,-1.062627196014333,2024-2024,11215
D,age,-8.643024861118072,-2.061093313019899,2024-2024,11215
D,age2,15.957732099860115,0.06735894924093169,2024-2024,11215
D,age3,-7.550484356904387,-0.00073227181322142,2024-2024,11215
O,poss_pct,0.8610362873365064,4.743020792865185,2025-2025,11184
O,poss_pct2,0.5817549710343365,3.4098908842085804,2025-2025,11184
O,gs_pct,-1.6422800828707762,-4.2289623979577105,2025-2025,11184
O,gs_pct2,1.7028754258641643,3.9524818464397042,2025-2025,11184
O,age,9.381133585054958,2.238239313846199,2025-2025,11184
O,age2,-16.600977847129602,-0.07012997061638407,2025-2025,11184
O,age3,7.355872987375417,0.0007142624195290279,2025-2025,11184
D,poss_pct,-0.6355681542789846,-3.498771911302086,2025-2025,11194
D,poss_pct2,1.319133080953364,7.73062484866491,2025-2025,11194
D,gs_pct,-0.38818694413869403,-0.9992095896531299,2025-2025,11194
D,gs_pct2,-0.47605982457212354,-1.104786127772528,2025-2025,11194
D,age,-8.346998952319451,-1.9912195600577312,2025-2025,11194
D,age2,15.411490981322299,0.0650937944059291,2025-2025,11194
D,age3,-7.2989258137835735,-0.000708590466737617,2025-2025,11194
O,poss_pct,0.8685197684555751,4.782586092970664,2026-2026,11179
O,poss_pct2,0.602053682039582,3.5282054929889086,2026-2026,11179
O,gs_pct,-1.691818880602593,-4.355636906489385,2026-2026,11179
O,gs_pct2,1.720530622341861,3.9900084186669287,2026-2026,11179
O,age,9.771046292378488,2.329540932784865,2026-2026,11179
O,age2,-17.37615695175733,-0.07333078578438353,2026-2026,11179
O,age3,7.747592244207355,0.0007513605245016748,2026-2026,11179
D,poss_pct,-0.5992007962367243,-3.297408682867565,2026-2026,11189
D,poss_pct2,1.2945444805295507,7.585057558459069,2026-2026,11189
D,gs_pct,-0.3990418025512583,-1.0269445254591332,2026-2026,11189
D,gs_pct2,-0.4787033622572934,-1.1099641052253317,2026-2026,11189
D,age,-8.698730427025295,-2.0736170240660488,2026-2026,11189
D,age2,15.973130083394219,0.06739924787596456,2026-2026,11189
D,age3,-7.516384210938666,-0.0007288073111435363,2026-2026,11189
