season,side,component,n_tg,att,p,tau2,tau2_plain,tau2_half,tau2_mom,bias_exact,k_loo,k_half,k_mom,k,shrink_mean
1997,off,fg3,2378,39885.0,0.3600601729973674,0.0003334479932344764,0.0003005793151765112,0.0002628019853759721,0.0002796055376312146,-0.00016370164258173287,649.4603260465949,824.0472083794459,774.524153707138,774.524153707138,0.023319789585299525
1997,off,fg2,2378,148400.0,0.48036388140161723,0.00031256362632125964,0.0002962276137557788,0.0002742951621082632,0.0002924045494915885,-4.966916067350529e-05,784.6295762398439,894.0976712219262,838.723836872086,838.723836872086,0.07047559965173625
1997,off,ft,2378,58469.0,0.7362533992372026,0.0003775745435560821,0.00037323039520942937,0.00027214603332188086,0.0003710361764224422,-0.00011192595754617353,488.94880555587423,678.3660221925693,497.5650187540158,497.5650187540158,0.051436117049221436
1997,def,fg3,2378,39885.0,0.3600601729973674,6.242184884903625e-05,3.16302369030568e-05,7.976232849604695e-05,3.120459881976756e-05,-0.00016883771300112038,3469.317977578445,2715.081749605375,6940.042512850962,6940.042512850962,0.0026623538879538195
1997,def,fg2,2378,148400.0,0.48036388140161723,0.00035687266521552307,0.00034051304694372215,0.00036200208123656093,0.0003355434566894078,-4.917563312448541e-05,687.2105643628636,677.4730820074352,730.8938999679222,730.8938999679222,0.08002695844058254
1997,def,ft,2378,58469.0,0.7362533992372026,-1.9356316935312486e-05,-2.2115072211015495e-05,5.9266323477498095e-06,9.511860028367641e-07,-0.00011756045040410474,1000000.0,31150.004125048214,194088.87591855472,194088.87591855472,0.0001396093773931429
1998,off,fg3,2377,30174.0,0.34546298137469345,0.00045765326363276447,0.0004109323425849081,0.00043296109548291215,0.0003774030139530936,-0.00021335140285861842,455.4463983079431,481.42092388909475,552.291642857214,552.291642857214,0.026184485702117857
1998,off,fg2,2378,159016.0,0.47027972027972026,0.0003626452981876017,0.00034553138946461013,0.00035098074867996723,0.00034189006444223385,-4.6967380545584207e-05,675.4632567508139,697.911709062203,716.4688291214006,716.4688291214006,0.0865896785300968
1998,off,ft,2378,60629.0,0.735093767009187,0.0006172508392578617,0.0006124993352895274,0.0005550965830682802,0.0005967141727393151,-0.00010435950804324424,300.4845518431202,334.129856797144,310.8261044944479,310.8261044944479,0.08223833880751348
1998,def,fg3,2377,30174.0,0.34546298137469345,0.0001769068909547033,0.00013837532851099075,0.00013862709917332922,0.00012523742184349668,-0.0002136720081683091,1178.2273119524098,1503.5770916248077,1664.3310563825842,1664.3310563825842,0.008864105787568965
1998,def,fg2,2378,159016.0,0.47027972027972026,0.00033950735701874656,0.0003216737806046298,0.0003072369707024631,0.0003184715642575634,-4.707477725814822e-05,721.4971018894354,797.278965480972,769.1536754002366,769.1536754002366,0.08114651587823175
1998,def,ft,2378,60629.0,0.735093767009187,5.7550737607115783e-05,5.4789523723228176e-05,7.645810405582015e-05,7.007677018173622e-05,-0.00011189058861087367,3222.796953105527,2425.829728576296,2646.7307401323087,2646.7307401323087,0.010475825880832948
1999,off,fg3,1450,19046.0,0.33870629003465297,0.0004574664147959464,0.0003985868376091355,0.00033590838796603695,0.0003662237389930929,-0.0003355236175848207,451.7796845431585,615.2690434943792,564.3381642430894,564.3381642430894,0.0259423349638254
1999,off,fg2,1450,94216.0,0.4569499872633098,0.00032129593343054345,0.0002884703109494796,0.0003104567125313212,0.0002887766308634428,-8.135298357450554e-05,758.8063639692712,785.2991710718678,844.2559852422162,844.2559852422162,0.0725857326159913
1999,off,ft,1450,36459.0,0.726240434460627,0.0007342232175359079,0.0007286787701102362,0.0006438558334426837,0.0007184308330691305,-0.0001801950027358193,257.71881258543635,293.890535687532,263.38392937236983,263.38392937236983,0.09483320275769644
1999,def,fg3,1450,19046.0,0.33870629003465297,9.047364858777719e-06,-5.232477248092003e-05,2.9196204942082886e-05,9.239445502558527e-07,-0.00035049933901378703,22843.561168541582,7078.797842924651,223686.6189733697,223686.6189733697,6.739056513592278e-05
1999,def,fg2,1450,94216.0,0.4569499872633098,0.00038781563545809404,0.0003575193779331523,0.00031251767705954943,0.00035526158474656773,-7.966806131932776e-05,628.6528358160742,780.1203480662246,686.2588286275416,686.2588286275416,0.0878076746114437
1999,def,ft,1450,36459.0,0.726240434460627,4.472423961269624e-05,2.9850601077142375e-05,1.9030783428236057e-05,6.452748249755305e-05,-0.00019599456860827852,4230.8854758549405,9943.002951484463,2932.4425573737244,2932.4425573737244,0.009393529884346821
2000,off,fg3,2378,32589.0,0.35294117647058826,0.00030721289792071,0.00027429880695004674,0.00026020327516343086,0.0002514851301793338,-0.0001995997124249384,688.9091866363864,813.3709596769435,841.5677995746388,841.5677995746388,0.018347108365533663
2000,off,fg2,2378,162522.0,0.46785665940611115,0.00019209522894261753,0.00017423433998549912,0.00018466184486773618,0.0001744042754446244,-4.723644336549171e-05,1275.1371358641845,1326.4665487475643,1404.4825416269005,1404.4825416269005,0.04702472888886206
2000,off,ft,2378,58477.0,0.7483797048412196,0.0008517774510980892,0.0008433603078814789,0.0007956433004375292,0.0008152056928281064,-0.00010314912365280856,210.11807859056614,224.9423093402302,219.54439595558455,219.54439595558455,0.10929490209735822
2000,def,fg3,2378,32589.0,0.35294117647058826,0.0001243463895000471,9.591347195887013e-05,6.306079065280162e-05,8.536455878062849e-05,-0.0001994442201919472,1702.0340396026004,3356.1549964702335,2479.269976368586,2479.269976368586,0.006313195674361721
2000,def,fg2,2378,162522.0,0.46785665940611115,0.0002740751481369927,0.00025598369579134695,0.0002356608083365084,0.0002539608288022908,-4.617957974363068e-05,893.7248112865393,1039.408129744232,964.510004169803,964.510004169803,0.06701972900566046
2000,def,ft,2378,58477.0,0.7483797048412196,2.8959112196192205e-05,2.5676728058702247e-05,6.120134492207169e-06,4.3787520080768944e-05,-0.00011372931016950852,6180.225422623054,29243.449084230037,4087.3253630571326,4087.3253630571326,0.0066085646041603415
2001,off,fg3,2378,32581.0,0.3536110002762346,0.0003468504342558139,0.0003133323246152905,0.00034553196971058033,0.0002894960171895421,-0.0002014326915550019,610.780846336668,613.1114349981953,731.7876212725313,731.7876212725313,0.02069463723640759
2001,off,fg2,2378,159001.0,0.4610411255275124,0.00023733664440303635,0.00021935052721591214,0.0001962672461198905,0.00021744273863383832,-4.6713141549906634e-05,1029.8629851069588,1245.364317848901,1124.0854793122194,1124.0854793122194,0.05691973607758195
2001,off,ft,2378,57149.0,0.7447899350819787,0.0006503553487562876,0.0006507154692147667,0.0005655207695978633,0.0006358066143983262,-0.00011179909726024413,277.4994732713389,319.1275659909018,283.8493067421961,283.8493067421961,0.08486601739052835
2001,def,fg3,2378,32581.0,0.3536110002762346,4.214940684981875e-05,6.351596135285323e-06,6.334699968973162e-05,8.870964958258838e-06,-0.0002066200567007137,5026.15855406558,3344.2720701000635,23881.23533165077,23881.23533165077,0.0006484919382355178
2001,def,fg2,2378,159001.0,0.4610411255275124,0.0002132187730160063,0.00019459014890490966,0.00019058479376677702,0.00019360160162519119,-4.7279112272489414e-05,1146.354148946495,1282.495944452354,1262.511379184663,1262.511379184663,0.05100141616668919
2001,def,ft,2378,57149.0,0.7447899350819787,2.944837962046945e-05,2.371420522157448e-05,3.8155644027312555e-05,4.625914860623641e-05,-0.00012120347910314176,6128.461702986927,4729.923221578475,3901.3529681507644,3901.3529681507644,0.006746885412311016
2002,off,fg3,2378,35032.0,0.35359100251198905,0.0002739760243941853,0.00023116985493531485,0.0002825979917567961,0.00021723650309574493,-0.00019043357408879644,776.7161380759318,753.0187963118506,979.58490658938,979.58490658938,0.016955772244462698
2002,off,fg2,2378,158004.0,0.4652793600162021,0.0001762263584586958,0.00016051243581796732,0.0001722732374095901,0.00015682962820087656,-4.420879980795994e-05,1390.4657789496068,1422.372531394028,1562.4389574645024,1562.4389574645024,0.04135593089525477
2002,off,ft,2378,54480.0,0.7504221732745961,0.0004951604578331914,0.0004892022576392846,0.0004775499185743732,0.0004758381420453481,-0.00010886123800322124,359.50980537853724,372.76739646021764,374.10838706955303,374.10838706955303,0.06323653884890677
2002,def,fg3,2378,35032.0,0.35359100251198905,7.854961881336318e-05,3.5823826425641597e-05,5.863665277838802e-06,3.946565216082599e-05,-0.0001954879151432297,2709.135993370934,36291.56670949712,5392.071027374986,5392.071027374986,0.003128807216305636
2002,def,fg2,2378,158004.0,0.4652793600162021,0.00015093301659242347,0.000135430351939522,0.0001409171586817438,0.00013241248089095408,-4.4493195511835816e-05,1623.4799139237732,1738.8707172213815,1850.55607399667,1850.55607399667,0.035146447255159134
2002,def,ft,2378,54480.0,0.7504221732745961,8.107698869073771e-06,2.8971794750430447e-06,-2.001902903805538e-05,1.8002500767636245e-05,-0.00011564595184025715,21956.29644137173,1000000.0,9888.350631084666,9888.350631084666,0.002561482345537464
2003,off,fg3,2378,34862.0,0.34937754575182145,0.0003751394714115605,0.00034092050743717825,0.0003858488104580802,0.00031621933854959815,-0.00018602292390826455,564.6483949119329,548.976424597949,669.8575152683931,669.8575152683931,0.02477426462537315
2003,off,fg2,2378,156966.0,0.46271804084961077,0.00019771298555862365,0.00017847125206423708,0.00015881296066632878,0.0001766566512370186,-4.682446607197008e-05,1237.1051310201622,1540.12460870737,1384.560089819217,1384.560089819217,0.04620963401232478
2003,off,ft,2378,55961.0,0.7560265184682189,0.0005977006949413078,0.0005885824900218395,0.0005287577596692733,0.0005727881127839392,-0.00010728872171901308,292.9723423469633,331.17201481617997,305.7147463627893,305.7147463627893,0.07754234610402143
2003,def,fg3,2378,34862.0,0.34937754575182145,0.00012255648977788064,8.279037913276733e-05,6.330480644687124e-05,7.59500351282419e-05,-0.00018765989308829105,1728.3613522592814,3346.063471158715,2788.9638239532946,2788.9638239532946,0.006078920683765173
2003,def,fg2,2378,156966.0,0.46271804084961077,0.00012063752291668697,0.00010229535921055565,0.00011417492085468186,0.00010266645417188044,-4.7905079249190804e-05,2027.493129752052,2142.254595605956,2382.3920956148145,2382.3920956148145,0.02739350089014692
2003,def,ft,2378,55961.0,0.7560265184682189,3.4048374218885734e-05,2.5767240910586953e-05,5.9913482762750654e-05,4.35245180416699e-05,-0.00011554674213703128,5142.970160444076,2922.7106244645115,4023.2443803677393,4023.2443803677393,0.006383395637698765
2004,off,fg3,2378,35466.0,0.34717757852591213,0.0001920515495063674,0.0001515246050871059,0.00016918041493222186,0.00014064348033160473,-0.0001837213626330105,1101.3122257377863,1250.1962448075572,1503.864373553325,1503.864373553325,0.01111943119128722
2004,off,fg2,2378,154202.0,0.45961141878834255,0.00016980118437272406,0.00015250887565912107,0.0001362776395866505,0.00015116385294376556,-4.771626031539878e-05,1438.7795737474291,1792.7113825467839,1616.1699435147434,1616.1699435147434,0.03912037618261971
2004,off,ft,2378,55816.0,0.7500179160097463,0.0006827430685427914,0.0006828554964823373,0.000601769783060281,0.0006598833111291457,-0.00010467013430117086,261.1798825076233,296.32387574873917,270.2277075620749,270.2277075620749,0.08698371095752742
2004,def,fg3,2378,35466.0,0.34717757852591213,0.00014428634452580172,0.00011128613694198459,-9.944170295232753e-06,0.00010413927134493381,-0.00018501920634401067,1465.8956129103785,1000000.0,2031.0178543758138,2031.0178543758138,0.008259770328017045
2004,def,fg2,2378,154202.0,0.45961141878834255,0.0002672793448800312,0.0002520365189850842,0.0002060578962300763,0.00024835407341604283,-4.679997549049523e-05,914.0492161235053,1185.6205471534727,983.7023098241448,983.7023098241448,0.0626751608209553
2004,def,ft,2378,55816.0,0.7500179160097463,2.526770892535868e-05,2.1614214614174133e-05,1.7859875272646377e-05,3.698119559279979e-05,-0.00011450682799056083,7057.179380673476,9984.322494010237,4821.876404115473,4821.876404115473,0.005350310621531921
2005,off,fg3,2460,38724.0,0.35559343043074065,0.00017245227841073294,0.0001325925943860286,0.0001034394480624767,0.00012666037993977778,-0.00017965610867120072,1242.4279489653707,2071.3522217446553,1691.6065675953623,1691.6065675953623,0.010645282093503867
2005,off,fg2,2460,158750.0,0.46993385826771655,0.00023753479054168048,0.00022075752369346262,0.00020453557711869443,0.00021716623584773395,-4.680153925963537e-05,1031.5317527039904,1197.9562786450797,1128.281649581263,1128.281649581263,0.05493684181396157
2005,off,ft,2460,62246.0,0.7546348359733959,0.0007908014501175233,0.0007889460259252313,0.0006356414940873857,0.0007667334765572599,-0.00010355549117677131,222.34757512683632,276.62257180498705,229.3271263306916,229.3271263306916,0.10679335430557993
2005,def,fg3,2460,38724.0,0.35559343043074065,2.6903152259462467e-05,-1.1228296331795295e-05,2.1228959284156607e-05,9.357334212655989e-07,-0.00018296240862836175,7964.105042184858,10092.794832394638,228974.96839480364,228974.96839480364,7.958978029046549e-05
2005,def,fg2,2460,158750.0,0.46993385826771655,0.00023754993148753466,0.00022057019751156004,0.00019055695068921725,0.00021703632444340363,-4.6876851607679445e-05,1031.466004983851,1285.834381424638,1128.957004980656,1128.957004980656,0.054905809204317466
2005,def,ft,2460,62246.0,0.7546348359733959,2.1297991283138188e-05,1.6353740196778403e-05,4.486784210206402e-05,3.917608552804085e-05,-0.00011414670202219123,8255.838895925623,3918.9044224689474,4488.268352246736,4488.268352246736,0.00611876087893176
2006,off,fg3,2460,39296.0,0.35822984527687296,0.00025866694046093174,0.0002237337940670148,0.0001184710407944788,0.00021017666905654724,-0.0001754602540092363,831.85492942245,1816.2528838952967,1023.7738111795742,1023.7738111795742,0.017435479474590086
2006,off,fg2,2460,154970.0,0.4779247596308963,0.000166615153426539,0.00014986469607294867,0.00015924931593891756,0.0001483553476947604,-4.9152540315111066e-05,1472.4891889403907,1540.5969607324819,1653.7254365714248,1653.7254365714248,0.03724602825924955
2006,off,ft,2460,62773.0,0.7437592595542669,0.0007158873610178319,0.0007115638769272145,0.0006861501673923451,0.0006922644214749506,-0.00010314129713310865,253.41966019103089,264.40266341938485,262.06739236671496,262.06739236671496,0.09604823532870235
2006,def,fg3,2460,39296.0,0.35822984527687296,1.5008146828432941e-05,-2.118772264630026e-05,-1.2760999900866417e-05,9.365783338578739e-07,-0.0001784052183305441,14337.104504694971,1000000.0,229744.12467425506,229744.12467425506,7.922098095344517e-05
2006,def,fg2,2460,154970.0,0.4779247596308963,0.00035674475266863015,0.0003401328008409401,0.00033282823440196997,0.00033344871100980433,-4.670418432760163e-05,687.7158256679713,737.1340132097009,735.7623647464318,735.7623647464318,0.07994892631631323
2006,def,ft,2460,62773.0,0.7437592595542669,1.9381349064387292e-05,1.5273941988051077e-05,5.9732149382379415e-05,3.44027405676941e-05,-0.00011189904294676647,9360.541991245958,3037.2242358603366,5273.41510503251,5273.41510503251,0.005293093980655082
2007,off,fg3,2460,41654.0,0.3581408748259471,0.00013253935994129103,9.719404156403828e-05,6.335806037555687e-05,8.823948681340478e-05,-0.0001617530710037679,1633.1528183126818,3416.408708575083,2453.0631018198037,2453.0631018198037,0.007703449442538064
2007,off,fg2,2460,154358.0,0.48533279778178,0.0002158895023271294,0.00019804725320886931,0.00018398992041909418,0.0001960208790830478,-4.968884694750805e-05,1137.2645780470402,1334.4398606705863,1252.5374078382122,1252.5374078382122,0.04840560766332966
2007,off,ft,2460,61952.0,0.75025826446281,0.0007987423630772896,0.000792240140732275,0.0007349107976175871,0.0007714166677770416,-0.00010664896228604697,222.68995503650805,242.03196019987172,230.57824435139787,230.57824435139787,0.1062724268667278
2007,def,fg3,2460,41654.0,0.3581408748259471,2.9159327532745612e-05,-3.7990889507194716e-06,3.431394318641708e-05,9.42279103026396e-07,-0.00016348930495455638,7423.251753059102,6308.136259640405,229716.46991880157,229716.46991880157,8.296076610919527e-05
2007,def,fg2,2460,154358.0,0.48533279778178,0.00020278275358679083,0.00018445738841177913,0.00018610777998974675,0.0001827277305090659,-4.982121701247683e-05,1210.771031688178,1319.254271811608,1343.6574902169368,1343.6574902169368,0.04527372287038567
2007,def,ft,2460,61952.0,0.75025826446281,3.8503724689957864e-05,3.541258620528277e-05,7.888364282016969e-05,5.788340617699637e-05,-0.00011617944786933384,4619.60245019689,2254.8641842635075,3072.9342425968784,3072.9342425968784,0.008915718772078356
2008,off,fg3,2460,44503.0,0.36204300833651665,0.0002250418071382079,0.0001894154321203869,0.00015233774557931593,0.00018114792696146426,-0.00015746530185093446,968.7953125019801,1431.1584239570934,1203.5437088874328,1203.5437088874328,0.0164116812504666
2008,off,fg2,2460,155848.0,0.4844335506390842,0.0003632565326007186,0.0003455467116484181,0.00033510322818605366,0.0003423467123643643,-5.0519674703487675e-05,675.2308814106598,731.959611412575,716.472569554301,716.472569554301,0.08245813832188315
2008,off,ft,2460,59573.0,0.7538314337031877,0.0007048505518737491,0.0006973151633123128,0.0006663695735996319,0.0006765758501164326,-0.00010401397163985093,250.3554408647329,264.81276704288024,260.8180156411658,260.8180156411658,0.09195419638247157
2008,def,fg3,2460,44503.0,0.36204300833651665,0.0001077813835860832,7.120607912668603e-05,0.0001354924510405198,6.81102932943338e-05,-0.0001563706170518665,2022.7931820743602,1609.0892606797001,3200.9764945558945,3200.9764945558945,0.006240408536025921
2008,def,fg2,2460,155848.0,0.4844335506390842,0.00022595204392201318,0.00020846450265090763,0.000186049589127167,0.0002089261779482421,-5.202211939451525e-05,1085.549059121686,1318.3690963085667,1174.0129030021683,1174.0129030021683,0.052019216592668074
2008,def,ft,2460,59573.0,0.7538314337031877,1.5752902614118916e-05,1.5584490872596204e-05,1.4159067571660725e-05,3.327133512308726e-05,-0.00011274120809137166,11201.946395576864,12462.908999127354,5303.75982825088,5303.75982825088,0.004990481899283797
2009,off,fg3,2460,44565.0,0.36679008190283857,0.00014819155904550885,0.00011298900690640234,-3.33418724604566e-05,0.00010085354193965666,-0.00014955497987647994,1483.3305126058149,1000000.0,2179.5670931850054,2179.5670931850054,0.0090829073221852
2009,off,fg2,2460,154419.0,0.4852705949397419,0.00020344520294469156,0.00018633404700231057,0.00017851987282568567,0.00018292518727629754,-4.7910776340976125e-05,1207.6759861241244,1376.2943150220635,1343.149567026787,1343.149567026787,0.04538383782241141
2009,off,ft,2460,59070.0,0.7686812256644658,0.0005775286272433775,0.0005743620100044953,0.0005765306055751851,0.0005561305989978682,-9.717846638736655e-05,293.2387287545854,293.7463489961133,304.52156521759383,304.52156521759383,0.07940889028861925
2009,def,fg3,2460,44565.0,0.36679008190283857,0.00015130265187145812,0.00012072605584309464,0.0001083756858251893,0.00010722145689205511,-0.00014858627750169052,1452.8301951348417,2028.2876142292275,2050.121940276653,2050.121940276653,0.009650392212047562
2009,def,fg2,2460,154419.0,0.4852705949397419,0.0002465726329731191,0.0002301419612143955,0.00022224408644532298,0.0002254684480541194,-4.725252273068387e-05,996.4442652288922,1105.5227161191515,1089.7129430255286,1089.7129430255286,0.05534541641780472
2009,def,ft,2460,59070.0,0.7686812256644658,7.165957107461e-05,7.058292312094132e-05,9.510888714198197e-05,7.981877912217162e-05,-0.00010332412096183201,2363.309714705134,1780.6302393109852,2121.7282741573113,2121.7282741573113,0.012298373865760763
2010,off,fg3,2460,44604.0,0.35460945206707917,0.0002508961161902478,0.0002080154025272029,0.0001947442982926535,0.00020435690909163993,-0.00016218810449069562,858.1848050840774,1105.6304931994118,1053.6234645853147,1053.6234645853147,0.018567597409517557
2010,off,fg2,2460,156289.0,0.49180684501148514,0.000271301536449383,0.00025433224915963527,0.00023419707408404362,0.00025261437815305245,-5.036567492581366e-05,905.152461934652,1048.5581624119186,972.1111499640324,972.1111499640324,0.06221974349620252
2010,off,ft,2460,58645.0,0.7573876715832552,0.0004749096792564592,0.00046976627701910204,0.000478088329454905,0.00045656312240169506,-0.00010197819248108406,368.2589345392865,365.81050343726116,383.05707120056405,383.05707120056405,0.06323184361816436
2010,def,fg3,2460,44604.0,0.35460945206707917,5.190821570091901e-05,1.2196859962297912e-05,-5.0908568539398646e-05,2.157790752310128e-05,-0.00016449805454640652,4147.999149299748,1000000.0,9978.503909082177,9978.503909082177,0.0019965520972344422
2010,def,fg2,2460,156289.0,0.49180684501148514,0.00026415939510477,0.00024574742637128554,0.00023267137182473113,0.00024426352214510275,-5.0468656109270604e-05,929.6252875897749,1055.4339011195475,1005.3455853221275,1005.3455853221275,0.0602886032319856
2010,def,ft,2460,58645.0,0.7573876715832552,-6.802694143800372e-06,-9.894314396628396e-06,-7.613417105315974e-06,4.421943685297754e-06,-0.00010862308138657624,1000000.0,1000000.0,39550.42056886838,39550.42056886838,0.0006564236355187104
2011,off,fg3,2460,44285.0,0.35847352376651237,0.00024506909753085177,0.00021244090560030313,0.0002608141313758322,0.00019776124875080266,-0.00015116508866294768,887.7515056599059,834.1590203570072,1100.1167402511405,1100.1167402511405,0.017685766452795255
2011,off,fg2,2460,155390.0,0.4871549005727524,0.00023839514780622562,0.00022055809597389152,0.0002179138312419912,0.0002170403739102073,-4.810638821459697e-05,1030.5270511822218,1127.3843761302262,1131.9214220785389,1131.9214220785389,0.053656701384838856
2011,off,ft,2460,57935.0,0.7614913264865798,0.0006759945385988626,0.0006716001674633421,0.000559864939037854,0.0006511376946015754,-0.00010551384714445889,254.77929720907397,307.62671753900554,264.5053648242188,264.5053648242188,0.08846185705688618
2011,def,fg3,2460,44285.0,0.35847352376651237,0.00016558047172711513,0.00013576801281921862,0.00013025048641812086,0.00012627865338572076,-0.00015308488476268418,1313.925839529425,1670.3235919237247,1722.8601548290592,1722.8601548290592,0.011371947684169284
2011,def,fg2,2460,155390.0,0.4871549005727524,0.00021595382709382286,0.00019711496425678368,0.0001980734203115874,0.0001941534568660278,-4.8345864573123785e-05,1137.616554385791,1240.3110336482014,1265.352946326481,1265.352946326481,0.04827574083863768
2011,def,ft,2460,57935.0,0.7614913264865798,2.3087012429077652e-05,1.5559377970273957e-05,5.9381966577495614e-05,3.5357816566080026e-05,-0.00011565783252589178,7460.013026391877,2900.365605720128,4871.042111424269,4871.042111424269,0.005278599388506835
2012,off,fg3,1980,36369.0,0.34878605405702656,0.00031552601512319567,0.00027107063545770506,0.00026550418121743733,0.00026290871134017314,-0.00019393515714508688,679.1835881277761,807.1439406957127,815.1121733724209,815.1121733724209,0.02412678544241617
2012,off,fg2,1980,124768.0,0.4768289946140036,0.0002736909093562928,0.00025260781182696396,0.00022288545725364088,0.0002500702216233684,-6.139033034272447e-05,895.7329558533555,1099.9101074096673,980.3405045048992,980.3405045048992,0.0613183401533837
2012,off,ft,1980,43076.0,0.7511143095923484,0.0008700905691446043,0.000862935755096091,0.0008151825927250328,0.0008324360643954407,-0.00014341144306836924,202.95072330423642,216.62080609179026,212.13101870632906,212.13101870632906,0.1014027148632135
2012,def,fg3,1980,36369.0,0.34878605405702656,0.0001234497808178488,7.216587139309573e-05,4.238530913925985e-05,7.597360771939327e-05,-0.00019540542144295725,1735.9292959396387,5055.999247166826,2820.717582486583,2820.717582486583,0.007103681423963477
2012,def,fg2,1980,124768.0,0.4768289946140036,0.00024736929673490243,0.00022767188430524322,0.00021522716796753508,0.00022590066570738013,-6.186455075977927e-05,991.0444443338835,1139.0474982455933,1085.2290605706514,1085.2290605706514,0.05572702602532688
2012,def,ft,1980,43076.0,0.7511143095923484,-1.9682086735812643e-05,-2.1286893498554172e-05,1.2650366942935836e-05,5.560297732592077e-06,-0.00015728147353128512,1000000.0,13958.923969924865,31758.28325037772,31758.28325037772,0.0007600721840306116
2013,off,fg3,2458,48766.0,0.3588360743140713,0.0002462352164549731,0.0002074829064081556,0.00020235398753563454,0.00019850833010417817,-0.0001427304982588385,886.2171503734463,1078.3966973217507,1099.2882350770528,1099.2882350770528,0.01926810455122991
2013,off,fg2,2458,151586.0,0.4830459277241962,0.00045372333590875996,0.00043758438944822544,0.0004453149902226826,0.00042972157502505225,-4.836456792515027e-05,540.6315462620478,550.8396394760144,570.8280964325025,570.8280964325025,0.09911281900784538
2013,off,ft,2458,52790.0,0.7513733661678348,0.0009547484707683054,0.0009544942948183269,0.000955710430301075,0.0009164184009330144,-0.00011507588455189079,184.85338132827079,184.66731924639376,192.58504953614235,192.58504953614235,0.10932037882006869
2013,def,fg3,2458,48766.0,0.3588360743140713,8.379700297708169e-05,4.7754559566889796e-05,3.0262685144366052e-05,4.85486516816368e-05,-0.00014472663570758601,2604.125017549818,7210.7901465888335,4494.8286778241145,4494.8286778241145,0.004787440620792688
2013,def,fg2,2458,151586.0,0.4830459277241962,0.0002590106327240445,0.00024054789541538162,0.00024228565217259448,0.00023784972302510595,-5.071781853010631e-05,947.0543586867813,1012.4295288141439,1031.3114749418285,1031.3114749418285,0.05743896641144676
2013,def,ft,2458,52790.0,0.7513733661678348,5.2029036523113357e-05,4.969754045754177e-05,6.0447509583135806e-05,6.914481441220192e-05,-0.00012946146749953796,3392.1151521057627,2919.698170472772,2552.4471305598327,2552.4471305598327,0.0092599459956591
2014,off,fg3,2460,52956.0,0.359713724601556,0.000248073760457319,0.00021592213959137533,0.0002140766278312236,0.00020157612768753884,-0.00012517012592193238,886.1220397250034,1026.8455218380902,1090.5241068993935,1090.5241068993935,0.020792535672249205
2014,off,fg2,2460,151149.0,0.48760494611277616,0.00042404907658611014,0.00040660140972219284,0.0003869462615394337,0.00040095823352377457,-5.0534326547860774e-05,578.4221599672395,633.8848754739934,611.7329993586665,611.7329993586665,0.0926627139763873
2014,off,ft,2459,56555.0,0.7542569180443816,0.0008191671359504351,0.0008160963146303383,0.0008297938379586701,0.0007890790365991854,-0.0001104125338938337,214.27008675619538,211.52605051842548,222.4403451958402,222.4403451958402,0.10201608132795044
2014,def,fg3,2460,52956.0,0.359713724601556,3.27418928803413e-05,2.78466761775031e-06,2.4366536269176205e-05,1.8451109655640502e-06,-0.00012943275838522202,6713.833785421632,9021.53774300574,119138.43162895698,119138.43162895698,0.00019459354494590436
2014,def,fg2,2460,151149.0,0.48760494611277616,0.0002576565205249002,0.00024103689432141792,0.0002334470669866913,0.0002396854195312852,-5.2324570747310215e-05,951.9626451190362,1050.6852194679082,1023.3387716729087,1023.3387716729087,0.05757021151311778
2014,def,ft,2459,56555.0,0.7542569180443816,6.005970669637821e-07,-1.3724069399638215e-06,2.214349679004465e-05,2.2645973261730635e-05,-0.00012343387152754178,292247.5365643243,7926.616782893841,7750.738343603879,7750.738343603879,0.003280098531689784
2015,off,fg3,2460,54918.0,0.3503222986998798,0.0002547541992493696,0.000224527373844871,0.00018182563828163261,0.00021006330507977806,-0.00011893602588452495,854.1389267977783,1196.7260525000706,1035.8566826388135,1035.8566826388135,0.022806042355654723
2015,off,fg2,2460,149963.0,0.48515967271927074,0.000295530760957885,0.0002796272340031196,0.00027119461840257653,0.000274555906695908,-4.935187117820873e-05,830.5735600358635,905.106589779461,894.0256983826773,894.0256983826773,0.0649869232286786
2015,off,ft,2460,54792.0,0.7497262374069207,0.0006180974048874098,0.0006131535607037388,0.0005020040421917318,0.0005984747151663006,-0.00011945721880676641,286.95226290304254,353.3127905754971,296.36080611635424,296.36080611635424,0.07644732995878857
2015,def,fg3,2460,54918.0,0.3503222986998798,5.030547788759014e-05,2.146191523421587e-05,-3.9951310326493266e-05,1.7068156781233937e-05,-0.00012068673362389975,4325.48278003264,1000000.0,12748.621959186908,12748.621959186908,0.0018955436870850184
2015,def,fg2,2460,149963.0,0.48515967271927074,0.0002076434506995297,0.0001901223790772033,0.0001644329775085053,0.0001876109146388732,-5.055671939624021e-05,1182.122698317565,1492.7664751202472,1308.3462478788997,1308.3462478788997,0.04535630277833211
2015,def,ft,2460,54792.0,0.7497262374069207,-2.9552972658253156e-05,-2.8893451719840945e-05,-6.099010368438912e-05,9.457600542403137e-07,-0.000129157893183621,1000000.0,1000000.0,187536.41394741417,187536.41394741417,0.0001317109627107938
2016,off,fg3,2460,59182.0,0.3535872393633199,0.00025719746929424433,0.0002230520173363894,0.00022873647837019705,0.00021049087683273676,-0.00011164831198479085,852.4971241507135,958.5707731205193,1041.660836856204,1041.660836856204,0.024227816449898017
2016,off,fg2,2460,148700.0,0.4913517148621385,0.00028819234716258405,0.00027428192095663585,0.0002701679049649838,0.0002685834934146961,-4.901396999264512e-05,852.27067671942,909.1305156082394,914.4936035304917,914.4936035304917,0.06309062997048862
2016,off,ft,2460,55951.0,0.755607585208486,0.0011640282499054725,0.001165145199250675,0.001115904100085408,0.0011258457873842328,-0.00011918598731677133,149.39085819208992,155.83344411039053,154.45736988299223,154.45736988299223,0.13879094513673748
2016,def,fg3,2460,59182.0,0.3535872393633199,0.00010560920714093648,6.649974407279927e-05,4.925835704656778e-05,6.246321251121186e-05,-0.00011453743124728653,2076.1457153975225,4451.226473203338,3510.2277660283407,3510.2277660283407,0.0073224099614983785
2016,def,fg2,2460,148700.0,0.4913517148621385,0.0002450441167311691,0.00022932000689629845,0.00021537816860756333,0.0002249421905906877,-4.9646651783219e-05,1002.3414967806548,1140.4028938009471,1091.915598832893,1091.915598832893,0.053395751963546026
2016,def,ft,2460,55951.0,0.755607585208486,5.799640078482438e-05,5.929572200580222e-05,9.346788789444306e-07,9.262218637507249e-05,-0.00013765861318066431,2998.378810754017,186048.04615848567,1877.467872643694,1877.467872643694,0.013236273138842205
2017,off,fg3,2460,66378.0,0.357543161890988,0.00024069962597767655,0.00020767327711231404,0.000171081640097677,0.00019437877890743837,-9.748365329751376e-05,919.7947074376731,1294.0853380297965,1138.9836035646695,1138.9836035646695,0.02449076530089063
2017,off,fg2,2460,143597.0,0.503248675111597,0.00028664846695782204,0.0002715052688690478,0.00023767663243035592,0.0002670242347925263,-5.232758488357885e-05,856.2025336812488,1032.617894218308,919.1268495753865,919.1268495753865,0.060835425964205804
2017,off,ft,2460,55444.0,0.7708137940985499,0.0006220228482780382,0.0006158676290918961,0.0005323045982722685,0.0005977277897180036,-0.00010762989337266488,268.99850563861804,314.3373497109731,279.93213556091973,279.93213556091973,0.0809914517278628
2017,def,fg3,2460,66378.0,0.357543161890988,9.775840004059365e-05,6.636793478313325e-05,7.712673808334187e-05,5.989163692199259e-05,-9.932918934209598e-05,2264.7081167916162,2870.525158438042,3696.580247837523,3696.580247837523,0.007683562515244644
2017,def,fg2,2460,143597.0,0.503248675111597,0.00013058140252741036,0.00011340261200895229,0.00010194960645278031,0.00011330018059537305,-5.420332245203091e-05,1879.5107031693499,2407.3574408431646,2166.184929233518,2166.184929233518,0.026767409517559817
2017,def,ft,2460,55444.0,0.7708137940985499,-3.0434862883439692e-05,-3.550650029662854e-05,1.431126710368459e-05,9.475820865154641e-07,-0.00011628447058820923,1000000.0,11691.712232580017,176579.1260102493,176579.1260102493,0.000140655798872866
2018,off,fg3,2460,71321.0,0.3617588087660016,5.552847558272099e-05,2.5524220926542517e-05,6.144384481755444e-05,2.2046152978168207e-05,-9.433135423323716e-05,4018.5238968400704,3631.649463780188,10121.607443495357,10121.607443495357,0.003007134276409833
2018,off,fg2,2460,140337.0,0.5103073316374156,0.00041344167846622804,0.00039612278783286465,0.0003949821657899112,0.0003914775299509403,-5.5998228266608335e-05,592.322442368288,620.0046634414796,625.5551494785669,625.5551494785669,0.08516586267305624
2018,off,ft,2460,52041.0,0.76583847351127,0.0004689410371256782,0.00046488689028160237,0.00038494012968071865,0.00045416729539896294,-0.00011748752346399025,360.9882129143419,439.76237835895296,372.73090482107654,372.73090482107654,0.05902604618315768
2018,def,fg3,2460,71321.0,0.3617588087660016,4.89805199851711e-05,2.029842042355707e-05,-9.684832974066536e-06,1.686495601769158e-05,-9.416770470750987e-05,4555.739835996459,1000000.0,13231.134777356372,13231.134777356372,0.00230211731440617
2018,def,fg2,2460,140337.0,0.5103073316374156,0.00020606410784825406,0.00018919823805709524,0.00016281675327469867,0.0001904402982983672,-5.832680030909754e-05,1188.4203771493217,1504.0883683068505,1285.9189307836757,1285.9189307836757,0.043362411100386335
2018,def,ft,2460,52041.0,0.76583847351127,3.82132041496871e-05,3.9391120804386984e-05,4.143879709583136e-05,5.660398373502739e-05,-0.00012381294848573489,4429.939616973541,4085.1134400140677,2990.6408663148964,2990.6408663148964,0.0077944417825557884
2019,off,fg3,2460,78665.0,0.3550117587237018,0.00015181201048411393,0.00012216201845116457,0.00010861999202355828,0.00011525969199003488,-8.400111758436916e-05,1461.92839975533,2043.2545189521327,1925.5499101096714,1925.5499101096714,0.017155355069085634
2019,off,fg2,2460,140588.0,0.519553589211028,0.0003355116660984368,0.00032019601779964416,0.0003157995457283964,0.00031653192466564494,-5.541796974221145e-05,729.4547885233687,774.987154830956,773.1940204751216,773.1940204751216,0.07016870479217857
2019,off,ft,2460,55267.0,0.7651401378761286,0.00088979804238826,0.0008946312919653321,0.0008733640615573112,0.0008620204974183705,-0.00010870797524922402,191.01809602348277,194.6124593212085,197.17341804685196,197.17341804685196,0.11100107667365748
2019,def,fg3,2460,78665.0,0.3550117587237018,6.792152688776114e-05,3.800097607557663e-05,4.138860260452947e-05,3.39874211101588e-05,-8.429539315184846e-05,3267.569204052617,5362.30448926516,6530.012642952277,6530.012642952277,0.005123702462630875
2019,def,fg2,2460,140588.0,0.519553589211028,0.0002499367134659599,0.00023473287757302556,0.00020495359992132533,0.000233414303800818,-5.6274457203058335e-05,979.2102490548702,1194.1268244856683,1048.52439398832,1048.52439398832,0.052732491863722614
2019,def,ft,2460,55267.0,0.7651401378761286,1.146890444482419e-05,7.454566401932751e-06,-1.1624779039097847e-05,2.874024149405873e-05,-0.00012030880258886309,14819.857356046978,1000000.0,5913.921354403506,5913.921354403506,0.004184652628768871
2020,off,fg3,2118,72236.0,0.3579517138269007,0.00012883754071442145,9.485081438621966e-05,0.00011958220175797484,9.388965130915679e-05,-9.718776060131886e-05,1729.6889618018076,1863.5622087846712,2373.519008028225,2373.519008028225,0.014751790430195815
2020,off,fg2,2118,115832.0,0.5238103460183714,0.00021729999057187532,0.00020073074968398894,0.0001720558252790916,0.00020237268777746064,-7.028460809939098e-05,1124.1586835677092,1419.7698389130921,1207.0782575619958,1207.0782575619958,0.04423168239368566
2020,off,ft,2118,47756.0,0.7717564285116006,0.0007356317700582021,0.0007314581640077682,0.0006919743435168466,0.0007073140886493103,-0.00012224274909790643,226.73745198827285,241.04256856823628,235.8150018800455,235.8150018800455,0.09483522136805399
2020,def,fg3,2118,72236.0,0.3579517138269007,0.00010935352368187003,7.610000586696195e-05,7.134977070856543e-05,7.560644924440027e-05,-9.721391552122302e-05,2037.8755483703942,3123.329897578397,2947.4849601660258,2947.4849601660258,0.011914706926505992
2020,def,fg2,2118,115832.0,0.5238103460183714,0.00042105261801208014,0.0004006735620810239,0.0003600669657404429,0.0003958220514594874,-6.729194069672106e-05,580.1642381274697,678.4284441040502,617.1451803653672,617.1451803653672,0.08294223567637721
2020,def,ft,2118,47756.0,0.7717564285116006,3.11807652525965e-05,2.8398359357675536e-05,1.3523690327629666e-05,4.819609657978284e-05,-0.00013311287247715588,5349.300178921372,12333.562001478811,3460.7631111476067,3460.7631111476067,0.007141327303335976
2021,off,fg3,2160,74792.0,0.36652315755695797,0.00027269192423497613,0.00023384291786214976,0.00024011906152486952,0.00022967344827956544,-9.562650677507283e-05,825.6170470108043,937.614447602932,980.2574172898248,980.2574172898248,0.035433787097590715
2021,off,fg2,2160,116105.0,0.5301838852762586,0.0003777509657641758,0.0003653597008486192,0.00036166709392376203,0.0003591383856429633,-6.470392842620711e-05,646.1753449510315,674.9117204998073,679.6638019387784,679.6638019387784,0.07494136080524172
2021,off,ft,2160,46069.0,0.7760750179079208,0.0007702249922316074,0.0007646736808620508,0.0007125356227162592,0.0007356493667701405,-0.00012218050721332212,213.15929803033842,230.41741835115397,223.17781552690693,223.17781552690693,0.09474269995315304
2021,def,fg3,2160,74792.0,0.36652315755695797,9.437670452859007e-05,5.709056924822161e-05,4.7430723737932125e-05,6.000019232843027e-05,-9.766717519824514e-05,2385.5367948599255,4746.693355862138,3752.306325923157,3752.306325923157,0.009514794205628417
2021,def,fg2,2160,116105.0,0.5301838852762586,0.00011372753398630593,9.81429527502809e-05,8.065121716721975e-05,0.00010030801940092478,-6.849644379129751e-05,2146.299599159894,3026.530400677723,2433.438144487989,2433.438144487989,0.022155151107169393
2021,def,ft,2160,46069.0,0.7760750179079208,1.3803124129925038e-05,1.3728823820951848e-05,2.3068001693118065e-05,3.228214338186341e-05,-0.00013359366396351787,11894.453539946826,7117.244954880193,5085.802907428738,5085.802907428738,0.004607610861777432
2022,off,fg3,2460,86492.0,0.35359339592101,0.00013889918063332338,0.0001098851872231964,8.92072877727191e-05,0.00010608568875309969,-7.836929819723853e-05,1598.5744613897355,2489.0419652047062,2093.031449182185,2093.031449182185,0.017072760070968383
2022,off,fg2,2460,130144.0,0.5325869805753627,0.00031281300005661053,0.000296137838382592,0.00027190130152075016,0.00029489070197095,-6.213741218098728e-05,778.5429355785807,895.6865965300672,825.8597158997827,825.8597158997827,0.06145894245980189
2022,off,ft,2460,52299.0,0.7735520755654984,0.0006429913211586409,0.000641521789129158,0.0006053592934485891,0.0006200301392248945,-0.00011260129853030578,257.01220122679354,272.98930834823483,266.52997066770865,266.52997066770865,0.08037478524026115
2022,def,fg3,2460,86492.0,0.35359339592101,5.11951716894544e-05,2.521440760405029e-05,-4.893478358020267e-06,2.501323955914964e-05,-7.973111290792297e-05,4337.141092430954,1000000.0,8876.926251128867,8876.926251128867,0.00408038043063476
2022,def,fg2,2460,130144.0,0.5325869805753627,0.00020859211003579738,0.00019130579750494886,0.0001941285915300486,0.000193276304566564,-6.339607344107297e-05,1167.5338597870343,1254.5207763150113,1260.0528134960389,1260.0528134960389,0.0411708276384917
2022,def,ft,2460,52299.0,0.7735520755654984,7.404431132070385e-05,6.83887610117485e-05,8.198031553493553e-05,8.439532465664739e-05,-0.0001213912400072101,2231.8610555365963,2015.8084747829876,1958.1252337500196,1958.1252337500196,0.011825189853498909
2023,off,fg3,2460,84130.0,0.3607036728871984,0.0001858794462858588,0.0001566982424041395,0.000129494921963969,0.00015353453927096885,-8.348561598291674e-05,1203.0572845333247,1726.8910510749206,1456.5036828915488,1456.5036828915488,0.023859122290291662
2023,off,fg2,2460,132995.0,0.5479002970036467,0.00024246215727290407,0.0002269315407061061,0.00020325575707386226,0.0002264628921519135,-5.981456217406823e-05,1000.4088587507308,1193.3796785863262,1071.0862505673279,1071.0862505673279,0.04915492590910063
2023,off,ft,2460,56433.0,0.7810323746743927,0.000578313860758133,0.0005789207661858917,0.0005120101300497205,0.0005612106830306271,-0.00010053864548413376,280.56227100697146,316.894218701015,289.1125472753279,289.1125472753279,0.07890007363876995
2023,def,fg3,2460,84130.0,0.3607036728871984,7.49011695556564e-05,4.3389559284987166e-05,5.97493903983376e-05,4.485166689163588e-05,-8.511580246770893e-05,2985.5825112724906,3742.692944787686,4985.848629427984,4985.848629427984,0.007094330566200714
2023,def,fg2,2460,132995.0,0.5479002970036467,0.00023659836575402323,0.00022153384311709084,0.00020348392931083113,0.0002211519345224815,-5.991709074789852e-05,1025.2027281532546,1192.0415084824833,1096.8083574370373,1096.8083574370373,0.048058762212032625
2023,def,ft,2460,56433.0,0.7810323746743927,-3.724190848689914e-06,-5.221720649328055e-06,-3.705849343953058e-05,1.1653155346705118e-05,-0.00010831516342779298,1000000.0,1000000.0,13923.529319034405,13923.529319034405,0.0017854754325751392
2024,off,fg3,2460,86306.0,0.3656408592681853,0.00013876359772594136,0.00010539340407470966,0.0001327302809164352,0.00010420330428937825,-8.237945097076527e-05,1622.610779461835,1696.3673090451364,2160.7693825306974,2160.7693825306974,0.01651438589737658
2024,off,fg2,2460,132283.0,0.5452930459696257,0.0004036037260063057,0.0003890493981123801,0.00038079025795655997,0.00038532064148677497,-6.020688388977183e-05,601.1620629283054,637.1781931437446,629.6866100795924,629.6866100795924,0.08002374733927005
2024,off,ft,2459,51928.0,0.783219072562009,0.0004656118803630248,0.00046129103884396495,0.00043831408499006894,0.0004470317934012129,-0.00010810848934206051,344.4925270131243,365.94720262577266,358.81075046854977,358.81075046854977,0.06083858044265806
2024,def,fg3,2460,86306.0,0.3656408592681853,8.54766159730808e-05,5.510934015284909e-05,3.3449382022459915e-05,5.571262724810191e-05,-8.282458274173416e-05,2634.162652601125,6731.344373293138,4041.441242114268,4041.441242114268,0.008900057647030443
2024,def,fg2,2460,132283.0,0.5452930459696257,0.00026498452487397096,0.00025096589885804395,0.00024347935867802495,0.00025138771218371554,-6.18187926824689e-05,915.6430876365285,996.5167061753058,965.167495355481,965.167495355481,0.05372830720215289
2024,def,ft,2459,51928.0,0.783219072562009,2.1255486179071888e-05,1.902516759688151e-05,-8.259577121260781e-07,3.3488616425911124e-05,-0.00011437378420661983,7546.2782606930095,1000000.0,4789.6817005997555,4789.6817005997555,0.004853609201710692
2025,off,fg3,2460,92412.0,0.36025624377786436,0.00018845763280809935,0.00016089213545395411,0.00016699057068725955,0.0001569930551644654,-7.515876352614247e-05,1189.5470377005736,1342.4663315797666,1427.9562787289387,1427.9562787289387,0.026487253191931456
2025,off,fg2,2460,127002.0,0.5450701563754902,0.0003398896931432778,0.00032849047398025134,0.00031532283823575326,0.00032287826076384093,-5.9333734030851634e-05,714.1907794654907,769.8335021860778,751.8192284113948,751.8192284113948,0.06553640166077779
2025,off,ft,2460,52204.0,0.7789249865910658,0.00024685452159792253,0.00024306851821800528,0.00018441812910805015,0.00023914384474460492,-0.00010772665284376098,660.4645556398964,884.0706860188737,681.7598089927392,681.7598089927392,0.03309091834183336
2025,def,fg3,2460,92412.0,0.36025624377786436,4.090260112557229e-05,8.933967696961451e-06,-1.1709237501290144e-05,1.0691876929215277e-05,-7.681665232536037e-05,5480.805930916219,1000000.0,20967.246473476804,20967.246473476804,0.0018510497619987668
2025,def,fg2,2460,127002.0,0.5450701563754902,0.0002024608832148761,0.00018648094690077745,0.0001677475820615698,0.00018551573584472156,-6.136330674495598e-05,1198.9777038592306,1447.0914089789196,1308.4932325172933,1308.4932325172933,0.038756923630983
2025,def,ft,2460,52204.0,0.7789249865910658,7.990537444270584e-06,7.313509017625749e-06,2.966791543039523e-06,1.8102748430787614e-05,-0.00011065506354480095,20403.96694865299,54954.53912068104,9006.293300612235,9006.293300612235,0.0025909487482772492
2026,off,fg3,2460,90945.0,0.35964593985375776,0.00012283334066982133,9.839872331580495e-05,0.00012616869921373903,9.245631255983892e-05,-7.241458113418735e-05,1825.8757842055475,1777.607470155122,2425.777278073266,2425.777278073266,0.015559349145934013
2026,off,fg2,2460,128162.0,0.5500148249871256,0.00021488679953178322,0.0002004567914709163,0.000189792491247258,0.00020244603688412833,-6.413074928573689e-05,1126.6934632765854,1275.664547031357,1195.9313015125147,1195.9313015125147,0.04268121034651483
2026,off,ft,2460,56669.0,0.7821207362049798,0.00036351965848138105,0.0003626302797050282,0.00037291196195956747,0.00035828615180987097,-0.00010413376542607078,444.5092062432945,433.3136271528671,451.00217808903983,451.00217808903983,0.052917468154905674
2026,def,fg3,2460,90945.0,0.35964593985375776,4.544689129260247e-05,1.9716711780662814e-05,-2.7823504981275174e-05,1.629915583826929e-05,-7.28872863092032e-05,4934.956293888547,1000000.0,13760.125030248928,13760.125030248928,0.002779792426253994
2026,def,fg2,2460,128162.0,0.5500148249871256,0.00042778160404992885,0.0004128397571114273,0.0003835394964994319,0.0004083323277991998,-6.166023887204907e-05,565.9699951675059,631.2558539254503,592.9277108227055,592.9277108227055,0.082435855496093
2026,def,ft,2460,56669.0,0.7821207362049798,7.294944643424462e-05,6.76945543633059e-05,8.216837868802068e-05,8.109014959412322e-05,-0.0001077001217131424,2215.0659496922253,1966.5452504413363,1992.693756938177,1992.693756938177,0.012528645385783016
