player,context,prior_o,rating_o,prior_d,rating_d
Shai Gilgeous-Alexander,actual,5.018832561765631,6.767394685315252,0.30691818016284944,1.8179222102865698
Nikola Jokić,actual,4.0263320699226774,6.854568914822673,1.067763850696291,1.5438073187398742
Draymond Green,actual,0.2278990701155843,-0.7646682465769108,1.9770905680759672,3.365267185350116
Trae Young,actual,4.2952253329973935,4.304045108618286,-1.1100880476892283,-2.259977780039299
Shai Gilgeous-Alexander,average,5.392469761913784,7.1761450414523456,0.30691818016284944,1.771891072927637
Nikola Jokić,average,4.091086639681061,7.023096236682296,1.067763850696291,1.5238552767862525
Draymond Green,average,0.1389520029576583,-0.7129999536833176,1.9770905680759672,3.331623595964005
Trae Young,average,4.029756669153089,4.239120545512893,-1.1100880476892283,-2.279572878592956
Shai Gilgeous-Alexander,ATL,5.405826164275357,7.156955678263417,0.30691818016284944,1.7653677912907852
Nikola Jokić,ATL,3.9703399072153616,6.9559116451389515,1.067763850696291,1.5185817380902498
Draymond Green,ATL,-0.007621097574855851,-0.751330829225229,1.9770905680759672,3.3321937659724776
Trae Young,ATL,4.03824680222111,4.245943972324194,-1.1100880476892283,-2.2855896971498724
Shai Gilgeous-Alexander,BOS,5.053177832395666,6.869215676261918,0.30691818016284944,1.7405003004381112
Nikola Jokić,BOS,3.484213282286709,6.727646838805271,1.067763850696291,1.498351868529894
Draymond Green,BOS,-0.359016307801733,-0.8954639908640184,1.9770905680759672,3.318642859757605
Trae Young,BOS,3.446183500646426,3.860305161808856,-1.1100880476892283,-2.3031454387470367
Shai Gilgeous-Alexander,CLE,5.329931941972632,7.110957395594246,0.30691818016284944,1.764131945518717
Nikola Jokić,CLE,3.9965956413049897,6.9848500896048105,1.067763850696291,1.5244250377052366
Draymond Green,CLE,0.013395803350478408,-0.7513114129639733,1.9770905680759672,3.3323272924038
Trae Young,CLE,3.7638178349175684,4.064820001988183,-1.1100880476892283,-2.2859643749465386
Shai Gilgeous-Alexander,NOP,5.379178001282127,7.155989418569139,0.30691818016284944,1.7683914822632198
Nikola Jokić,NOP,3.9313866286217483,6.928277792118914,1.067763850696291,1.5229431921082481
Draymond Green,NOP,0.09712038940572687,-0.6980136370840061,1.9770905680759672,3.3276298601850653
Trae Young,NOP,3.891802406312652,4.15303804329808,-1.1100880476892283,-2.282129300197096
Shai Gilgeous-Alexander,CHI,4.914837448913007,6.8838795358235885,0.30691818016284944,1.7686468384327791
Nikola Jokić,CHI,3.642011331386558,6.771819535935284,1.067763850696291,1.528440348628491
Draymond Green,CHI,0.3416042680723681,-0.530187950715461,1.9770905680759672,3.331479446989536
Trae Young,CHI,3.8161763573313743,4.096029478791086,-1.1100880476892283,-2.271727957464182
Shai Gilgeous-Alexander,DAL,5.35052148214497,7.172098094368704,0.30691818016284944,1.7785171516988423
Nikola Jokić,DAL,4.075929183895808,6.975192426739858,1.067763850696291,1.53374191454486
Draymond Green,DAL,0.31884159026971703,-0.6165480862292368,1.9770905680759672,3.3349083932897523
Trae Young,DAL,4.120552500408831,4.300780060478537,-1.1100880476892283,-2.2728879620999916
Shai Gilgeous-Alexander,DEN,5.053877652189389,6.869089116153515,0.30691818016284944,1.7404730681651075
Nikola Jokić,DEN,3.643553387877107,6.79441697678958,1.067763850696291,1.4982335526877064
Draymond Green,DEN,-0.35831648800801075,-0.8959821874711853,1.9770905680759672,3.3178774675071994
Trae Young,DEN,3.446883320440149,3.859513142094839,-1.1100880476892283,-2.3042912381393688
Shai Gilgeous-Alexander,GSW,5.449943379450072,7.2360298828824625,0.30691818016284944,1.7818086992205426
Nikola Jokić,GSW,4.585298955320343,7.282752346712522,1.067763850696291,1.5370480793462316
Draymond Green,GSW,0.16248221284329034,-0.7759596198107361,1.9770905680759672,3.334837089919791
Trae Young,GSW,4.059633389306011,4.268626965200841,-1.1100880476892283,-2.275169531739409
Shai Gilgeous-Alexander,HOU,5.010231869410144,6.849790792703679,0.30691818016284944,1.7388941572415466
Nikola Jokić,HOU,3.46115400343668,6.713077461627129,1.067763850696291,1.4897099217311327
Draymond Green,HOU,-0.4537851275467343,-0.9368078306884964,1.9770905680759672,3.312855545613458
Trae Young,HOU,3.4559364351149746,3.8643498491726604,-1.1100880476892283,-2.3058465470962326
Shai Gilgeous-Alexander,LAC,5.33641254318022,7.104114450440967,0.30691818016284944,1.7593164047574747
Nikola Jokić,LAC,3.815807960390052,6.883488537383519,1.067763850696291,1.514216828671327
Draymond Green,LAC,-0.0655966307172462,-0.771636962250378,1.9770905680759672,3.331489038541582
Trae Young,LAC,3.7437519904275267,4.064953947754558,-1.1100880476892283,-2.289339883211354
Shai Gilgeous-Alexander,LAL,5.320124221092206,7.083487225651684,0.30691818016284944,1.7575808322397868
Nikola Jokić,LAL,3.7584050707630072,6.857814006795101,1.067763850696291,1.5099667154064096
Draymond Green,LAL,-0.10292400519167089,-0.7925802462111277,1.9770905680759672,3.331208495327627
Trae Young,LAL,3.7040705716220814,4.036071538213991,-1.1100880476892283,-2.2899143828334334
Shai Gilgeous-Alexander,MIA,5.01476936611003,6.9677707141726195,0.30691818016284944,1.7789521268876416
Nikola Jokić,MIA,4.073646468659611,7.008866382162306,1.067763850696291,1.536062412595848
Draymond Green,MIA,0.45538491246803536,-0.5469136849479692,1.9770905680759672,3.3344060894160883
Trae Young,MIA,4.01198630881943,4.229725899507194,-1.1100880476892283,-2.265640291294386
Shai Gilgeous-Alexander,MIL,5.362943978187769,7.121525245118678,0.30691818016284944,1.7635673480615353
Nikola Jokić,MIL,3.7644274438223793,6.838347916837007,1.067763850696291,1.5147616058473716
Draymond Green,MIL,-0.016457675953455597,-0.7333385675531638,1.9770905680759672,3.3305499997814363
Trae Young,MIL,3.823684029798158,4.110029684705486,-1.1100880476892283,-2.2849964658402193
Shai Gilgeous-Alexander,MIN,4.962364478801418,6.822225609573693,0.30691818016284944,1.7379792879075335
Nikola Jokić,MIN,3.419383257108863,6.687641655594124,1.067763850696291,1.4899345643640434
Draymond Green,MIN,-0.47217971035186057,-0.9449485199264183,1.9770905680759672,3.31095516774948
Trae Young,MIN,3.4704543905033614,3.8750718963045694,-1.1100880476892283,-2.307931116502667
Shai Gilgeous-Alexander,BKN,5.143093901006192,7.144970278381744,0.30691818016284944,1.8061470013204168
Nikola Jokić,BKN,4.635463951831045,7.2346687096528495,1.067763850696291,1.5666867533331352
Draymond Green,BKN,0.8331954153102312,-0.3991946214278794,1.9770905680759672,3.3401908373332097
Trae Young,BKN,4.0081349984273285,4.248045165764456,-1.1100880476892283,-2.249173358267486
Shai Gilgeous-Alexander,NYK,4.927402436251712,6.79642265583376,0.30691818016284944,1.7361422657784829
Nikola Jokić,NYK,3.390496486692565,6.672271748386997,1.067763850696291,1.4930791310666178
Draymond Green,NYK,-0.499097622650049,-0.9638189101040026,1.9770905680759672,3.3123880089613986
Trae Young,NYK,3.414621238438465,3.833620880813651,-1.1100880476892283,-2.307062865879452
Shai Gilgeous-Alexander,ORL,4.939757530481088,6.92009227135121,0.30691818016284944,1.777267028304946
Nikola Jokić,ORL,3.8491388499285026,6.870601227799412,1.067763850696291,1.5334276266624576
Draymond Green,ORL,0.5119412048903078,-0.49117065040153984,1.9770905680759672,3.333211707297475
Trae Young,ORL,3.870023767275393,4.139815160941798,-1.1100880476892283,-2.2687091972222273
Shai Gilgeous-Alexander,IND,5.414905834827437,7.185131240297224,0.30691818016284944,1.772598358528294
Nikola Jokić,IND,4.251472684012862,7.125558253610718,1.067763850696291,1.5252103429168702
Draymond Green,IND,0.11201148305282738,-0.7356517038321807,1.9770905680759672,3.3325167286063317
Trae Young,IND,3.9767170568899726,4.2101713801263925,-1.1100880476892283,-2.2797741415369943
Shai Gilgeous-Alexander,PHI,5.426412713204796,7.215467498886491,0.30691818016284944,1.7773045176936901
Nikola Jokić,PHI,4.3032327656687706,7.117552007860917,1.067763850696291,1.5320903369847765
Draymond Green,PHI,0.26350938276203895,-0.6734230610719456,1.9770905680759672,3.3328068973759697
Trae Young,PHI,4.1202149032961035,4.297359112271701,-1.1100880476892283,-2.274546793188213
Shai Gilgeous-Alexander,PHX,5.374758217851115,7.14458163876589,0.30691818016284944,1.7666473293382778
Nikola Jokić,PHX,4.052383061339266,7.0118675317200445,1.067763850696291,1.5220335763038266
Draymond Green,PHX,0.04472358694110756,-0.7282637716228586,1.9770905680759672,3.3310427133613265
Trae Young,PHX,3.8572811680716166,4.129560212825335,-1.1100880476892283,-2.2836310652068823
Shai Gilgeous-Alexander,POR,5.015111390987237,6.998288977746148,0.30691818016284944,1.7859718237064777
Nikola Jokić,POR,4.150902710797777,7.018801831312513,1.067763850696291,1.547062606753067
Draymond Green,POR,0.6340779331084183,-0.4671458078673332,1.9770905680759672,3.3362646954874715
Trae Young,POR,3.9647687680493204,4.212486114900628,-1.1100880476892283,-2.2608325975157273
Shai Gilgeous-Alexander,SAC,5.168786993614942,6.9791429674863075,0.30691818016284944,1.7483426812428537
Nikola Jokić,SAC,3.6537145471745918,6.8166235782819395,1.067763850696291,1.4992856264047392
Draymond Green,SAC,-0.23009542313817422,-0.8256776067895982,1.9770905680759672,3.31762503933108
Trae Young,SAC,3.5360394045382115,3.926335192295922,-1.1100880476892283,-2.297710898095331
Shai Gilgeous-Alexander,SAS,5.289984075801939,7.067861902562332,0.30691818016284944,1.760090104768742
Nikola Jokić,SAS,3.81505142132732,6.884833164762256,1.067763850696291,1.5104978980163446
Draymond Green,SAS,-0.081354021455595,-0.7742026056423428,1.9770905680759672,3.3261419739562923
Trae Young,SAS,3.76964489986993,4.074588763675346,-1.1100880476892283,-2.290744951423334
Shai Gilgeous-Alexander,OKC,4.9201801583004565,6.8521066737333385,0.30691818016284944,1.7651802916527575
Nikola Jokić,OKC,3.9780844496167607,6.971605445798035,1.067763850696291,1.5242817808023783
Draymond Green,OKC,0.034318350762458705,-0.7457968351750077,1.9770905680759672,3.333303652587701
Trae Young,OKC,3.7817485234961072,4.074588709521983,-1.1100880476892283,-2.285272181773075
Shai Gilgeous-Alexander,TOR,4.944660224448889,6.9369367630523975,0.30691818016284944,1.7815117328260168
Nikola Jokić,TOR,4.038344083812951,6.967954876332465,1.067763850696291,1.5404171045400408
Draymond Green,TOR,0.563002350581552,-0.4938947694619602,1.9770905680759672,3.334613742110367
Trae Young,TOR,3.92303823490246,4.17704330360875,-1.1100880476892283,-2.2653132690619113
Shai Gilgeous-Alexander,UTA,5.056166579601866,7.059657100242044,0.30691818016284944,1.7962976645404392
Nikola Jokić,UTA,4.291275120828719,7.062690770974008,1.067763850696291,1.5523138533461407
Draymond Green,UTA,0.7353907018707952,-0.40766354659710324,1.9770905680759672,3.3348046076026434
Trae Young,UTA,4.014586572222079,4.251731969294646,-1.1100880476892283,-2.2564650159397983
Shai Gilgeous-Alexander,MEM,5.026104371571326,7.058112496086302,0.30691818016284944,1.799591340042856
Nikola Jokić,MEM,4.538498088424168,7.19263542906599,1.067763850696291,1.557938827995948
Draymond Green,MEM,0.7299212687332581,-0.4251181030116107,1.9770905680759672,3.335769869756626
Trae Young,MEM,4.067888297028132,4.278167151185462,-1.1100880476892283,-2.253412377712894
Shai Gilgeous-Alexander,WAS,5.229102013010005,7.162401372833784,0.30691818016284944,1.7984836724622943
Nikola Jokić,WAS,4.525302010426261,7.211209875451082,1.067763850696291,1.560204912800167
Draymond Green,WAS,0.7233632612586471,-0.4691683376099838,1.9770905680759672,3.34196553890195
Trae Young,WAS,4.063032353012314,4.275435235935776,-1.1100880476892283,-2.2535413476520376
Shai Gilgeous-Alexander,DET,5.394643402900482,7.176432685783057,0.30691818016284944,1.7726292686174459
Nikola Jokić,DET,4.093260280667759,7.021684756289263,1.067763850696291,1.5241264125279423
Draymond Green,DET,0.14112564394435645,-0.7118788567001609,1.9770905680759672,3.3317330709954036
Trae Young,DET,4.031930310139788,4.239423290686511,-1.1100880476892283,-2.279241764206062
Shai Gilgeous-Alexander,CHA,5.03075148010181,7.00471665484314,0.30691818016284944,1.7880007499291537
Nikola Jokić,CHA,4.174882060469744,7.0229782039375195,1.067763850696291,1.548665354106335
Draymond Green,CHA,0.640854288656721,-0.4630185756219738,1.9770905680759672,3.3352612419598735
Trae Young,CHA,3.9546009900637547,4.2021008414756,-1.1100880476892283,-2.262030620955297
