player_name,team,adj_offense,adj_defense,adj_overall,var_offense,var_defense,var,Offense Score,Defense Score,Overall Score,Offense Score,Defense Score,Overall Score,Disagreement Among Metrics,,,OL,OS,DL,DS,VL,VS,
Nikola Jokic,Denver Nuggets,9.0,2.1,11.1,1.52,0.39,1.91,124,81,132,120,83,127,95%,,1,8.994960736,-5.171712639,4.193725162,-3.295691649,11.10647718,-6.023988417,
Shai Gilgeous-Alexander,Oklahoma City Thunder,7.1,1.5,8.6,1.07,0.56,1.63,107,69,112,105,73,110,81%,,2,7.285697242,-4.394466755,3.562881947,-2.747865309,8.619901903,-5.566522151,How do the scores work?
Giannis Antetokounmpo,Milwaukee Bucks,7.1,1.3,8.5,1.81,0.35,2.16,107,67,111,105,71,109,108%,,3,7.145933958,-4.195781693,3.546713294,-2.664074935,8.482934223,-5.20132372,0-100*
Kawhi Leonard,Los Angeles Clippers,6.4,1.1,7.5,1.03,0.24,1.27,99,63,103,100,68,102,63%,,4,7.135359024,-3.932340736,3.534624872,-2.451660941,7.528262947,-5.125148975,
Luka Doncic,Los Angeles Lakers,7.3,0.2,7.5,0.69,0.47,1.16,108,46,102,107,53,102,58%,,5,6.680555641,-3.864912573,3.270876643,-2.253033145,7.468478226,-4.995247082,
Victor Wembanyama,San Antonio Spurs,3.2,4.2,7.4,2.05,0.99,3.04,69,118,101,75,116,101,152%,,6,6.387110321,-3.835162893,3.262138234,-2.147749591,7.376170755,-4.807670657,*Unless you're amazing (>100) or terrible (<0)
Donovan Mitchell,Cleveland Cavaliers,5.8,0.1,5.9,0.86,0.61,1.48,94,44,89,95,51,91,74%,,7,5.770901606,-3.730873727,2.700611472,-2.05721857,5.864129088,-4.77202974,
Stephen Curry,Golden State Warriors,6.7,-1.5,5.2,0.64,0.74,1.39,102,16,84,102,19,86,69%,,8,5.154220919,-3.697673705,2.620703549,-2.028314382,5.216110716,-4.606723392,
Chet Holmgren,Oklahoma City Thunder,1.6,3.5,5.2,0.79,0.19,0.98,54,107,83,63,106,86,49%,,9,5.145153126,-3.590744144,2.56999732,-2.016002642,5.177814358,-4.576806583,
Jayson Tatum,Boston Celtics,4.1,1.0,5.1,0.89,0.33,1.22,77,62,83,82,67,86,61%,,10,4.741525615,-3.579161476,2.482690206,-1.998166947,5.113415127,-4.556339189,
Jimmy Butler III,Golden State Warriors,3.5,1.3,4.8,0.77,0.46,1.24,72,67,81,77,71,84,62%,,,6.444141819,-3.999283034,3.17449627,-2.365977811,7.195369452,-5.023179991,
Derrick White,Boston Celtics,2.8,2.0,4.8,0.56,0.51,1.06,65,78,80,72,81,83,53%,,,,,,,,,
Isaiah Hartenstein,Oklahoma City Thunder,1.2,3.3,4.5,1.11,0.62,1.73,50,102,78,60,102,81,86%,,,,,,,,,
LaMelo Ball,Charlotte Hornets,5.1,-0.9,4.3,0.64,0.25,0.89,88,27,76,90,32,80,45%,,,,,,,,,
Devin Booker,Phoenix Suns,5.2,-1.0,4.2,0.78,0.79,1.57,88,25,75,90,30,79,78%,,,,,,,,,
Neemias Queta,Boston Celtics,1.5,2.6,4.2,1.51,0.60,2.11,53,90,75,62,91,79,106%,,,,,,,,,
Cade Cunningham,Detroit Pistons,3.2,0.8,4.1,1.11,0.32,1.43,69,58,75,75,63,78,72%,,,,,,,,,
Dyson Daniels,Atlanta Hawks,1.5,2.6,4.1,0.65,0.55,1.20,53,89,74,62,90,78,60%,,,,,,,,,
Ausar Thompson,Detroit Pistons,0.8,3.3,4.0,1.49,0.62,2.11,46,102,74,56,101,78,105%,,,,,,,,,
Franz Wagner,Orlando Magic,2.7,1.3,4.0,0.48,1.27,1.75,64,66,74,71,70,78,88%,,,,,,,,,
Alex Caruso,Oklahoma City Thunder,0.2,3.6,3.8,0.84,0.60,1.44,40,107,72,51,106,76,72%,,,,,,,,,
De'Aaron Fox,San Antonio Spurs,3.2,0.5,3.7,0.32,0.48,0.80,69,51,71,75,58,76,40%,,,,,,,,,
Amen Thompson,Houston Rockets,1.9,1.8,3.6,0.13,0.58,0.71,56,74,71,65,78,75,36%,,,,,,,,,
Moussa Diabate,Charlotte Hornets,2.0,1.5,3.5,1.60,0.74,2.34,58,69,70,66,73,74,117%,,,,,,,,,
Scottie Barnes,Toronto Raptors,1.4,2.1,3.4,0.53,0.21,0.74,51,80,69,61,82,74,37%,,,,,,,,,
Kevin Durant,Houston Rockets,4.1,-0.7,3.4,0.59,0.42,1.01,77,31,69,81,36,74,50%,,,,,,,,,
Joel Embiid,Philadelphia 76ers,2.7,0.7,3.4,1.08,0.35,1.43,64,55,69,71,60,74,71%,,,,,,,,,
Karl-Anthony Towns,New York Knicks,3.2,0.1,3.4,0.46,0.61,1.07,69,45,69,75,52,73,54%,,,,,,,,,
Jalen Duren,Detroit Pistons,2.8,0.6,3.3,0.43,0.53,0.96,65,53,68,71,59,73,48%,,,,,,,,,
Evan Mobley,Cleveland Cavaliers,1.6,1.7,3.3,0.70,0.20,0.90,54,74,68,62,77,73,45%,,,,,,,,,
Jarrett Allen,Cleveland Cavaliers,1.9,1.4,3.3,0.48,0.60,1.08,56,68,68,65,72,73,54%,,,,,,,,,
Bam Adebayo,Miami Heat,1.0,2.3,3.3,1.55,0.57,2.12,47,85,68,57,87,73,106%,,,,,,,,,
Tyrese Maxey,Philadelphia 76ers,4.1,-0.8,3.3,0.40,0.98,1.38,77,29,68,82,33,73,69%,,,,,,,,,
Lauri Markkanen,Utah Jazz,3.2,0.0,3.3,0.52,0.70,1.21,69,43,68,75,51,73,61%,,,,,,,,,
Austin Reaves,Los Angeles Lakers,3.4,-0.2,3.2,0.61,0.61,1.21,71,39,68,77,46,72,61%,,,,,,,,,
Jalen Brunson,New York Knicks,4.7,-1.5,3.2,0.63,0.19,0.82,84,15,67,87,18,72,41%,,,,,,,,,
Anthony Edwards,Minnesota Timberwolves,3.8,-0.7,3.1,2.30,0.40,2.71,74,31,66,79,36,71,135%,,,,,,,,,
Aaron Gordon,Denver Nuggets,2.4,0.7,3.0,0.98,0.56,1.54,61,55,66,68,61,71,77%,,,,,,,,,
James Harden,Cleveland Cavaliers,4.4,-1.4,3.0,0.91,0.33,1.24,81,17,66,84,20,71,62%,,,,,,,,,
Pascal Siakam,Indiana Pacers,2.6,0.4,3.0,0.41,0.66,1.08,63,50,66,70,57,71,54%,,,,,,,,,
Ajay Mitchell,Oklahoma City Thunder,1.2,1.8,3.0,0.60,0.97,1.58,50,74,65,59,78,71,79%,,,,,,,,,
Payton Pritchard,Boston Celtics,3.6,-0.7,3.0,0.89,0.64,1.53,73,31,65,78,36,71,76%,,,,,,,,,
Jamal Murray,Denver Nuggets,4.7,-1.7,2.9,1.05,0.57,1.62,83,11,65,86,13,70,81%,,,,,,,,,
Desmond Bane,Orlando Magic,3.1,-0.2,2.9,1.14,0.25,1.39,68,39,65,74,46,70,70%,,,,,,,,,
Cason Wallace,Oklahoma City Thunder,0.4,2.4,2.8,0.74,0.38,1.12,42,86,64,53,88,70,56%,,,,,,,,,
Steven Adams,Houston Rockets,0.9,1.9,2.8,1.83,0.94,2.77,47,77,64,57,80,70,138%,,,,,,,,,
Rudy Gobert,Minnesota Timberwolves,-0.8,3.5,2.8,0.84,0.53,1.37,31,106,64,41,106,69,69%,,,,,,,,,
Donovan Clingan,Portland Trail Blazers,1.0,1.8,2.8,0.51,0.29,0.80,47,76,64,57,79,69,40%,,,,,,,,,
Kon Knueppel,Charlotte Hornets,2.5,0.2,2.7,1.82,0.75,2.56,62,47,63,69,53,69,128%,,,,,,,,,
Cameron Johnson,Denver Nuggets,2.7,-0.1,2.7,0.93,0.19,1.12,65,41,63,71,48,68,56%,,,,,,,,,
Mitchell Robinson,New York Knicks,1.3,1.3,2.6,1.22,1.03,2.25,51,67,63,60,71,68,113%,,,,,,,,,
OG Anunoby,New York Knicks,1.1,1.5,2.6,0.74,0.34,1.08,49,70,62,58,74,68,54%,,,,,,,,,
Sam Hauser,Boston Celtics,2.3,0.2,2.5,0.50,0.42,0.92,60,46,61,67,53,67,46%,,,,,,,,,
Immanuel Quickley,Toronto Raptors,2.2,0.3,2.4,0.52,0.20,0.72,59,48,61,67,54,67,36%,,,,,,,,,
Jrue Holiday,Portland Trail Blazers,1.6,0.9,2.4,0.48,0.80,1.28,53,59,61,62,64,67,64%,,,,,,,,,
Miles McBride,New York Knicks,1.9,0.6,2.4,0.78,0.68,1.46,56,53,61,64,59,67,73%,,,,,,,,,
Mikal Bridges,New York Knicks,1.9,0.5,2.4,1.25,0.42,1.67,56,52,61,65,58,67,83%,,,,,,,,,
Anthony Davis,Washington Wizards,1.0,1.4,2.4,0.71,0.27,0.99,48,67,61,58,71,67,49%,,,,,,,,,
LeBron James,Los Angeles Lakers,2.5,-0.1,2.4,0.92,0.40,1.32,62,41,61,69,48,67,66%,,,,,,,,,
Sam Merrill,Cleveland Cavaliers,2.4,-0.1,2.4,1.01,0.54,1.55,62,42,61,69,49,67,78%,,,,,,,,,
Jalen Williams,Oklahoma City Thunder,1.5,0.8,2.4,0.86,0.47,1.33,53,58,60,62,63,66,67%,,,,,,,,,
Paul George,Philadelphia 76ers,0.8,1.6,2.3,0.34,0.39,0.73,46,71,60,56,75,66,37%,,,,,,,,,
Tobias Harris,Detroit Pistons,1.2,1.1,2.3,1.12,0.39,1.50,50,62,60,60,67,66,75%,,,,,,,,,
Marcus Smart,Los Angeles Lakers,0.0,2.3,2.3,0.42,0.52,0.94,38,84,60,50,86,66,47%,,,,,,,,,
Jalen Suggs,Orlando Magic,-0.6,2.7,2.1,1.19,0.27,1.45,33,91,59,43,93,65,73%,,,,,,,,,
Herbert Jones,New Orleans Pelicans,0.0,2.1,2.1,0.52,0.39,0.91,38,81,58,50,83,65,46%,,,,,,,,,
Duncan Robinson,Detroit Pistons,1.9,0.1,2.1,0.38,0.55,0.93,57,45,58,65,52,64,47%,,,,,,,,,
Isaiah Joe,Oklahoma City Thunder,1.8,0.2,2.0,0.52,0.51,1.03,56,46,58,64,53,64,52%,,,,,,,,,
Julian Champagnie,San Antonio Spurs,1.5,0.6,2.0,0.56,0.08,0.64,52,53,58,61,59,64,32%,,,,,,,,,
Luke Kornet,San Antonio Spurs,0.4,1.6,2.0,1.08,0.50,1.58,43,72,58,53,75,64,79%,,,,,,,,,
Zach Edey,Memphis Grizzlies,0.1,1.9,2.0,1.25,0.64,1.89,39,78,58,51,81,64,94%,,,,,,,,,
Deni Avdija,Portland Trail Blazers,2.5,-0.4,2.0,1.24,0.62,1.86,62,35,58,69,41,64,93%,,,,,,,,,
Trae Young,Washington Wizards,4.7,-2.7,2.0,0.61,0.22,0.83,83,-5,58,86,-6,64,41%,,,,,,,,,
Sandro Mamukelashvili,Toronto Raptors,1.6,0.4,2.0,0.35,0.49,0.84,54,50,58,62,56,64,42%,,,,,,,,,
Kristaps Porzingis,Golden State Warriors,1.3,0.6,1.9,0.55,0.34,0.89,51,53,57,60,59,63,44%,,,,,,,,,
Dylan Harper,San Antonio Spurs,1.0,0.9,1.9,0.70,0.81,1.50,48,59,56,58,64,63,75%,,,,,,,,,
Collin Gillespie,Phoenix Suns,0.7,1.2,1.8,1.54,0.62,2.16,45,64,56,55,69,63,108%,,,,,,,,,
Ty Jerome,Memphis Grizzlies,2.5,-0.6,1.8,1.94,0.18,2.12,62,31,56,69,36,63,106%,,,,,,,,,
Jalen Smith,Chicago Bulls,1.4,0.4,1.8,0.65,0.35,1.00,52,50,56,61,57,63,50%,,,,,,,,,
Toumani Camara,Portland Trail Blazers,0.5,1.3,1.8,0.21,0.32,0.54,43,67,56,54,71,63,27%,,,,,,,,,
Darius Garland,Los Angeles Clippers,3.0,-1.2,1.8,0.70,0.33,1.03,67,22,56,73,25,63,52%,,,,,,,,,
Zion Williamson,New Orleans Pelicans,2.6,-0.8,1.8,0.86,0.59,1.45,63,28,56,70,33,62,72%,,,,,,,,,
Tari Eason,Houston Rockets,0.4,1.4,1.8,0.77,0.33,1.10,42,67,56,53,72,62,55%,,,,,,,,,
Dean Wade,Cleveland Cavaliers,0.4,1.4,1.8,0.62,0.26,0.87,42,67,55,53,72,62,44%,,,,,,,,,
Ja Morant,Memphis Grizzlies,2.3,-0.5,1.7,0.49,0.55,1.05,60,33,55,67,39,62,52%,,,,,,,,,
Gui Santos,Golden State Warriors,0.7,1.0,1.7,0.17,0.39,0.56,45,61,55,56,66,62,28%,,,,,,,,,
Stephon Castle,San Antonio Spurs,1.4,0.3,1.7,0.69,0.45,1.15,52,49,55,61,55,62,57%,,,,,,,,,
Jordan Goodwin,Phoenix Suns,0.3,1.4,1.7,0.80,0.25,1.05,42,67,55,53,72,62,52%,,,,,,,,,
Michael Porter Jr.,Brooklyn Nets,3.3,-1.6,1.7,0.38,0.57,0.96,70,13,55,76,15,62,48%,,,,,,,,,
Dereck Lively II,Dallas Mavericks,0.0,1.7,1.7,0.72,0.39,1.11,39,73,55,50,76,62,55%,,,,,,,,,
Onyeka Okongwu,Atlanta Hawks,0.6,1.1,1.7,0.34,0.32,0.66,44,63,55,54,68,62,33%,,,,,,,,,
Gary Payton II,Golden State Warriors,1.4,0.2,1.6,1.39,0.20,1.59,52,47,54,61,53,61,79%,,,,,,,,,
Brandin Podziemski,Golden State Warriors,0.1,1.5,1.6,0.75,0.55,1.30,39,69,54,51,73,61,65%,,,,,,,,,
Paul Reed,Detroit Pistons,-0.5,2.1,1.6,0.78,0.32,1.10,33,81,54,43,83,61,55%,,,,,,,,,
Jakob Poeltl,Toronto Raptors,-0.2,1.8,1.6,0.49,0.74,1.23,36,75,54,47,78,61,62%,,,,,,,,,
Keon Ellis,Cleveland Cavaliers,0.1,1.4,1.6,0.69,0.38,1.07,39,69,54,51,73,61,54%,,,,,,,,,
Josh Okogie,Houston Rockets,0.1,1.4,1.5,1.44,0.36,1.80,39,68,53,50,72,60,90%,,,,,,,,,
Goga Bitadze,Orlando Magic,0.1,1.3,1.4,0.52,0.25,0.77,39,66,53,51,71,60,38%,,,,,,,,,
Donte DiVincenzo,Minnesota Timberwolves,0.6,0.8,1.4,0.70,0.31,1.01,44,57,52,55,62,60,51%,,,,,,,,,
Jaylen Brown,Boston Celtics,2.3,-0.9,1.4,1.65,0.38,2.03,60,27,52,68,31,60,102%,,,,,,,,,
Moses Moody,Golden State Warriors,0.2,1.2,1.4,0.79,0.49,1.28,40,64,52,52,68,59,64%,,,,,,,,,
Domantas Sabonis,Sacramento Kings,0.9,0.4,1.3,0.48,1.11,1.59,47,49,52,57,56,59,80%,,,,,,,,,
Christian Braun,Denver Nuggets,1.2,0.1,1.3,0.30,0.52,0.82,50,44,52,59,51,59,41%,,,,,,,,,
Josh Hart,New York Knicks,1.0,0.3,1.3,0.77,0.56,1.33,48,47,52,58,54,59,66%,,,,,,,,,
Nickeil Alexander-Walker,Atlanta Hawks,0.8,0.4,1.3,1.77,0.26,2.03,46,51,52,56,57,59,102%,,,,,,,,,
Day'Ron Sharpe,Brooklyn Nets,-0.1,1.4,1.3,0.39,0.57,0.96,37,68,51,48,72,59,48%,,,,,,,,,
Derrick Jones Jr.,Los Angeles Clippers,0.1,1.1,1.2,0.30,0.31,0.61,39,63,51,51,68,59,31%,,,,,,,,,
Kris Dunn,Los Angeles Clippers,-0.8,2.0,1.2,0.41,0.35,0.75,31,80,51,40,82,59,38%,,,,,,,,,
CJ McCollum,Atlanta Hawks,1.9,-0.7,1.2,0.34,0.66,1.00,57,30,51,65,35,59,50%,,,,,,,,,
Jonathan Isaac,Orlando Magic,-1.3,2.5,1.2,1.13,0.47,1.60,26,88,51,34,89,58,80%,,,,,,,,,
Alperen Sengun,Houston Rockets,1.1,0.1,1.2,0.66,0.81,1.47,49,44,51,59,51,58,74%,,,,,,,,,
Brandon Miller,Charlotte Hornets,0.7,0.5,1.2,2.00,0.67,2.68,45,51,51,56,57,58,134%,,,,,,,,,
Oso Ighodaro,Phoenix Suns,-0.7,1.9,1.2,0.72,0.48,1.20,32,76,51,41,79,58,60%,,,,,,,,,
Kevin Huerter,Detroit Pistons,0.8,0.3,1.1,0.68,0.49,1.17,46,48,50,56,55,58,59%,,,,,,,,,
Jaylen Clark,Minnesota Timberwolves,0.3,0.7,1.0,1.23,0.31,1.55,41,56,50,52,62,57,77%,,,,,,,,,
Mouhamed Gueye,Atlanta Hawks,-1.1,2.1,1.0,0.41,0.30,0.71,28,80,50,37,83,57,36%,,,,,,,,,
Collin Murray-Boyles,Toronto Raptors,-0.1,1.1,1.0,0.38,0.29,0.67,37,63,49,48,68,57,34%,,,,,,,,,
De'Anthony Melton,Golden State Warriors,-0.1,1.1,1.0,0.71,0.36,1.07,37,63,49,49,67,57,54%,,,,,,,,,
Walker Kessler,Utah Jazz,0.0,1.0,1.0,0.81,0.77,1.58,38,61,49,50,66,57,79%,,,,,,,,,
Jaylin Williams,Oklahoma City Thunder,-0.9,1.9,1.0,0.87,0.74,1.61,30,77,49,39,80,57,80%,,,,,,,,,
Hugo Gonzalez,Boston Celtics,-0.7,1.7,1.0,1.12,0.25,1.37,31,73,49,41,77,57,68%,,,,,,,,,
Grayson Allen,Phoenix Suns,1.9,-1.0,1.0,0.47,0.19,0.66,57,25,49,65,29,57,33%,,,,,,,,,
Luka Garza,Boston Celtics,1.4,-0.5,0.9,0.34,0.66,1.00,52,34,49,61,40,57,50%,,,,,,,,,
Jaren Jackson Jr.,Utah Jazz,-0.5,1.5,0.9,0.61,0.48,1.09,33,69,49,43,73,56,55%,,,,,,,,,
Pelle Larsson,Miami Heat,0.5,0.5,0.9,0.42,0.41,0.83,43,51,49,54,57,56,41%,,,,,,,,,
Javonte Green,Detroit Pistons,-0.3,1.2,0.9,0.43,0.32,0.75,35,65,49,46,69,56,38%,,,,,,,,,
Jalen Johnson,Atlanta Hawks,0.8,0.1,0.9,0.81,0.73,1.54,46,45,49,56,52,56,77%,,,,,,,,,
Aaron Nesmith,Indiana Pacers,1.1,-0.2,0.9,0.72,0.09,0.80,49,38,48,59,45,56,40%,,,,,,,,,
Robert Williams III,Portland Trail Blazers,-0.5,1.4,0.9,0.43,0.85,1.28,33,68,48,43,72,56,64%,,,,,,,,,
Ivica Zubac,Indiana Pacers,-0.4,1.2,0.9,0.52,0.30,0.82,34,65,48,45,70,56,41%,,,,,,,,,
Kevon Looney,New Orleans Pelicans,-0.1,0.9,0.8,1.40,0.37,1.77,38,59,48,49,64,56,88%,,,,,,,,,
Jaden McDaniels,Minnesota Timberwolves,-0.1,0.9,0.8,0.38,0.59,0.97,37,59,48,49,64,56,49%,,,,,,,,,
Ryan Dunn,Phoenix Suns,-0.2,1.0,0.8,1.56,0.48,2.03,37,60,48,48,65,56,102%,,,,,,,,,
Trey Murphy III,New Orleans Pelicans,1.6,-0.8,0.8,1.22,0.53,1.75,53,29,48,62,34,55,87%,,,,,,,,,
Landry Shamet,New York Knicks,0.3,0.5,0.8,0.71,0.74,1.46,41,51,48,52,57,55,73%,,,,,,,,,
Brandon Clarke,Memphis Grizzlies,0.2,0.5,0.7,0.43,0.56,0.99,40,52,47,51,58,55,49%,,,,,,,,,
Clint Capela,Houston Rockets,-0.7,1.4,0.7,1.39,1.42,2.82,31,68,46,41,72,55,141%,,,,,,,,,
Josh Green,Charlotte Hornets,-0.2,0.8,0.6,0.70,0.53,1.23,36,58,46,47,63,54,61%,,,,,,,,,
Norman Powell,Miami Heat,1.4,-0.8,0.6,0.71,0.95,1.67,52,29,46,61,34,54,83%,,,,,,,,,
VJ Edgecombe,Philadelphia 76ers,0.4,0.2,0.6,0.41,0.41,0.82,42,47,46,53,53,54,41%,,,,,,,,,
Jabari Smith Jr.,Houston Rockets,0.1,0.5,0.6,0.46,0.28,0.74,40,51,46,51,57,54,37%,,,,,,,,,
Obi Toppin,Indiana Pacers,2.0,-1.4,0.6,0.64,0.31,0.95,57,18,46,65,21,54,47%,,,,,,,,,
Jordan Walsh,Boston Celtics,-0.2,0.8,0.6,0.67,0.49,1.16,36,57,46,47,63,54,58%,,,,,,,,,
Jamal Shead,Toronto Raptors,-0.3,0.8,0.5,0.44,0.29,0.74,35,57,45,46,63,54,37%,,,,,,,,,
Davion Mitchell,Miami Heat,0.1,0.4,0.5,0.66,0.40,1.07,39,50,45,51,56,53,53%,,,,,,,,,
Tre Jones,Chicago Bulls,0.8,-0.4,0.5,0.50,0.48,0.97,46,36,45,57,42,53,49%,,,,,,,,,
Coby White,Charlotte Hornets,2.1,-1.7,0.5,0.70,0.81,1.51,59,13,45,67,15,53,76%,,,,,,,,,
Keegan Murray,Sacramento Kings,-0.4,0.9,0.5,0.34,0.42,0.76,34,58,45,45,64,53,38%,,,,,,,,,
Jaylon Tyson,Cleveland Cavaliers,0.9,-0.5,0.5,0.62,0.46,1.09,47,34,45,57,40,53,54%,,,,,,,,,
AJ Green,Milwaukee Bucks,0.7,-0.2,0.5,0.32,0.52,0.83,45,38,45,55,45,53,42%,,,,,,,,,
Baylor Scheierman,Boston Celtics,-0.2,0.7,0.4,0.58,0.46,1.04,36,55,45,47,61,53,52%,,,,,,,,,
Devin Carter,Sacramento Kings,0.0,0.4,0.4,0.39,0.67,1.06,38,50,44,50,56,53,53%,,,,,,,,,
Ja'Kobe Walter,Toronto Raptors,-0.1,0.5,0.3,0.64,0.29,0.93,37,51,44,48,57,52,47%,,,,,,,,,
Bones Hyland,Minnesota Timberwolves,0.5,-0.2,0.3,0.44,0.40,0.84,43,40,44,54,46,52,42%,,,,,,,,,
Naz Reid,Minnesota Timberwolves,-0.6,1.0,0.3,0.56,0.46,1.02,32,60,44,42,65,52,51%,,,,,,,,,
Kasparas Jakucionis,Miami Heat,0.1,0.3,0.3,0.43,0.46,0.88,39,47,44,50,54,52,44%,,,,,,,,,
Jaylen Wells,Memphis Grizzlies,0.9,-0.6,0.3,0.68,0.38,1.06,47,32,44,57,38,52,53%,,,,,,,,,
Luguentz Dort,Oklahoma City Thunder,-0.3,0.6,0.3,0.53,0.50,1.03,35,54,44,46,60,52,52%,,,,,,,,,
Devin Vassell,San Antonio Spurs,0.8,-0.5,0.3,0.78,0.79,1.57,46,34,44,56,40,52,78%,,,,,,,,,
Wendell Carter Jr.,Orlando Magic,-1.5,1.8,0.3,0.98,0.20,1.18,24,75,44,31,78,52,59%,,,,,,,,,
Daniss Jenkins,Detroit Pistons,-0.3,0.6,0.3,0.21,0.63,0.83,36,53,43,47,59,52,42%,,,,,,,,,
Ronald Holland II,Detroit Pistons,-1.7,1.9,0.2,0.29,0.46,0.75,22,78,43,29,81,52,38%,,,,,,,,,
Max Strus,Cleveland Cavaliers,0.6,-0.3,0.2,0.34,0.14,0.48,44,37,43,54,43,52,24%,,,,,,,,,
Dwight Powell,Dallas Mavericks,-1.1,1.3,0.2,0.63,0.71,1.34,28,66,43,37,70,51,67%,,,,,,,,,
Aaron Wiggins,Oklahoma City Thunder,0.1,0.2,0.2,0.52,0.33,0.85,39,46,43,50,52,51,43%,,,,,,,,,
Jusuf Nurkic,Utah Jazz,-1.8,2.0,0.2,0.55,0.28,0.83,21,79,43,27,82,51,41%,,,,,,,,,
Scotty Pippen Jr.,Memphis Grizzlies,-0.6,0.8,0.2,0.74,0.61,1.35,32,57,43,42,63,51,67%,,,,,,,,,
John Konchar,Utah Jazz,-1.4,1.6,0.2,1.06,0.33,1.38,25,71,43,33,74,51,69%,,,,,,,,,
Jake LaRavia,Los Angeles Lakers,0.0,0.1,0.2,0.88,0.85,1.73,39,45,43,50,52,51,86%,,,,,,,,,
Daniel Gafford,Dallas Mavericks,-0.2,0.4,0.2,0.52,0.52,1.04,36,50,42,47,56,51,52%,,,,,,,,,
RJ Barrett,Toronto Raptors,1.2,-1.0,0.1,1.11,0.63,1.73,49,24,42,59,29,51,87%,,,,,,,,,
Myron Gardner,Miami Heat,-0.5,0.6,0.1,0.86,0.43,1.29,34,53,42,44,59,50,65%,,,,,,,,,
Anthony Black,Orlando Magic,-1.0,1.0,0.1,0.56,0.39,0.94,29,62,42,38,66,50,47%,,,,,,,,,
Grant Williams,Charlotte Hornets,-0.5,0.6,0.1,0.78,0.66,1.44,33,53,42,44,59,50,72%,,,,,,,,,
Dillon Brooks,Phoenix Suns,0.0,0.0,0.1,0.72,1.03,1.75,39,43,42,50,50,50,88%,,,,,,,,,
Craig Porter Jr.,Cleveland Cavaliers,-0.5,0.5,0.0,1.04,0.49,1.53,34,52,41,44,58,50,77%,,,,,,,,,
Jose Alvarado,New York Knicks,-0.4,0.4,0.0,0.39,0.64,1.04,34,51,41,45,57,50,52%,,,,,,,,,
Sion James,Charlotte Hornets,-1.1,1.1,0.0,0.97,0.56,1.53,28,62,41,37,67,50,76%,,,,,,,,,
Ryan Rollins,Milwaukee Bucks,-0.1,0.1,0.0,1.84,0.59,2.42,37,44,41,49,51,50,121%,,,,,,,,,
Paolo Banchero,Orlando Magic,0.6,-0.7,0.0,0.72,0.40,1.12,44,31,41,55,36,50,56%,,,,,,,,,
Julius Randle,Minnesota Timberwolves,1.4,-1.4,0.0,0.53,0.76,1.29,51,17,41,61,20,50,65%,,,,,,,,,
Cam Spencer,Memphis Grizzlies,0.8,-0.9,-0.1,0.97,0.36,1.33,46,26,40,57,30,49,66%,,,,,,,,,
Dru Smith,Miami Heat,-1.4,1.3,-0.1,0.89,0.57,1.46,25,67,40,32,71,49,73%,,,,,,,,,
Kenrich Williams,Oklahoma City Thunder,-0.9,0.8,-0.1,0.63,0.62,1.26,30,57,40,39,62,49,63%,,,,,,,,,
Tyler Herro,Miami Heat,1.4,-1.5,-0.1,1.27,0.28,1.55,52,15,40,61,18,49,77%,,,,,,,,,
Lonzo Ball,Utah Jazz,-1.3,1.1,-0.1,0.30,0.64,0.94,26,63,40,34,68,49,47%,,,,,,,,,
Saddiq Bey,New Orleans Pelicans,1.5,-1.7,-0.2,0.57,0.78,1.35,53,12,40,62,15,48,67%,,,,,,,,,
Cedric Coward,Memphis Grizzlies,0.1,-0.2,-0.2,1.42,0.58,2.00,39,39,40,50,45,48,100%,,,,,,,,,
Dominick Barlow,Philadelphia 76ers,-1.0,0.8,-0.2,0.23,0.53,0.76,29,58,40,38,63,48,38%,,,,,,,,,
Elijah Harkless,Utah Jazz,-1.0,0.8,-0.2,0.75,0.65,1.40,29,57,40,38,62,48,70%,,,,,,,,,
Mike Conley,Minnesota Timberwolves,-0.8,0.6,-0.2,1.23,0.33,1.56,31,54,39,40,59,48,78%,,,,,,,,,
Dejounte Murray,New Orleans Pelicans,0.0,-0.2,-0.2,0.86,0.48,1.34,38,39,39,50,45,48,67%,,,,,,,,,
Andrew Nembhard,Indiana Pacers,0.3,-0.5,-0.2,0.70,0.28,0.98,41,33,39,52,39,48,49%,,,,,,,,,
Oscar Tshiebwe,Utah Jazz,0.0,-0.2,-0.2,0.57,0.65,1.22,38,39,39,50,46,48,61%,,,,,,,,,
Kris Murray,Portland Trail Blazers,-1.7,1.4,-0.2,0.45,0.81,1.26,22,69,39,29,73,48,63%,,,,,,,,,
Keldon Johnson,San Antonio Spurs,0.8,-1.1,-0.2,0.63,0.78,1.40,46,23,39,56,27,48,70%,,,,,,,,,
Chris Boucher,Utah Jazz,0.2,-0.5,-0.2,0.93,0.39,1.31,41,34,39,52,40,48,66%,,,,,,,,,
Johnny Furphy,Indiana Pacers,-1.5,1.3,-0.3,0.28,0.56,0.84,24,65,39,31,70,47,42%,,,,,,,,,
Dylan Cardwell,Sacramento Kings,-1.7,1.5,-0.3,0.74,0.51,1.26,22,69,39,28,73,47,63%,,,,,,,,,
Jarred Vanderbilt,Los Angeles Lakers,-0.8,0.6,-0.3,0.84,0.92,1.76,30,53,39,40,59,47,88%,,,,,,,,,
Simone Fontecchio,Miami Heat,0.0,-0.3,-0.3,0.55,0.52,1.07,38,37,39,50,43,47,53%,,,,,,,,,
Quenton Jackson,Indiana Pacers,-0.2,-0.1,-0.3,0.28,0.48,0.75,36,41,39,47,48,47,38%,,,,,,,,,
Matisse Thybulle,Portland Trail Blazers,-2.4,2.1,-0.3,0.66,0.46,1.11,15,81,39,19,84,47,56%,,,,,,,,,
Harrison Barnes,San Antonio Spurs,0.9,-1.2,-0.3,0.27,0.37,0.64,47,21,39,57,24,47,32%,,,,,,,,,
Cooper Flagg,Dallas Mavericks,-0.3,0.0,-0.3,1.32,0.50,1.83,36,42,38,46,49,47,91%,,,,,,,,,
Santi Aldama,Memphis Grizzlies,0.4,-0.7,-0.3,0.14,0.25,0.39,42,29,38,53,34,47,20%,,,,,,,,,
Josh Minott,Brooklyn Nets,-1.1,0.7,-0.4,1.30,0.24,1.54,28,55,38,37,61,46,77%,,,,,,,,,
Draymond Green,Golden State Warriors,-2.5,2.1,-0.4,0.41,0.81,1.22,15,80,38,19,83,46,61%,,,,,,,,,
Myles Turner,Milwaukee Bucks,-1.0,0.6,-0.4,0.24,0.43,0.67,28,54,38,37,60,46,33%,,,,,,,,,
Josh Giddey,Chicago Bulls,0.4,-0.8,-0.4,1.23,0.84,2.07,42,28,38,53,33,46,104%,,,,,,,,,
Kyle Filipowski,Utah Jazz,-0.3,-0.1,-0.4,1.24,0.66,1.90,36,40,38,47,47,46,95%,,,,,,,,,
Rasheer Fleming,Phoenix Suns,-0.9,0.5,-0.4,0.67,0.26,0.94,30,51,38,39,57,46,47%,,,,,,,,,
Nae'Qwan Tomlin,Cleveland Cavaliers,-0.3,-0.1,-0.4,0.72,0.46,1.19,35,41,38,46,48,46,59%,,,,,,,,,
Jock Landale,Atlanta Hawks,0.3,-0.8,-0.5,0.71,0.52,1.24,42,28,37,53,32,45,62%,,,,,,,,,
Andrew Wiggins,Miami Heat,-0.7,0.2,-0.5,0.56,0.50,1.07,31,47,37,41,54,45,53%,,,,,,,,,
Leonard Miller,Chicago Bulls,0.0,-0.5,-0.5,0.37,0.49,0.87,38,34,37,50,39,45,43%,,,,,,,,,
Dorian Finney-Smith,Houston Rockets,-1.0,0.5,-0.5,0.85,0.40,1.25,29,51,37,38,57,45,63%,,,,,,,,,
Justin Champagnie,Washington Wizards,0.4,-0.9,-0.5,0.52,0.93,1.44,42,26,37,53,31,45,72%,,,,,,,,,
Jonathan Kuminga,Atlanta Hawks,-0.9,0.4,-0.5,0.79,0.91,1.70,30,49,37,39,56,45,85%,,,,,,,,,
Al Horford,Golden State Warriors,-0.9,0.3,-0.5,0.72,0.34,1.06,30,49,37,39,55,45,53%,,,,,,,,,
Haywood Highsmith,Phoenix Suns,-1.2,0.6,-0.5,0.55,0.22,0.77,27,54,37,35,60,45,38%,,,,,,,,,
Bogdan Bogdanovic,Los Angeles Clippers,-0.3,-0.3,-0.5,0.55,0.19,0.74,36,38,37,47,44,45,37%,,,,,,,,,
Micah Peavy,New Orleans Pelicans,-0.9,0.4,-0.5,0.97,0.18,1.15,29,49,37,38,56,45,58%,,,,,,,,,
Jaxson Hayes,Los Angeles Lakers,-0.9,0.4,-0.6,0.60,0.42,1.02,29,50,37,38,56,44,51%,,,,,,,,,
Kevin Porter Jr.,Milwaukee Bucks,-0.8,0.2,-0.6,1.11,0.88,1.99,31,47,36,40,53,44,100%,,,,,,,,,
Nique Clifford,Sacramento Kings,-1.3,0.7,-0.6,0.60,0.61,1.21,26,55,36,34,61,44,60%,,,,,,,,,
Isaac Okoro,Chicago Bulls,-0.2,-0.4,-0.6,0.38,0.29,0.67,37,35,36,48,41,44,34%,,,,,,,,,
Miles Bridges,Charlotte Hornets,0.4,-1.0,-0.6,0.80,0.38,1.18,42,25,36,53,29,44,59%,,,,,,,,,
Isaiah Jackson,Los Angeles Clippers,-0.4,-0.2,-0.6,0.60,0.58,1.18,34,39,36,45,46,44,59%,,,,,,,,,
Jamir Watkins,Washington Wizards,-1.2,0.6,-0.6,0.35,0.60,0.95,27,53,36,35,59,44,47%,,,,,,,,,
Svi Mykhailiuk,Utah Jazz,0.3,-1.0,-0.6,0.82,0.44,1.26,41,26,36,52,30,44,63%,,,,,,,,,
Ethan Thompson,Indiana Pacers,-1.0,0.3,-0.6,0.75,0.43,1.17,29,48,36,38,55,44,59%,,,,,,,,,
Aaron Holiday,Houston Rockets,-1.1,0.5,-0.7,0.37,0.74,1.11,28,51,36,36,57,43,56%,,,,,,,,,
Javon Small,Memphis Grizzlies,-0.2,-0.4,-0.7,0.56,0.20,0.76,36,35,36,47,41,43,38%,,,,,,,,,
Malik Monk,Sacramento Kings,0.7,-1.4,-0.7,0.48,0.41,0.90,45,17,36,56,20,43,45%,,,,,,,,,
Tristan da Silva,Orlando Magic,-0.9,0.3,-0.7,0.85,0.36,1.21,29,47,36,38,54,43,61%,,,,,,,,,
Dalen Terry,Philadelphia 76ers,-1.8,1.0,-0.7,0.79,0.24,1.03,21,62,35,28,66,43,51%,,,,,,,,,
Brook Lopez,Los Angeles Clippers,-1.7,1.0,-0.7,0.75,0.15,0.90,22,60,35,29,65,43,45%,,,,,,,,,
Asa Newell,Atlanta Hawks,-0.6,-0.2,-0.8,0.57,0.39,0.95,33,39,35,43,46,42,48%,,,,,,,,,
Ryan Kalkbrenner,Charlotte Hornets,-1.5,0.8,-0.8,0.64,0.43,1.06,23,57,35,31,62,42,53%,,,,,,,,,
Keshad Johnson,Miami Heat,-0.6,-0.1,-0.8,0.74,0.41,1.15,32,40,35,42,47,42,57%,,,,,,,,,
Moussa Cisse,Dallas Mavericks,-1.2,0.5,-0.8,0.99,0.64,1.63,27,51,35,35,57,42,81%,,,,,,,,,
Kel'el Ware,Miami Heat,-0.4,-0.4,-0.8,0.73,0.50,1.23,34,36,35,45,43,42,62%,,,,,,,,,
Kentavious Caldwell-Pope,Memphis Grizzlies,-1.2,0.4,-0.8,0.32,0.82,1.13,27,49,35,36,56,42,57%,,,,,,,,,
Will Richard,Golden State Warriors,-1.3,0.5,-0.8,0.62,0.43,1.06,26,51,34,34,57,42,53%,,,,,,,,,
Egor Demin,Brooklyn Nets,-1.0,0.1,-0.8,0.91,0.39,1.30,29,45,34,38,52,42,65%,,,,,,,,,
Brandon Ingram,Toronto Raptors,0.1,-0.9,-0.8,0.93,0.44,1.37,39,27,34,51,31,42,69%,,,,,,,,,
P.J. Washington,Dallas Mavericks,-1.0,0.2,-0.8,0.70,0.43,1.13,28,46,34,37,53,42,57%,,,,,,,,,
Jamal Cain,Orlando Magic,-0.3,-0.5,-0.9,0.39,0.57,0.96,35,33,34,46,39,42,48%,,,,,,,,,
Naji Marshall,Dallas Mavericks,-0.3,-0.5,-0.9,0.54,0.58,1.12,35,33,34,46,39,41,56%,,,,,,,,,
Joan Beringer,Minnesota Timberwolves,-0.5,-0.4,-0.9,0.66,0.58,1.23,34,36,34,44,42,41,62%,,,,,,,,,
D'Angelo Russell,Washington Wizards,-0.2,-0.7,-0.9,0.69,0.70,1.40,36,30,34,48,35,41,70%,,,,,,,,,
Quinten Post,Golden State Warriors,-1.1,0.2,-0.9,0.67,0.47,1.14,28,46,34,37,53,41,57%,,,,,,,,,
Brandon Williams,Dallas Mavericks,0.0,-0.9,-0.9,0.53,0.65,1.17,38,26,34,50,31,41,59%,,,,,,,,,
Vince Williams Jr.,Utah Jazz,-1.3,0.3,-0.9,0.47,0.38,0.85,26,49,34,34,55,41,42%,,,,,,,,,
Lachlan Olbrich,Chicago Bulls,-1.4,0.5,-0.9,1.07,0.70,1.77,25,51,33,32,58,41,88%,,,,,,,,,
Jeremiah Fears,New Orleans Pelicans,0.1,-1.1,-0.9,0.60,0.23,0.84,40,23,33,51,27,41,42%,,,,,,,,,
Karlo Matkovic,New Orleans Pelicans,-1.3,0.3,-1.0,0.39,0.56,0.95,26,49,33,34,55,40,47%,,,,,,,,,
De'Andre Hunter,Sacramento Kings,0.3,-1.2,-1.0,0.61,0.47,1.08,41,20,33,52,24,40,54%,,,,,,,,,
Rui Hachimura,Los Angeles Lakers,-0.3,-0.6,-1.0,0.44,0.47,0.90,35,31,33,46,36,40,45%,,,,,,,,,
Adem Bona,Philadelphia 76ers,-1.4,0.4,-1.0,0.53,0.60,1.14,25,50,33,33,57,40,57%,,,,,,,,,
Tyrese Proctor,Cleveland Cavaliers,-0.3,-0.7,-1.0,0.86,0.37,1.23,35,30,33,46,35,40,61%,,,,,,,,,
Khris Middleton,Dallas Mavericks,0.0,-1.1,-1.0,0.92,0.40,1.32,39,24,33,50,28,40,66%,,,,,,,,,
Noah Penda,Orlando Magic,-0.9,-0.1,-1.0,0.86,0.35,1.21,30,41,33,39,48,40,61%,,,,,,,,,
Jevon Carter,Orlando Magic,-0.7,-0.4,-1.0,0.74,0.27,1.01,32,36,33,42,42,40,50%,,,,,,,,,
Ron Harper Jr.,Boston Celtics,-0.8,-0.3,-1.0,0.79,0.42,1.21,31,38,33,40,44,40,60%,,,,,,,,,
John Collins,Los Angeles Clippers,-0.7,-0.3,-1.1,0.41,0.39,0.80,31,37,33,41,43,40,40%,,,,,,,,,
Liam McNeeley,Charlotte Hornets,-1.0,-0.1,-1.1,0.55,0.51,1.06,29,41,32,38,48,39,53%,,,,,,,,,
Khaman Maluach,Phoenix Suns,-2.0,1.0,-1.1,0.69,0.58,1.27,19,60,32,24,65,39,64%,,,,,,,,,
Julian Phillips,Minnesota Timberwolves,-0.9,-0.2,-1.1,0.49,0.44,0.93,30,39,32,39,45,39,46%,,,,,,,,,
Sidy Cissoko,Portland Trail Blazers,-2.4,1.3,-1.1,0.36,0.29,0.65,16,65,32,21,70,39,33%,,,,,,,,,
Kobe Sanders,Los Angeles Clippers,-0.7,-0.5,-1.1,0.61,0.39,1.00,32,35,32,42,40,39,50%,,,,,,,,,
Collin Sexton,Chicago Bulls,0.7,-1.8,-1.1,0.27,0.64,0.91,45,11,32,55,13,39,46%,,,,,,,,,
Carter Bryant,San Antonio Spurs,-1.3,0.2,-1.1,0.83,0.25,1.08,26,46,32,33,53,39,54%,,,,,,,,,
Jae'Sean Tate,Houston Rockets,-1.7,0.5,-1.1,0.88,0.26,1.15,22,52,32,29,58,39,57%,,,,,,,,,
Kevin Love,Utah Jazz,-0.5,-0.7,-1.2,0.91,0.33,1.25,34,30,32,44,35,38,62%,,,,,,,,,
Matas Buzelis,Chicago Bulls,-0.6,-0.6,-1.2,0.60,0.47,1.06,33,31,31,43,37,38,53%,,,,,,,,,
Scoot Henderson,Portland Trail Blazers,-0.4,-0.8,-1.2,0.73,0.31,1.04,34,29,31,45,34,38,52%,,,,,,,,,
Jalen Slawson,Indiana Pacers,-1.5,0.3,-1.2,0.71,0.90,1.62,24,49,31,31,55,38,81%,,,,,,,,,
Bradley Beal,Los Angeles Clippers,-0.3,-0.9,-1.2,0.34,0.66,1.00,35,27,31,46,32,38,50%,,,,,,,,,
Yves Missi,New Orleans Pelicans,-0.9,-0.3,-1.2,1.43,1.05,2.48,30,37,31,39,43,38,124%,,,,,,,,,
DeMar DeRozan,Sacramento Kings,0.7,-1.9,-1.2,0.84,0.62,1.46,45,8,31,56,9,38,73%,,,,,,,,,
Quentin Grimes,Philadelphia 76ers,-0.3,-0.9,-1.2,0.35,0.82,1.17,35,26,31,46,31,38,58%,,,,,,,,,
Anfernee Simons,Chicago Bulls,0.7,-2.0,-1.2,0.32,0.37,0.69,45,7,31,56,9,38,35%,,,,,,,,,
Monte Morris,Indiana Pacers,-0.7,-0.6,-1.2,1.02,0.40,1.42,32,32,31,42,38,38,71%,,,,,,,,,
Derik Queen,New Orleans Pelicans,-0.7,-0.6,-1.3,0.91,0.86,1.77,32,32,31,41,38,37,89%,,,,,,,,,
Cameron Payne,Philadelphia 76ers,-1.4,0.1,-1.3,0.67,0.35,1.02,25,44,31,33,51,37,51%,,,,,,,,,
Jabari Walker,Philadelphia 76ers,-1.3,0.0,-1.3,0.86,0.47,1.33,26,42,31,34,49,37,66%,,,,,,,,,
Marvin Bagley III,Dallas Mavericks,-0.5,-0.8,-1.3,0.48,0.49,0.97,33,28,30,44,33,37,48%,,,,,,,,,
Luke Kennard,Los Angeles Lakers,0.2,-1.5,-1.3,1.16,0.62,1.78,40,16,30,52,18,37,89%,,,,,,,,,
Jaime Jaquez Jr.,Miami Heat,-0.4,-1.0,-1.3,0.59,0.60,1.19,35,25,30,46,29,37,59%,,,,,,,,,
Nikola Vucevic,Boston Celtics,-0.8,-0.5,-1.4,0.58,0.48,1.06,30,33,30,40,39,36,53%,,,,,,,,,
Shaedon Sharpe,Portland Trail Blazers,0.1,-1.5,-1.4,1.34,0.66,2.00,39,16,30,51,19,36,100%,,,,,,,,,
Moritz Wagner,Orlando Magic,-0.7,-0.7,-1.4,0.60,0.52,1.11,32,30,30,42,35,36,56%,,,,,,,,,
David Jones Garcia,San Antonio Spurs,-1.4,0.0,-1.4,0.71,0.35,1.06,25,43,30,32,50,36,53%,,,,,,,,,
T.J. McConnell,Indiana Pacers,-1.0,-0.4,-1.4,1.43,0.31,1.73,28,36,30,37,42,36,87%,,,,,,,,,
Royce O'Neale,Phoenix Suns,-0.9,-0.5,-1.4,0.53,0.17,0.70,30,33,30,39,39,36,35%,,,,,,,,,
Ben Sheppard,Indiana Pacers,-0.6,-0.8,-1.4,0.71,0.18,0.89,32,28,29,42,33,36,45%,,,,,,,,,
Nicolas Batum,Los Angeles Clippers,-1.5,0.1,-1.4,0.96,0.38,1.34,24,44,29,31,51,36,67%,,,,,,,,,
Jordan McLaughlin,San Antonio Spurs,-2.1,0.6,-1.4,0.50,0.84,1.34,18,54,29,24,60,36,67%,,,,,,,,,
Nikola Jovic,Miami Heat,-1.8,0.4,-1.4,0.44,0.46,0.89,21,50,29,27,56,36,45%,,,,,,,,,
Ayo Dosunmu,Minnesota Timberwolves,-0.3,-1.1,-1.4,0.65,0.48,1.13,35,22,29,46,26,36,57%,,,,,,,,,
Chris Paul,Toronto Raptors,-0.8,-0.6,-1.5,0.90,0.54,1.44,31,31,29,40,36,36,72%,,,,,,,,,
Tyler Kolek,New York Knicks,-1.8,0.4,-1.5,1.09,0.45,1.54,21,50,29,27,56,36,77%,,,,,,,,,
Taylor Hendricks,Memphis Grizzlies,-1.3,-0.1,-1.5,0.50,0.62,1.12,26,40,29,33,47,35,56%,,,,,,,,,
Mark Williams,Phoenix Suns,-1.2,-0.3,-1.5,0.80,0.71,1.51,27,37,29,36,43,35,75%,,,,,,,,,
Jay Huff,Indiana Pacers,-1.3,-0.2,-1.5,0.67,1.05,1.71,26,39,29,34,46,35,86%,,,,,,,,,
Thomas Bryant,Cleveland Cavaliers,-0.8,-0.6,-1.5,0.38,0.25,0.63,30,31,29,39,36,35,31%,,,,,,,,,
Kelly Oubre Jr.,Philadelphia 76ers,-0.4,-1.1,-1.5,0.35,0.51,0.86,35,22,29,45,26,35,43%,,,,,,,,,
DaRon Holmes II,Denver Nuggets,-1.4,-0.1,-1.5,0.81,0.34,1.15,25,40,29,33,47,35,57%,,,,,,,,,
Jamaree Bouyea,Phoenix Suns,-2.1,0.6,-1.5,0.34,0.12,0.46,18,54,29,23,60,35,23%,,,,,,,,,
Caris LeVert,Detroit Pistons,-1.5,0.0,-1.5,1.39,0.48,1.86,24,42,29,31,49,35,93%,,,,,,,,,
Bennedict Mathurin,Los Angeles Clippers,-0.3,-1.2,-1.5,0.29,0.61,0.90,35,20,29,46,24,35,45%,,,,,,,,,
Zach Collins,Chicago Bulls,-1.9,0.4,-1.5,0.51,0.55,1.06,20,49,28,26,56,35,53%,,,,,,,,,
Kyle Anderson,Minnesota Timberwolves,-3.0,1.4,-1.5,0.45,0.16,0.60,10,68,28,13,72,35,30%,,,,,,,,,
Trayce Jackson-Davis,Toronto Raptors,-1.6,0.0,-1.6,0.54,0.46,1.00,23,43,28,30,51,35,50%,,,,,,,,,
Kyshawn George,Washington Wizards,-1.6,0.1,-1.6,0.97,0.35,1.32,23,44,28,30,51,34,66%,,,,,,,,,
Cody Martin,Indiana Pacers,-2.1,0.5,-1.6,0.74,0.57,1.31,18,53,28,24,59,34,66%,,,,,,,,,
Brice Sensabaugh,Utah Jazz,0.4,-1.9,-1.6,1.13,0.17,1.30,42,8,28,53,9,34,65%,,,,,,,,,
Branden Carlson,Oklahoma City Thunder,-1.1,-0.5,-1.6,0.35,0.44,0.79,28,34,28,36,40,34,39%,,,,,,,,,
A.J. Lawson,Toronto Raptors,-1.0,-0.6,-1.6,0.81,0.66,1.46,29,31,28,38,37,34,73%,,,,,,,,,
Reed Sheppard,Houston Rockets,-1.1,-0.5,-1.6,2.48,1.12,3.60,27,35,28,36,40,34,180%,,,,,,,,,
GG Jackson,Memphis Grizzlies,-0.5,-1.1,-1.6,0.83,0.34,1.17,33,23,28,44,27,34,58%,,,,,,,,,
Ace Bailey,Utah Jazz,-0.4,-1.2,-1.6,0.47,0.64,1.11,35,21,28,45,24,34,56%,,,,,,,,,
Terance Mann,Brooklyn Nets,-0.7,-0.9,-1.6,0.81,0.23,1.04,31,27,28,41,31,34,52%,,,,,,,,,
Yanic Konan Niederhauser,Los Angeles Clippers,-1.8,0.2,-1.6,0.47,0.42,0.89,21,46,28,28,53,34,44%,,,,,,,,,
Jordan Miller,Los Angeles Clippers,-0.8,-0.9,-1.6,0.78,0.36,1.13,31,27,28,40,32,34,57%,,,,,,,,,
Jase Richardson,Orlando Magic,-0.9,-0.7,-1.6,0.48,0.26,0.74,30,30,28,39,35,34,37%,,,,,,,,,
Tristen Newton,Houston Rockets,-1.3,-0.3,-1.7,1.11,0.40,1.50,26,37,28,33,43,33,75%,,,,,,,,,
Daeqwon Plowden,Sacramento Kings,-0.9,-0.8,-1.7,0.38,0.79,1.17,30,29,27,39,34,33,58%,,,,,,,,,
Yuki Kawamura,Chicago Bulls,-1.2,-0.5,-1.7,0.51,0.36,0.87,27,34,27,35,40,33,44%,,,,,,,,,
Tony Bradley,Atlanta Hawks,-1.6,-0.1,-1.7,0.96,0.33,1.29,23,40,27,31,47,33,64%,,,,,,,,,
Tolu Smith,Detroit Pistons,-1.7,-0.1,-1.7,0.71,0.28,0.99,22,42,27,29,49,33,49%,,,,,,,,,
Spencer Jones,Denver Nuggets,-2.1,0.3,-1.7,0.34,0.48,0.82,18,49,27,24,55,33,41%,,,,,,,,,
Jonas Valanciunas,Denver Nuggets,-0.8,-1.0,-1.8,0.78,0.53,1.31,31,25,27,40,29,33,65%,,,,,,,,,
Lindy Waters III,San Antonio Spurs,-1.6,-0.2,-1.8,0.34,0.56,0.90,23,39,26,30,46,32,45%,,,,,,,,,
Blake Hinson,Utah Jazz,-1.1,-0.7,-1.8,0.85,0.60,1.46,28,30,26,36,35,32,73%,,,,,,,,,
Mason Plumlee,San Antonio Spurs,-1.9,0.1,-1.8,0.94,0.91,1.85,20,45,26,26,52,32,92%,,,,,,,,,
Curtis Jones,Denver Nuggets,-1.4,-0.4,-1.8,0.78,0.13,0.91,25,36,26,32,42,32,46%,,,,,,,,,
Harrison Ingram,San Antonio Spurs,-1.7,-0.1,-1.8,0.85,0.55,1.40,22,40,26,29,47,32,70%,,,,,,,,,
Marcus Sasser,Detroit Pistons,-1.8,0.0,-1.8,1.62,0.43,2.05,21,42,26,28,49,32,103%,,,,,,,,,
Ziaire Williams,Brooklyn Nets,-2.3,0.5,-1.8,0.82,0.31,1.13,16,51,26,21,57,32,57%,,,,,,,,,
Patrick Baldwin Jr.,Sacramento Kings,-2.0,0.1,-1.8,0.54,0.56,1.10,19,45,26,25,52,32,55%,,,,,,,,,
Tyus Jones,Denver Nuggets,-0.6,-1.2,-1.8,0.71,0.40,1.11,33,20,26,43,24,32,56%,,,,,,,,,
Noa Essengue,Chicago Bulls,-1.7,-0.1,-1.8,0.84,0.60,1.44,22,41,26,28,48,32,72%,,,,,,,,,
Cormac Ryan,Milwaukee Bucks,-1.2,-0.7,-1.8,0.87,0.38,1.25,27,31,26,35,36,32,62%,,,,,,,,,
Buddy Hield,Atlanta Hawks,-0.7,-1.2,-1.8,0.19,0.37,0.56,32,22,26,42,25,32,28%,,,,,,,,,
Kadary Richmond,Washington Wizards,-2.1,0.2,-1.8,0.99,0.51,1.50,18,47,26,24,54,32,75%,,,,,,,,,
Riley Minix,Cleveland Cavaliers,-1.3,-0.5,-1.9,0.73,0.39,1.12,26,33,26,34,38,32,56%,,,,,,,,,
Christian Koloko,Atlanta Hawks,-2.8,0.9,-1.9,1.06,0.47,1.52,12,60,26,15,65,32,76%,,,,,,,,,
Precious Achiuwa,Sacramento Kings,-1.8,0.0,-1.9,0.85,0.14,0.99,21,42,26,27,49,31,49%,,,,,,,,,
Colby Jones,Detroit Pistons,-2.0,0.1,-1.9,0.20,0.30,0.49,19,45,26,25,52,31,25%,,,,,,,,,
Jared McCain,Oklahoma City Thunder,-0.9,-0.9,-1.9,0.78,0.68,1.45,29,26,26,38,30,31,73%,,,,,,,,,
Cam Whitmore,Washington Wizards,-0.8,-1.1,-1.9,0.36,0.48,0.84,31,22,26,40,26,31,42%,,,,,,,,,
Chris Manon,Los Angeles Lakers,-2.0,0.1,-1.9,0.91,0.83,1.73,20,44,26,26,51,31,87%,,,,,,,,,
Zaccharie Risacher,Atlanta Hawks,-1.2,-0.7,-1.9,0.61,0.32,0.92,27,30,26,35,36,31,46%,,,,,,,,,
Dillon Jones,New York Knicks,-2.0,0.1,-1.9,0.54,0.31,0.85,19,44,26,25,51,31,42%,,,,,,,,,
Justin Edwards,Philadelphia 76ers,-0.5,-1.4,-1.9,0.63,0.53,1.16,34,17,26,44,20,31,58%,,,,,,,,,
Tyler Smith,Dallas Mavericks,-1.4,-0.5,-1.9,0.73,0.56,1.29,25,34,25,32,40,31,64%,,,,,,,,,
Pat Connaughton,Charlotte Hornets,-1.7,-0.2,-1.9,0.99,0.54,1.53,22,39,25,28,46,31,76%,,,,,,,,,
Mohamed Diawara,New York Knicks,-2.0,0.1,-1.9,0.73,0.66,1.39,19,44,25,25,51,31,69%,,,,,,,,,
Micah Potter,Indiana Pacers,-1.2,-0.8,-1.9,1.14,0.32,1.46,27,29,25,35,34,31,73%,,,,,,,,,
Olivier-Maxence Prosper,Memphis Grizzlies,-1.5,-0.4,-1.9,1.70,0.37,2.07,23,36,25,31,42,31,103%,,,,,,,,,
Xavier Tillman,Charlotte Hornets,-3.0,1.0,-2.0,0.50,0.73,1.22,10,61,25,13,66,30,61%,,,,,,,,,
Bobi Klintman,Detroit Pistons,-1.9,0.0,-2.0,0.85,0.44,1.28,20,42,25,26,50,30,64%,,,,,,,,,
Danny Wolf,Brooklyn Nets,-2.6,0.6,-2.0,0.85,0.46,1.31,14,53,25,18,59,30,66%,,,,,,,,,
Alex Antetokounmpo,Milwaukee Bucks,-1.8,-0.2,-2.0,1.10,0.52,1.63,21,39,25,28,46,30,81%,,,,,,,,,
Enrique Freeman,Minnesota Timberwolves,-1.6,-0.4,-2.0,0.83,0.39,1.22,23,36,25,30,42,30,61%,,,,,,,,,
Guerschon Yabusele,Chicago Bulls,-0.8,-1.2,-2.0,0.34,0.57,0.91,31,21,25,40,24,30,46%,,,,,,,,,
Jerami Grant,Portland Trail Blazers,-0.6,-1.4,-2.0,0.71,0.53,1.23,32,17,25,42,20,30,62%,,,,,,,,,
Andre Drummond,Philadelphia 76ers,-2.4,0.4,-2.0,0.79,0.55,1.33,15,49,25,20,56,30,67%,,,,,,,,,
Kelly Olynyk,San Antonio Spurs,-1.5,-0.5,-2.0,1.48,0.47,1.95,24,33,25,31,39,30,98%,,,,,,,,,
Trentyn Flowers,Chicago Bulls,-1.9,-0.1,-2.0,0.61,0.51,1.12,20,41,24,26,48,30,56%,,,,,,,,,
Jalen Green,Phoenix Suns,-0.5,-1.5,-2.0,1.88,0.90,2.79,33,15,24,43,18,30,139%,,,,,,,,,
Garrison Mathews,Indiana Pacers,-1.5,-0.5,-2.0,0.62,0.41,1.03,24,33,24,31,38,30,52%,,,,,,,,,
Terrence Shannon Jr.,Minnesota Timberwolves,-0.5,-1.5,-2.0,0.84,0.38,1.21,33,15,24,44,18,30,61%,,,,,,,,,
Mac McClung,Chicago Bulls,-1.4,-0.7,-2.1,1.06,0.63,1.69,25,30,24,33,36,30,85%,,,,,,,,,
N'Faly Dante,Atlanta Hawks,-2.0,-0.1,-2.1,0.91,0.40,1.31,19,42,24,25,49,29,66%,,,,,,,,,
Cam Christie,Los Angeles Clippers,-2.6,0.5,-2.1,0.35,0.49,0.84,14,52,24,18,58,29,42%,,,,,,,,,
Chucky Hepburn,Toronto Raptors,-1.8,-0.2,-2.1,0.87,0.47,1.34,21,38,24,27,45,29,67%,,,,,,,,,
Tim Hardaway Jr.,Denver Nuggets,0.0,-2.0,-2.1,0.59,0.48,1.07,38,6,24,49,7,29,54%,,,,,,,,,
Pete Nance,Milwaukee Bucks,-1.6,-0.5,-2.1,0.56,0.60,1.16,23,34,24,30,40,29,58%,,,,,,,,,
Isaiah Crawford,Houston Rockets,-2.0,-0.1,-2.1,0.65,0.58,1.22,19,42,24,25,49,29,61%,,,,,,,,,
RayJ Dennis,Atlanta Hawks,-1.8,-0.3,-2.1,0.97,0.20,1.17,21,38,24,27,45,29,58%,,,,,,,,,
Koby Brea,Phoenix Suns,-1.3,-0.8,-2.1,1.01,0.62,1.63,26,28,24,34,33,29,81%,,,,,,,,,
Tristan Enaruna,Cleveland Cavaliers,-1.9,-0.2,-2.1,0.94,0.44,1.38,20,39,24,26,46,29,69%,,,,,,,,,
JD Davison,Houston Rockets,-2.1,0.0,-2.1,0.31,0.52,0.83,18,42,24,24,50,29,42%,,,,,,,,,
Chaney Johnson,Brooklyn Nets,-2.2,0.0,-2.1,0.52,0.42,0.95,18,43,24,23,50,29,47%,,,,,,,,,
Bryce McGowens,New Orleans Pelicans,-1.2,-0.9,-2.1,0.59,0.28,0.87,27,26,24,35,30,29,43%,,,,,,,,,
E.J. Liddell,Brooklyn Nets,-1.6,-0.5,-2.1,0.42,0.66,1.08,23,33,24,30,39,29,54%,,,,,,,,,
Mark Sears,Milwaukee Bucks,-1.5,-0.7,-2.1,0.84,0.50,1.35,24,31,24,32,36,29,67%,,,,,,,,,
Dennis Schroder,Cleveland Cavaliers,-1.1,-1.1,-2.1,0.33,0.40,0.73,28,23,24,37,27,29,37%,,,,,,,,,
Andre Jackson Jr.,Milwaukee Bucks,-2.5,0.4,-2.1,0.32,0.64,0.95,14,49,24,18,56,29,48%,,,,,,,,,
Larry Nance Jr.,Cleveland Cavaliers,-2.9,0.7,-2.1,0.83,0.53,1.36,11,56,24,14,62,29,68%,,,,,,,,,
John Poulakidas,Dallas Mavericks,-1.7,-0.5,-2.2,0.78,0.16,0.94,22,34,23,29,40,29,47%,,,,,,,,,
Rocco Zikarsky,Minnesota Timberwolves,-2.1,-0.1,-2.2,1.03,0.55,1.59,19,41,23,24,48,28,79%,,,,,,,,,
Wendell Moore Jr.,Detroit Pistons,-2.2,0.0,-2.2,0.62,0.33,0.96,17,43,23,23,50,28,48%,,,,,,,,,
Charles Bassey,Golden State Warriors,-1.6,-0.6,-2.2,0.74,0.78,1.52,23,31,23,31,37,28,76%,,,,,,,,,
Tristan Vukcevic,Washington Wizards,-1.5,-0.7,-2.2,1.37,0.66,2.03,24,31,23,31,36,28,101%,,,,,,,,,
Jett Howard,Orlando Magic,-0.8,-1.4,-2.2,0.78,0.42,1.20,31,18,23,40,21,28,60%,,,,,,,,,
Deandre Ayton,Los Angeles Lakers,-2.1,-0.1,-2.2,0.75,0.73,1.49,18,41,23,24,48,28,74%,,,,,,,,,
Alondes Williams,Washington Wizards,-1.9,-0.3,-2.2,0.68,0.53,1.21,20,37,23,27,43,28,60%,,,,,,,,,
Jordan Clarkson,New York Knicks,-0.3,-1.9,-2.2,0.95,0.57,1.52,35,9,23,46,11,28,76%,,,,,,,,,
Gabe Vincent,Atlanta Hawks,-1.4,-0.8,-2.2,0.60,0.27,0.87,25,29,23,32,33,28,43%,,,,,,,,,
Cole Anthony,Phoenix Suns,-1.8,-0.4,-2.2,0.26,0.49,0.75,21,36,23,27,42,28,38%,,,,,,,,,
Adou Thiero,Los Angeles Lakers,-1.9,-0.3,-2.2,0.71,0.46,1.17,20,37,23,26,44,28,59%,,,,,,,,,
Tyrese Martin,Philadelphia 76ers,-1.9,-0.4,-2.2,0.46,0.80,1.26,20,36,23,27,43,28,63%,,,,,,,,,
Vit Krejci,Portland Trail Blazers,-2.0,-0.2,-2.2,1.27,0.24,1.51,19,39,23,25,46,28,75%,,,,,,,,,
Josh Oduro,New Orleans Pelicans,-1.8,-0.4,-2.2,1.43,0.52,1.95,21,35,23,28,41,28,97%,,,,,,,,,
Peyton Watson,Denver Nuggets,-1.4,-0.8,-2.3,1.47,0.86,2.33,25,28,23,32,33,28,116%,,,,,,,,,
Seth Curry,Golden State Warriors,-1.2,-1.1,-2.3,0.42,0.18,0.60,27,23,23,35,27,28,30%,,,,,,,,,
Antonio Reeves,Charlotte Hornets,-1.4,-0.8,-2.3,0.91,0.29,1.20,25,28,23,32,32,28,60%,,,,,,,,,
Alijah Martin,Toronto Raptors,-2.1,-0.2,-2.3,0.71,0.41,1.12,18,40,23,24,47,27,56%,,,,,,,,,
Drew Peterson,Charlotte Hornets,-1.9,-0.4,-2.3,0.62,0.27,0.89,20,36,22,26,42,27,44%,,,,,,,,,
Taurean Prince,Milwaukee Bucks,-1.2,-1.1,-2.3,0.73,0.30,1.03,27,23,22,35,27,27,52%,,,,,,,,,
Jonathan Mogbo,Toronto Raptors,-2.7,0.4,-2.3,0.94,0.62,1.56,13,50,22,16,56,27,78%,,,,,,,,,
Grant Nelson,Brooklyn Nets,-2.3,0.0,-2.3,1.18,0.74,1.92,16,43,22,21,50,27,96%,,,,,,,,,
Trey Alexander,New Orleans Pelicans,-1.8,-0.5,-2.3,0.67,0.33,1.00,21,34,22,27,40,27,50%,,,,,,,,,
Olivier Sarr,Cleveland Cavaliers,-2.3,-0.1,-2.3,0.97,0.59,1.56,17,41,22,22,48,27,78%,,,,,,,,,
DaQuan Jeffries,Sacramento Kings,-1.4,-0.9,-2.3,0.63,0.30,0.93,25,26,22,32,31,27,46%,,,,,,,,,
Colin Castleton,Orlando Magic,-2.0,-0.3,-2.4,1.03,0.24,1.27,19,36,22,25,43,27,64%,,,,,,,,,
Tosan Evbuomwan,Charlotte Hornets,-2.1,-0.3,-2.4,0.41,0.42,0.83,18,38,22,24,45,27,42%,,,,,,,,,
Malevy Leons,Golden State Warriors,-1.9,-0.4,-2.4,0.63,0.69,1.32,20,35,22,26,41,27,66%,,,,,,,,,
Jalen Pickett,Denver Nuggets,-1.9,-0.5,-2.4,0.96,0.76,1.72,20,34,22,27,40,27,86%,,,,,,,,,
Ryan Nembhard,Dallas Mavericks,-1.9,-0.5,-2.4,1.36,0.63,1.99,20,34,22,26,40,26,100%,,,,,,,,,
PJ Hall,Charlotte Hornets,-2.2,-0.2,-2.4,0.44,0.20,0.65,17,39,22,23,46,26,32%,,,,,,,,,
Trevor Keels,Miami Heat,-1.9,-0.5,-2.4,0.77,0.35,1.12,20,34,22,26,40,26,56%,,,,,,,,,
CJ Huntley,Phoenix Suns,-2.2,-0.2,-2.4,1.18,0.51,1.70,18,39,22,23,45,26,85%,,,,,,,,,
Luke Travers,Cleveland Cavaliers,-2.0,-0.4,-2.4,0.66,0.36,1.02,19,35,22,25,41,26,51%,,,,,,,,,
Joe Ingles,Minnesota Timberwolves,-1.9,-0.5,-2.4,1.80,0.59,2.39,20,34,22,26,40,26,119%,,,,,,,,,
Pacome Dadiet,New York Knicks,-2.1,-0.3,-2.4,0.54,0.48,1.03,19,37,21,24,43,26,51%,,,,,,,,,
Jahmyl Telfort,Los Angeles Clippers,-2.1,-0.3,-2.4,0.93,0.37,1.31,18,37,21,24,43,26,65%,,,,,,,,,
Chris Livingston,Cleveland Cavaliers,-2.2,-0.2,-2.4,0.35,0.25,0.60,17,39,21,23,45,26,30%,,,,,,,,,
Klay Thompson,Dallas Mavericks,-1.0,-1.4,-2.4,0.35,0.82,1.16,29,17,21,37,19,26,58%,,,,,,,,,
Isaiah Stewart,Detroit Pistons,-2.8,0.3,-2.4,0.77,0.46,1.23,12,49,21,15,55,26,61%,,,,,,,,,
TyTy Washington Jr.,Los Angeles Clippers,-2.3,-0.1,-2.5,0.42,0.54,0.96,16,40,21,21,47,26,48%,,,,,,,,,
Caleb Houstan,Atlanta Hawks,-1.8,-0.6,-2.5,1.04,0.43,1.47,21,32,21,27,37,26,73%,,,,,,,,,
Lawson Lovering,Memphis Grizzlies,-2.5,0.1,-2.5,1.37,0.55,1.92,14,44,21,18,51,25,96%,,,,,,,,,
Orlando Robinson,Orlando Magic,-2.0,-0.5,-2.5,0.76,0.26,1.02,20,33,21,26,39,25,51%,,,,,,,,,
Dario Saric,Detroit Pistons,-2.4,-0.1,-2.5,0.64,0.46,1.09,15,41,21,20,48,25,55%,,,,,,,,,
Jayson Kent,Portland Trail Blazers,-2.3,-0.2,-2.5,0.86,0.50,1.37,16,40,21,21,47,25,68%,,,,,,,,,
Max Christie,Dallas Mavericks,-1.8,-0.7,-2.5,1.36,0.26,1.62,21,30,21,27,36,25,81%,,,,,,,,,
Emanuel Miller,San Antonio Spurs,-2.0,-0.5,-2.5,0.69,0.39,1.07,20,33,21,26,39,25,54%,,,,,,,,,
Bez Mbeng,Utah Jazz,-2.3,-0.2,-2.5,0.64,0.68,1.32,16,39,21,21,46,25,66%,,,,,,,,,
Darius Brown,Cleveland Cavaliers,-2.0,-0.5,-2.5,0.95,0.54,1.49,19,34,21,25,40,25,75%,,,,,,,,,
Isaiah Stevens,Sacramento Kings,-2.1,-0.4,-2.5,0.97,0.50,1.47,18,35,21,24,41,25,73%,,,,,,,,,
Chris Youngblood,Portland Trail Blazers,-1.9,-0.6,-2.5,0.63,0.41,1.05,20,31,21,26,37,25,52%,,,,,,,,,
LJ Cryer,Golden State Warriors,-1.8,-0.7,-2.5,0.70,0.64,1.34,21,30,21,27,35,25,67%,,,,,,,,,
Buddy Boeheim,Oklahoma City Thunder,-1.7,-0.8,-2.5,0.80,0.44,1.24,22,28,21,29,32,25,62%,,,,,,,,,
Andersson Garcia,Utah Jazz,-2.5,0.0,-2.5,0.88,0.45,1.33,14,43,21,18,50,25,67%,,,,,,,,,
Keyonte George,Utah Jazz,0.2,-2.7,-2.5,1.89,0.24,2.13,40,-7,20,52,-8,25,107%,,,,,,,,,
Jahmir Young,Miami Heat,-1.6,-0.9,-2.5,0.75,0.51,1.26,23,26,20,30,30,25,63%,,,,,,,,,
Bilal Coulibaly,Washington Wizards,-2.2,-0.4,-2.5,1.22,0.73,1.94,17,36,20,23,42,25,97%,,,,,,,,,
Caleb Martin,Dallas Mavericks,-3.3,0.8,-2.5,0.37,0.17,0.54,7,57,20,9,62,25,27%,,,,,,,,,
Miles Kelly,Dallas Mavericks,-2.1,-0.4,-2.5,0.81,0.29,1.10,18,35,20,24,41,25,55%,,,,,,,,,
Zach LaVine,Sacramento Kings,-0.1,-2.5,-2.5,1.01,0.46,1.47,37,-2,20,49,-2,25,74%,,,,,,,,,
Keaton Wallace,Atlanta Hawks,-2.7,0.1,-2.6,0.53,0.35,0.88,13,45,20,17,52,25,44%,,,,,,,,,
KJ Simpson,Denver Nuggets,-2.2,-0.4,-2.6,0.60,0.21,0.81,18,35,20,23,41,25,40%,,,,,,,,,
Hayden Gray,Utah Jazz,-2.2,-0.4,-2.6,1.19,0.49,1.68,17,36,20,23,42,25,84%,,,,,,,,,
Sean Pedulla,Los Angeles Clippers,-1.9,-0.6,-2.6,0.85,0.66,1.51,20,32,20,26,37,24,76%,,,,,,,,,
Nic Claxton,Brooklyn Nets,-2.3,-0.3,-2.6,0.68,0.81,1.48,17,37,20,22,44,24,74%,,,,,,,,,
Kennedy Chandler,Utah Jazz,-1.5,-1.0,-2.6,0.58,0.27,0.85,23,24,20,31,28,24,43%,,,,,,,,,
Vladislav Goldin,Miami Heat,-2.2,-0.4,-2.6,1.09,0.39,1.49,17,36,20,22,42,24,74%,,,,,,,,,
Nikola Topic,Oklahoma City Thunder,-2.0,-0.6,-2.6,1.09,0.43,1.52,20,31,20,26,37,24,76%,,,,,,,,,
Johni Broome,Philadelphia 76ers,-2.4,-0.2,-2.6,0.87,0.45,1.32,16,39,20,20,46,24,66%,,,,,,,,,
Alex Morales,Orlando Magic,-2.4,-0.2,-2.6,0.97,0.66,1.63,16,38,20,20,45,24,81%,,,,,,,,,
Duop Reath,Atlanta Hawks,-1.9,-0.7,-2.6,0.45,0.50,0.95,20,29,20,27,34,24,48%,,,,,,,,,
Julian Strawther,Denver Nuggets,-1.7,-1.0,-2.6,1.30,0.35,1.65,22,25,20,29,30,24,83%,,,,,,,,,
Kyle Lowry,Philadelphia 76ers,-3.0,0.3,-2.6,1.45,0.68,2.13,10,49,20,13,55,24,106%,,,,,,,,,
Malachi Smith,Brooklyn Nets,-2.1,-0.5,-2.6,0.71,0.42,1.13,18,33,20,24,38,24,56%,,,,,,,,,
Corey Kispert,Atlanta Hawks,-0.7,-1.9,-2.6,0.44,0.48,0.92,32,8,20,41,10,24,46%,,,,,,,,,
John Tonje,Boston Celtics,-2.3,-0.3,-2.6,0.83,0.40,1.23,16,37,20,21,43,24,61%,,,,,,,,,
Taelon Peter,Indiana Pacers,-2.3,-0.4,-2.6,0.65,0.19,0.83,17,36,20,22,42,24,42%,,,,,,,,,
Maxi Kleber,Los Angeles Lakers,-3.0,0.3,-2.6,0.66,0.57,1.23,10,49,20,13,55,24,62%,,,,,,,,,
Jacob Toppin,Atlanta Hawks,-2.3,-0.3,-2.6,0.56,0.45,1.01,16,37,19,21,43,24,50%,,,,,,,,,
Keshon Gilbert,Atlanta Hawks,-2.4,-0.2,-2.6,1.07,0.78,1.84,15,39,19,19,46,24,92%,,,,,,,,,
Hunter Sallis,Philadelphia 76ers,-2.2,-0.5,-2.7,0.92,0.38,1.30,17,34,19,23,40,24,65%,,,,,,,,,
Ariel Hukporti,New York Knicks,-3.4,0.7,-2.7,0.54,0.43,0.97,6,56,19,8,61,24,49%,,,,,,,,,
MarJon Beauchamp,Philadelphia 76ers,-2.2,-0.5,-2.7,0.61,0.48,1.09,17,34,19,22,40,23,55%,,,,,,,,,
Jarace Walker,Indiana Pacers,-2.0,-0.7,-2.7,0.80,0.36,1.16,19,30,19,25,35,23,58%,,,,,,,,,
Payton Sandfort,Oklahoma City Thunder,-2.0,-0.7,-2.7,0.98,0.45,1.43,19,30,19,25,35,23,71%,,,,,,,,,
Jalen Wilson,Brooklyn Nets,-1.9,-0.9,-2.7,0.47,0.60,1.07,20,27,19,27,32,23,54%,,,,,,,,,
Bobby Portis,Milwaukee Bucks,-1.1,-1.6,-2.7,1.07,0.30,1.37,28,13,19,37,15,23,68%,,,,,,,,,
Kevin McCullar Jr.,New York Knicks,-2.5,-0.3,-2.7,0.50,0.30,0.81,15,38,19,19,45,23,40%,,,,,,,,,
Cam Thomas,Milwaukee Bucks,0.6,-3.3,-2.7,0.67,0.56,1.23,44,-17,19,54,-20,23,61%,,,,,,,,,
Jaden Hardy,Washington Wizards,-1.0,-1.7,-2.8,0.80,0.60,1.40,28,12,18,37,13,22,70%,,,,,,,,,
Bruce Brown,Denver Nuggets,-1.8,-0.9,-2.8,0.94,0.40,1.34,21,26,18,27,30,22,67%,,,,,,,,,
Gary Harris,Milwaukee Bucks,-3.0,0.2,-2.8,0.77,0.30,1.07,10,47,18,13,53,22,53%,,,,,,,,,
Norchad Omier,Los Angeles Clippers,-2.2,-0.6,-2.8,0.92,0.49,1.41,17,32,18,23,38,22,70%,,,,,,,,,
Jamison Battle,Toronto Raptors,-1.8,-1.0,-2.8,0.75,0.36,1.11,21,25,18,28,29,22,55%,,,,,,,,,
Max Shulga,Boston Celtics,-2.5,-0.2,-2.8,0.94,0.46,1.40,14,38,18,18,45,22,70%,,,,,,,,,
Hunter Dickinson,New Orleans Pelicans,-2.2,-0.5,-2.8,1.05,0.50,1.56,17,33,18,22,38,22,78%,,,,,,,,,
Zyon Pullin,Minnesota Timberwolves,-1.9,-0.9,-2.8,0.70,0.31,1.01,20,27,18,26,31,22,51%,,,,,,,,,
Johnny Juzang,Minnesota Timberwolves,-1.8,-1.0,-2.8,1.44,0.44,1.88,21,24,18,28,28,22,94%,,,,,,,,,
Tre Johnson,Washington Wizards,-1.6,-1.2,-2.8,1.26,0.58,1.83,23,22,18,29,25,22,92%,,,,,,,,,
Jeremiah Robinson-Earl,Dallas Mavericks,-1.5,-1.4,-2.8,0.64,0.58,1.22,24,18,18,32,21,22,61%,,,,,,,,,
Javonte Cooke,Portland Trail Blazers,-2.6,-0.3,-2.8,1.02,0.40,1.42,14,38,18,18,45,22,71%,,,,,,,,,
Julian Reese,Washington Wizards,-2.3,-0.5,-2.8,0.82,0.71,1.53,16,33,18,21,39,22,77%,,,,,,,,,
Ochai Agbaji,Brooklyn Nets,-2.3,-0.5,-2.8,0.32,0.50,0.82,16,34,18,21,39,22,41%,,,,,,,,,
Nate Williams,Golden State Warriors,-1.4,-1.4,-2.9,0.49,0.32,0.81,25,17,18,32,20,21,40%,,,,,,,,,
Trevon Scott,Brooklyn Nets,-2.3,-0.5,-2.9,0.72,0.74,1.46,16,33,18,21,39,21,73%,,,,,,,,,
Jeremy Sochan,New York Knicks,-2.4,-0.5,-2.9,0.76,0.49,1.25,16,33,17,20,39,21,62%,,,,,,,,,
Leaky Black,Washington Wizards,-2.5,-0.4,-2.9,0.41,1.06,1.48,15,35,17,19,41,21,74%,,,,,,,,,
Gradey Dick,Toronto Raptors,-2.1,-0.8,-2.9,0.79,0.93,1.72,18,28,17,24,33,21,86%,,,,,,,,,
Sharife Cooper,Washington Wizards,-1.5,-1.4,-2.9,0.78,0.44,1.22,24,17,17,31,20,21,61%,,,,,,,,,
Walter Clayton Jr.,Memphis Grizzlies,-1.5,-1.5,-2.9,0.77,0.43,1.20,24,16,17,32,19,21,60%,,,,,,,,,
Nolan Traore,Brooklyn Nets,-2.0,-1.0,-3.0,0.47,0.27,0.74,20,25,17,26,29,21,37%,,,,,,,,,
Skal Labissiere,Washington Wizards,-2.6,-0.4,-3.0,0.76,0.49,1.26,13,36,17,17,43,21,63%,,,,,,,,,
Russell Westbrook,Sacramento Kings,-1.0,-1.9,-3.0,0.64,0.34,0.98,29,8,17,37,9,21,49%,,,,,,,,,
Omer Yurtseven,Golden State Warriors,-2.6,-0.4,-3.0,0.56,0.54,1.10,13,36,17,17,43,21,55%,,,,,,,,,
Dalano Banton,Boston Celtics,-2.5,-0.5,-3.0,0.75,0.42,1.17,14,34,17,19,40,20,59%,,,,,,,,,
Maxime Raynaud,Sacramento Kings,-1.8,-1.2,-3.0,0.71,0.71,1.43,21,21,17,27,25,20,71%,,,,,,,,,
Chaz Lanier,Detroit Pistons,-2.1,-0.9,-3.0,0.49,0.62,1.11,18,27,17,24,32,20,55%,,,,,,,,,
Ousmane Dieng,Milwaukee Bucks,-2.3,-0.7,-3.0,0.58,0.70,1.29,16,31,17,21,36,20,64%,,,,,,,,,
Kobe Brown,Indiana Pacers,-1.7,-1.3,-3.0,0.87,0.72,1.59,22,19,16,29,22,20,79%,,,,,,,,,
Noah Clowney,Brooklyn Nets,-2.3,-0.8,-3.0,1.60,0.25,1.85,17,29,16,22,34,20,92%,,,,,,,,,
Pat Spencer,Golden State Warriors,-2.0,-1.0,-3.0,0.92,0.46,1.38,19,24,16,25,28,20,69%,,,,,,,,,
Eric Gordon,Memphis Grizzlies,-1.6,-1.4,-3.1,0.52,0.57,1.09,23,17,16,30,20,19,55%,,,,,,,,,
Gary Trent Jr.,Milwaukee Bucks,-0.9,-2.1,-3.1,0.37,0.30,0.67,29,4,16,38,5,19,34%,,,,,,,,,
Markelle Fultz,Toronto Raptors,-2.8,-0.3,-3.1,0.60,0.55,1.16,11,38,16,15,44,19,58%,,,,,,,,,
Drew Timme,Los Angeles Lakers,-2.1,-1.0,-3.1,0.25,0.29,0.54,18,25,16,24,29,19,27%,,,,,,,,,
Tidjane Salaun,Charlotte Hornets,-2.9,-0.2,-3.1,1.20,0.18,1.38,11,39,16,14,45,19,69%,,,,,,,,,
Jahmai Mashack,Memphis Grizzlies,-2.6,-0.5,-3.1,0.51,1.00,1.52,13,33,15,18,39,19,76%,,,,,,,,,
Yang Hansen,Portland Trail Blazers,-2.9,-0.2,-3.1,0.43,0.32,0.75,10,39,15,13,46,19,37%,,,,,,,,,
DeJon Jarreau,Memphis Grizzlies,-2.7,-0.5,-3.2,0.56,0.49,1.05,12,34,15,16,40,18,52%,,,,,,,,,
Caleb Love,Portland Trail Blazers,-1.6,-1.6,-3.2,0.55,0.59,1.14,23,14,15,30,17,18,57%,,,,,,,,,
Hunter Tyson,Brooklyn Nets,-2.8,-0.4,-3.2,0.60,0.79,1.39,12,35,15,15,41,18,70%,,,,,,,,,
Isaac Jones,Detroit Pistons,-2.5,-0.7,-3.2,0.45,0.63,1.08,15,29,15,19,35,18,54%,,,,,,,,,
Rob Dillingham,Chicago Bulls,-2.2,-1.0,-3.2,0.96,0.51,1.47,17,25,15,22,29,18,73%,,,,,,,,,
Amir Coffey,Phoenix Suns,-2.3,-0.9,-3.2,1.14,0.57,1.71,16,27,15,21,31,18,85%,,,,,,,,,
Anthony Gill,Washington Wizards,-2.5,-0.7,-3.2,0.55,0.73,1.28,14,29,15,19,35,18,64%,,,,,,,,,
Blake Wesley,Portland Trail Blazers,-2.8,-0.4,-3.2,0.54,0.22,0.75,11,35,15,15,41,18,38%,,,,,,,,,
Mouhamadou Gueye,Chicago Bulls,-2.9,-0.3,-3.3,0.97,0.74,1.71,10,37,14,13,43,17,86%,,,,,,,,,
Will Riley,Washington Wizards,-1.5,-1.8,-3.3,1.07,0.42,1.49,24,10,14,32,12,17,74%,,,,,,,,,
Drew Eubanks,Sacramento Kings,-2.7,-0.5,-3.3,0.54,0.61,1.15,12,33,14,16,39,17,58%,,,,,,,,,
Kam Jones,Indiana Pacers,-2.3,-1.0,-3.3,0.26,0.33,0.59,16,25,14,21,29,17,30%,,,,,,,,,
Stanley Umude,San Antonio Spurs,-2.8,-0.5,-3.3,0.46,0.37,0.83,11,34,14,15,40,17,41%,,,,,,,,,
Jordan Poole,New Orleans Pelicans,-1.3,-2.0,-3.3,1.09,0.38,1.46,26,6,14,34,7,17,73%,,,,,,,,,
Amari Williams,Boston Celtics,-3.3,-0.1,-3.3,0.67,0.40,1.07,7,42,14,9,49,17,54%,,,,,,,,,
Dariq Whitehead,Memphis Grizzlies,-2.0,-1.4,-3.4,0.27,0.22,0.50,19,18,14,25,21,16,25%,,,,,,,,,
Alex Sarr,Washington Wizards,-3.0,-0.4,-3.4,1.69,0.59,2.27,10,35,13,13,41,16,114%,,,,,,,,,
Killian Hayes,Sacramento Kings,-3.3,-0.1,-3.4,0.80,0.22,1.02,7,40,13,9,47,16,51%,,,,,,,,,
Bronny James,Los Angeles Lakers,-2.9,-0.5,-3.4,0.70,0.36,1.06,10,34,13,14,39,16,53%,,,,,,,,,
David Roddy,Denver Nuggets,-2.3,-1.1,-3.4,0.76,0.41,1.17,16,22,13,21,26,16,59%,,,,,,,,,
Trendon Watford,Philadelphia 76ers,-2.7,-0.7,-3.4,0.40,0.51,0.91,13,29,13,17,34,16,46%,,,,,,,,,
Brooks Barnhizer,Oklahoma City Thunder,-3.0,-0.4,-3.5,0.66,0.43,1.09,9,35,13,12,41,15,55%,,,,,,,,,
Thanasis Antetokounmpo,Milwaukee Bucks,-3.7,0.2,-3.5,0.48,0.73,1.21,3,47,13,4,53,15,60%,,,,,,,,,
Isaiah Livers,Phoenix Suns,-2.8,-0.7,-3.5,0.37,0.50,0.88,12,29,13,16,34,15,44%,,,,,,,,,
Jaden Ivey,Chicago Bulls,-2.4,-1.1,-3.5,1.54,0.41,1.95,16,22,12,20,26,15,98%,,,,,,,,,
Kobe Bufkin,Los Angeles Lakers,-2.8,-0.7,-3.5,0.43,0.18,0.61,11,31,12,14,36,15,30%,,,,,,,,,
AJ Johnson,Dallas Mavericks,-2.5,-1.1,-3.5,0.56,0.58,1.14,15,23,12,19,27,15,57%,,,,,,,,,
Dalton Knecht,Los Angeles Lakers,-1.5,-2.0,-3.5,1.12,0.53,1.65,24,7,12,31,8,15,83%,,,,,,,,,
Lucas Williamson,Memphis Grizzlies,-2.4,-1.1,-3.5,0.66,0.45,1.10,15,22,12,20,26,15,55%,,,,,,,,,
Tyson Etienne,Brooklyn Nets,-1.9,-1.7,-3.6,0.86,0.35,1.21,20,13,12,26,15,14,60%,,,,,,,,,
Doug McDermott,Sacramento Kings,-1.8,-1.7,-3.6,0.37,0.68,1.05,21,11,12,27,13,14,53%,,,,,,,,,
Jericho Sims,Milwaukee Bucks,-3.0,-0.6,-3.6,0.87,0.81,1.68,10,32,12,13,37,14,84%,,,,,,,,,
Patrick Williams,Chicago Bulls,-3.3,-0.4,-3.6,0.68,0.31,0.99,7,36,11,9,42,14,50%,,,,,,,,,
DeAndre Jordan,New Orleans Pelicans,-3.6,-0.1,-3.7,0.62,1.02,1.64,4,41,11,6,48,14,82%,,,,,,,,,
Mo Bamba,Utah Jazz,-3.6,-0.1,-3.7,0.67,0.60,1.26,4,41,11,5,49,14,63%,,,,,,,,,
Nigel Hayes-Davis,Milwaukee Bucks,-3.4,-0.4,-3.8,0.64,0.54,1.18,6,36,10,8,42,13,59%,,,,,,,,,
Zeke Nnaji,Denver Nuggets,-3.9,0.0,-3.9,1.04,0.79,1.83,1,43,10,2,50,12,91%,,,,,,,,,
Adama Bal,Memphis Grizzlies,-2.8,-1.1,-3.9,0.54,0.39,0.93,11,22,9,15,26,11,46%,,,,,,,,,
Toby Okani,Memphis Grizzlies,-2.7,-1.2,-3.9,0.83,0.45,1.28,12,20,9,16,24,11,64%,,,,,,,,,
Malaki Branham,Charlotte Hornets,-2.7,-1.3,-4.0,0.91,0.76,1.66,12,20,9,16,23,11,83%,,,,,,,,,
Tyler Burton,Memphis Grizzlies,-2.7,-1.3,-4.0,0.51,0.41,0.91,12,20,9,16,23,10,46%,,,,,,,,,
Ben Saraf,Brooklyn Nets,-3.5,-0.5,-4.0,0.34,0.48,0.82,5,34,8,6,40,10,41%,,,,,,,,,
Isaiah Collier,Utah Jazz,-2.1,-1.9,-4.0,0.98,0.51,1.48,18,8,8,24,10,10,74%,,,,,,,,,
Trey Jemison III,New York Knicks,-3.6,-0.5,-4.1,0.75,0.19,0.93,4,34,8,5,39,9,47%,,,,,,,,,
Taj Gibson,Memphis Grizzlies,-4.2,0.1,-4.1,0.83,0.62,1.45,-2,45,8,-2,52,9,72%,,,,,,,,,
Tre Mann,Charlotte Hornets,-3.2,-1.1,-4.3,0.96,0.29,1.25,8,23,6,10,27,7,63%,,,,,,,,,
Kyle Kuzma,Milwaukee Bucks,-2.7,-1.7,-4.4,0.69,0.41,1.11,12,13,5,16,15,7,55%,,,,,,,,,
Garrett Temple,Toronto Raptors,-4.4,0.0,-4.4,0.44,0.64,1.08,-4,43,5,-5,50,6,54%,,,,,,,,,
Rayan Rupert,Memphis Grizzlies,-3.9,-0.6,-4.6,0.82,0.55,1.37,1,31,4,1,37,5,68%,,,,,,,,,
James Wiseman,Indiana Pacers,-3.7,-0.8,-4.6,0.40,0.53,0.93,3,27,4,3,32,4,46%,,,,,,,,,
Cody Williams,Utah Jazz,-3.4,-1.2,-4.6,0.86,0.35,1.21,6,21,3,7,25,4,60%,,,,,,,,,
Jordan Hawkins,New Orleans Pelicans,-2.7,-2.1,-4.8,0.30,0.18,0.49,12,6,2,16,7,2,24%,,,,,,,,,
Drake Powell,Brooklyn Nets,-3.8,-1.0,-4.8,1.31,0.42,1.73,2,25,2,2,29,2,86%,,,,,,,,,
Nick Richards,Chicago Bulls,-3.2,-1.8,-5.0,0.37,1.27,1.64,8,10,0,11,11,0,82%,,,,,,,,,
Jeff Green,Houston Rockets,-3.2,-1.9,-5.1,1.06,0.31,1.37,8,8,-1,10,9,-1,68%,,,,,,,,,
Nick Smith Jr.,Los Angeles Lakers,-3.3,-1.9,-5.2,1.70,0.45,2.15,7,9,-1,9,10,-2,107%,,,,,,,,,
Bub Carrington,Washington Wizards,-3.3,-2.3,-5.6,1.93,0.70,2.63,7,2,-4,9,2,-5,131%,,,,,,,,,
Bismack Biyombo,San Antonio Spurs,-5.2,-0.9,-6.0,0.86,0.61,1.48,-11,27,-8,-15,32,-10,74%,,,,,,,,,